id,qty,label
1,1,row1
2,2,row2
3,3,row3
4,4,row4
5,5,row5
6,6,row6
7,7,row7
8,8,row8
9,9,row9
10,10,row10
11,11,row11
12,12,row12
13,13,row13
14,14,row14
15,15,row15
16,16,row16
17,17,row17
18,18,row18
19,19,row19
20,20,row20
21,21,row21
22,22,row22
23,23,row23
24,24,row24
25,25,row25
26,26,row26
27,27,row27
28,28,row28
29,29,row29
30,30,row30
31,31,row31
32,32,row32
33,33,row33
34,34,row34
35,35,row35
36,36,row36
37,37,row37
38,38,row38
39,39,row39
40,40,row40
41,41,row41
42,42,row42
43,43,row43
44,44,row44
45,45,row45
46,46,row46
47,47,row47
48,48,row48
49,49,row49
50,50,row50
51,51,row51
52,52,row52
53,53,row53
54,54,row54
55,55,row55
56,56,row56
57,57,row57
58,58,row58
59,59,row59
60,60,row60
61,61,row61
62,62,row62
63,63,row63
64,64,row64
65,65,row65
66,66,row66
67,67,row67
68,68,row68
69,69,row69
70,70,row70
71,71,row71
72,72,row72
73,73,row73
74,74,row74
75,75,row75
76,76,row76
77,77,row77
78,78,row78
79,79,row79
80,80,row80
81,81,row81
82,82,row82
83,83,row83
84,84,row84
85,85,row85
86,86,row86
87,87,row87
88,88,row88
89,89,row89
90,90,row90
91,91,row91
92,92,row92
93,93,row93
94,94,row94
95,95,row95
96,96,row96
97,97,row97
98,98,row98
99,99,row99
100,100,row100
101,101,row101
102,102,row102
103,103,row103
104,104,row104
105,105,row105
106,106,row106
107,107,row107
108,108,row108
109,109,row109
110,110,row110
111,111,row111
112,112,row112
113,113,row113
114,114,row114
115,115,row115
116,116,row116
117,117,row117
118,118,row118
119,119,row119
120,120,row120
121,121,row121
122,122,row122
123,123,row123
124,124,row124
125,125,row125
126,126,row126
127,127,row127
128,128,row128
129,129,row129
130,130,row130
131,131,row131
132,132,row132
133,133,row133
134,134,row134
135,135,row135
136,136,row136
137,137,row137
138,138,row138
139,139,row139
140,140,row140
141,141,row141
142,142,row142
143,143,row143
144,144,row144
145,145,row145
146,146,row146
147,147,row147
148,148,row148
149,149,row149
150,150,row150
151,151,row151
152,152,row152
153,153,row153
154,154,row154
155,155,row155
156,156,row156
157,157,row157
158,158,row158
159,159,row159
160,160,row160
161,161,row161
162,162,row162
163,163,row163
164,164,row164
165,165,row165
166,166,row166
167,167,row167
168,168,row168
169,169,row169
170,170,row170
171,171,row171
172,172,row172
173,173,row173
174,174,row174
175,175,row175
176,176,row176
177,177,row177
178,178,row178
179,179,row179
180,180,row180
181,181,row181
182,182,row182
183,183,row183
184,184,row184
185,185,row185
186,186,row186
187,187,row187
188,188,row188
189,189,row189
190,190,row190
191,191,row191
192,192,row192
193,193,row193
194,194,row194
195,195,row195
196,196,row196
197,197,row197
198,198,row198
199,199,row199
200,200,row200
201,201,row201
202,202,row202
203,203,row203
204,204,row204
205,205,row205
206,206,row206
207,207,row207
208,208,row208
209,209,row209
210,210,row210
211,211,row211
212,212,row212
213,213,row213
214,214,row214
215,215,row215
216,216,row216
217,217,row217
218,218,row218
219,219,row219
220,220,row220
221,221,row221
222,222,row222
223,223,row223
224,224,row224
225,225,row225
226,226,row226
227,227,row227
228,228,row228
229,229,row229
230,230,row230
231,231,row231
232,232,row232
233,233,row233
234,234,row234
235,235,row235
236,236,row236
237,237,row237
238,238,row238
239,239,row239
240,240,row240
241,241,row241
242,242,row242
243,243,row243
244,244,row244
245,245,row245
246,246,row246
247,247,row247
248,248,row248
249,249,row249
250,250,row250
251,251,row251
252,252,row252
253,253,row253
254,254,row254
255,255,row255
256,256,row256
257,257,row257
258,258,row258
259,259,row259
260,260,row260
261,261,row261
262,262,row262
263,263,row263
264,264,row264
265,265,row265
266,266,row266
267,267,row267
268,268,row268
269,269,row269
270,270,row270
271,271,row271
272,272,row272
273,273,row273
274,274,row274
275,275,row275
276,276,row276
277,277,row277
278,278,row278
279,279,row279
280,280,row280
281,281,row281
282,282,row282
283,283,row283
284,284,row284
285,285,row285
286,286,row286
287,287,row287
288,288,row288
289,289,row289
290,290,row290
291,291,row291
292,292,row292
293,293,row293
294,294,row294
295,295,row295
296,296,row296
297,297,row297
298,298,row298
299,299,row299
300,300,row300
301,301,row301
302,302,row302
303,303,row303
304,304,row304
305,305,row305
306,306,row306
307,307,row307
308,308,row308
309,309,row309
310,310,row310
311,311,row311
312,312,row312
313,313,row313
314,314,row314
315,315,row315
316,316,row316
317,317,row317
318,318,row318
319,319,row319
320,320,row320
321,321,row321
322,322,row322
323,323,row323
324,324,row324
325,325,row325
326,326,row326
327,327,row327
328,328,row328
329,329,row329
330,330,row330
331,331,row331
332,332,row332
333,333,row333
334,334,row334
335,335,row335
336,336,row336
337,337,row337
338,338,row338
339,339,row339
340,340,row340
341,341,row341
342,342,row342
343,343,row343
344,344,row344
345,345,row345
346,346,row346
347,347,row347
348,348,row348
349,349,row349
350,350,row350
351,351,row351
352,352,row352
353,353,row353
354,354,row354
355,355,row355
356,356,row356
357,357,row357
358,358,row358
359,359,row359
360,360,row360
361,361,row361
362,362,row362
363,363,row363
364,364,row364
365,365,row365
366,366,row366
367,367,row367
368,368,row368
369,369,row369
370,370,row370
371,371,row371
372,372,row372
373,373,row373
374,374,row374
375,375,row375
376,376,row376
377,377,row377
378,378,row378
379,379,row379
380,380,row380
381,381,row381
382,382,row382
383,383,row383
384,384,row384
385,385,row385
386,386,row386
387,387,row387
388,388,row388
389,389,row389
390,390,row390
391,391,row391
392,392,row392
393,393,row393
394,394,row394
395,395,row395
396,396,row396
397,397,row397
398,398,row398
399,399,row399
400,400,row400
401,401,row401
402,402,row402
403,403,row403
404,404,row404
405,405,row405
406,406,row406
407,407,row407
408,408,row408
409,409,row409
410,410,row410
411,411,row411
412,412,row412
413,413,row413
414,414,row414
415,415,row415
416,416,row416
417,417,row417
418,418,row418
419,419,row419
420,420,row420
421,421,row421
422,422,row422
423,423,row423
424,424,row424
425,425,row425
426,426,row426
427,427,row427
428,428,row428
429,429,row429
430,430,row430
431,431,row431
432,432,row432
433,433,row433
434,434,row434
435,435,row435
436,436,row436
437,437,row437
438,438,row438
439,439,row439
440,440,row440
441,441,row441
442,442,row442
443,443,row443
444,444,row444
445,445,row445
446,446,row446
447,447,row447
448,448,row448
449,449,row449
450,450,row450
451,451,row451
452,452,row452
453,453,row453
454,454,row454
455,455,row455
456,456,row456
457,457,row457
458,458,row458
459,459,row459
460,460,row460
461,461,row461
462,462,row462
463,463,row463
464,464,row464
465,465,row465
466,466,row466
467,467,row467
468,468,row468
469,469,row469
470,470,row470
471,471,row471
472,472,row472
473,473,row473
474,474,row474
475,475,row475
476,476,row476
477,477,row477
478,478,row478
479,479,row479
480,480,row480
481,481,row481
482,482,row482
483,483,row483
484,484,row484
485,485,row485
486,486,row486
487,487,row487
488,488,row488
489,489,row489
490,490,row490
491,491,row491
492,492,row492
493,493,row493
494,494,row494
495,495,row495
496,496,row496
497,497,row497
498,498,row498
499,499,row499
500,500,row500
501,501,row501
502,502,row502
503,503,row503
504,504,row504
505,505,row505
506,506,row506
507,507,row507
508,508,row508
509,509,row509
510,510,row510
511,511,row511
512,512,row512
513,513,row513
514,514,row514
515,515,row515
516,516,row516
517,517,row517
518,518,row518
519,519,row519
520,520,row520
521,521,row521
522,522,row522
523,523,row523
524,524,row524
525,525,row525
526,526,row526
527,527,row527
528,528,row528
529,529,row529
530,530,row530
531,531,row531
532,532,row532
533,533,row533
534,534,row534
535,535,row535
536,536,row536
537,537,row537
538,538,row538
539,539,row539
540,540,row540
541,541,row541
542,542,row542
543,543,row543
544,544,row544
545,545,row545
546,546,row546
547,547,row547
548,548,row548
549,549,row549
550,550,row550
551,551,row551
552,552,row552
553,553,row553
554,554,row554
555,555,row555
556,556,row556
557,557,row557
558,558,row558
559,559,row559
560,560,row560
561,561,row561
562,562,row562
563,563,row563
564,564,row564
565,565,row565
566,566,row566
567,567,row567
568,568,row568
569,569,row569
570,570,row570
571,571,row571
572,572,row572
573,573,row573
574,574,row574
575,575,row575
576,576,row576
577,577,row577
578,578,row578
579,579,row579
580,580,row580
581,581,row581
582,582,row582
583,583,row583
584,584,row584
585,585,row585
586,586,row586
587,587,row587
588,588,row588
589,589,row589
590,590,row590
591,591,row591
592,592,row592
593,593,row593
594,594,row594
595,595,row595
596,596,row596
597,597,row597
598,598,row598
599,599,row599
600,600,row600
601,601,row601
602,602,row602
603,603,row603
604,604,row604
605,605,row605
606,606,row606
607,607,row607
608,608,row608
609,609,row609
610,610,row610
611,611,row611
612,612,row612
613,613,row613
614,614,row614
615,615,row615
616,616,row616
617,617,row617
618,618,row618
619,619,row619
620,620,row620
621,621,row621
622,622,row622
623,623,row623
624,624,row624
625,625,row625
626,626,row626
627,627,row627
628,628,row628
629,629,row629
630,630,row630
631,631,row631
632,632,row632
633,633,row633
634,634,row634
635,635,row635
636,636,row636
637,637,row637
638,638,row638
639,639,row639
640,640,row640
641,641,row641
642,642,row642
643,643,row643
644,644,row644
645,645,row645
646,646,row646
647,647,row647
648,648,row648
649,649,row649
650,650,row650
651,651,row651
652,652,row652
653,653,row653
654,654,row654
655,655,row655
656,656,row656
657,657,row657
658,658,row658
659,659,row659
660,660,row660
661,661,row661
662,662,row662
663,663,row663
664,664,row664
665,665,row665
666,666,row666
667,667,row667
668,668,row668
669,669,row669
670,670,row670
671,671,row671
672,672,row672
673,673,row673
674,674,row674
675,675,row675
676,676,row676
677,677,row677
678,678,row678
679,679,row679
680,680,row680
681,681,row681
682,682,row682
683,683,row683
684,684,row684
685,685,row685
686,686,row686
687,687,row687
688,688,row688
689,689,row689
690,690,row690
691,691,row691
692,692,row692
693,693,row693
694,694,row694
695,695,row695
696,696,row696
697,697,row697
698,698,row698
699,699,row699
700,700,row700
701,701,row701
702,702,row702
703,703,row703
704,704,row704
705,705,row705
706,706,row706
707,707,row707
708,708,row708
709,709,row709
710,710,row710
711,711,row711
712,712,row712
713,713,row713
714,714,row714
715,715,row715
716,716,row716
717,717,row717
718,718,row718
719,719,row719
720,720,row720
721,721,row721
722,722,row722
723,723,row723
724,724,row724
725,725,row725
726,726,row726
727,727,row727
728,728,row728
729,729,row729
730,730,row730
731,731,row731
732,732,row732
733,733,row733
734,734,row734
735,735,row735
736,736,row736
737,737,row737
738,738,row738
739,739,row739
740,740,row740
741,741,row741
742,742,row742
743,743,row743
744,744,row744
745,745,row745
746,746,row746
747,747,row747
748,748,row748
749,749,row749
750,750,row750
751,751,row751
752,752,row752
753,753,row753
754,754,row754
755,755,row755
756,756,row756
757,757,row757
758,758,row758
759,759,row759
760,760,row760
761,761,row761
762,762,row762
763,763,row763
764,764,row764
765,765,row765
766,766,row766
767,767,row767
768,768,row768
769,769,row769
770,770,row770
771,771,row771
772,772,row772
773,773,row773
774,774,row774
775,775,row775
776,776,row776
777,777,row777
778,778,row778
779,779,row779
780,780,row780
781,781,row781
782,782,row782
783,783,row783
784,784,row784
785,785,row785
786,786,row786
787,787,row787
788,788,row788
789,789,row789
790,790,row790
791,791,row791
792,792,row792
793,793,row793
794,794,row794
795,795,row795
796,796,row796
797,797,row797
798,798,row798
799,799,row799
800,800,row800
801,801,row801
802,802,row802
803,803,row803
804,804,row804
805,805,row805
806,806,row806
807,807,row807
808,808,row808
809,809,row809
810,810,row810
811,811,row811
812,812,row812
813,813,row813
814,814,row814
815,815,row815
816,816,row816
817,817,row817
818,818,row818
819,819,row819
820,820,row820
821,821,row821
822,822,row822
823,823,row823
824,824,row824
825,825,row825
826,826,row826
827,827,row827
828,828,row828
829,829,row829
830,830,row830
831,831,row831
832,832,row832
833,833,row833
834,834,row834
835,835,row835
836,836,row836
837,837,row837
838,838,row838
839,839,row839
840,840,row840
841,841,row841
842,842,row842
843,843,row843
844,844,row844
845,845,row845
846,846,row846
847,847,row847
848,848,row848
849,849,row849
850,850,row850
851,851,row851
852,852,row852
853,853,row853
854,854,row854
855,855,row855
856,856,row856
857,857,row857
858,858,row858
859,859,row859
860,860,row860
861,861,row861
862,862,row862
863,863,row863
864,864,row864
865,865,row865
866,866,row866
867,867,row867
868,868,row868
869,869,row869
870,870,row870
871,871,row871
872,872,row872
873,873,row873
874,874,row874
875,875,row875
876,876,row876
877,877,row877
878,878,row878
879,879,row879
880,880,row880
881,881,row881
882,882,row882
883,883,row883
884,884,row884
885,885,row885
886,886,row886
887,887,row887
888,888,row888
889,889,row889
890,890,row890
891,891,row891
892,892,row892
893,893,row893
894,894,row894
895,895,row895
896,896,row896
897,897,row897
898,898,row898
899,899,row899
900,900,row900
901,901,row901
902,902,row902
903,903,row903
904,904,row904
905,905,row905
906,906,row906
907,907,row907
908,908,row908
909,909,row909
910,910,row910
911,911,row911
912,912,row912
913,913,row913
914,914,row914
915,915,row915
916,916,row916
917,917,row917
918,918,row918
919,919,row919
920,920,row920
921,921,row921
922,922,row922
923,923,row923
924,924,row924
925,925,row925
926,926,row926
927,927,row927
928,928,row928
929,929,row929
930,930,row930
931,931,row931
932,932,row932
933,933,row933
934,934,row934
935,935,row935
936,936,row936
937,937,row937
938,938,row938
939,939,row939
940,940,row940
941,941,row941
942,942,row942
943,943,row943
944,944,row944
945,945,row945
946,946,row946
947,947,row947
948,948,row948
949,949,row949
950,950,row950
951,951,row951
952,952,row952
953,953,row953
954,954,row954
955,955,row955
956,956,row956
957,957,row957
958,958,row958
959,959,row959
960,960,row960
961,961,row961
962,962,row962
963,963,row963
964,964,row964
965,965,row965
966,966,row966
967,967,row967
968,968,row968
969,969,row969
970,970,row970
971,971,row971
972,972,row972
973,973,row973
974,974,row974
975,975,row975
976,976,row976
977,977,row977
978,978,row978
979,979,row979
980,980,row980
981,981,row981
982,982,row982
983,983,row983
984,984,row984
985,985,row985
986,986,row986
987,987,row987
988,988,row988
989,989,row989
990,990,row990
991,991,row991
992,992,row992
993,993,row993
994,994,row994
995,995,row995
996,996,row996
997,997,row997
998,998,row998
999,999,row999
1000,1000,row1000
1001,1001,row1001
1002,1002,row1002
1003,1003,row1003
1004,1004,row1004
1005,1005,row1005
1006,1006,row1006
1007,1007,row1007
1008,1008,row1008
1009,1009,row1009
1010,1010,row1010
1011,1011,row1011
1012,1012,row1012
1013,1013,row1013
1014,1014,row1014
1015,1015,row1015
1016,1016,row1016
1017,1017,row1017
1018,1018,row1018
1019,1019,row1019
1020,1020,row1020
1021,1021,row1021
1022,1022,row1022
1023,1023,row1023
1024,1024,row1024
1025,1025,row1025
1026,1026,row1026
1027,1027,row1027
1028,1028,row1028
1029,1029,row1029
1030,1030,row1030
1031,1031,row1031
1032,1032,row1032
1033,1033,row1033
1034,1034,row1034
1035,1035,row1035
1036,1036,row1036
1037,1037,row1037
1038,1038,row1038
1039,1039,row1039
1040,1040,row1040
1041,1041,row1041
1042,1042,row1042
1043,1043,row1043
1044,1044,row1044
1045,1045,row1045
1046,1046,row1046
1047,1047,row1047
1048,1048,row1048
1049,1049,row1049
1050,1050,row1050
1051,1051,row1051
1052,1052,row1052
1053,1053,row1053
1054,1054,row1054
1055,1055,row1055
1056,1056,row1056
1057,1057,row1057
1058,1058,row1058
1059,1059,row1059
1060,1060,row1060
1061,1061,row1061
1062,1062,row1062
1063,1063,row1063
1064,1064,row1064
1065,1065,row1065
1066,1066,row1066
1067,1067,row1067
1068,1068,row1068
1069,1069,row1069
1070,1070,row1070
1071,1071,row1071
1072,1072,row1072
1073,1073,row1073
1074,1074,row1074
1075,1075,row1075
1076,1076,row1076
1077,1077,row1077
1078,1078,row1078
1079,1079,row1079
1080,1080,row1080
1081,1081,row1081
1082,1082,row1082
1083,1083,row1083
1084,1084,row1084
1085,1085,row1085
1086,1086,row1086
1087,1087,row1087
1088,1088,row1088
1089,1089,row1089
1090,1090,row1090
1091,1091,row1091
1092,1092,row1092
1093,1093,row1093
1094,1094,row1094
1095,1095,row1095
1096,1096,row1096
1097,1097,row1097
1098,1098,row1098
1099,1099,row1099
1100,1100,row1100
1101,1101,row1101
1102,1102,row1102
1103,1103,row1103
1104,1104,row1104
1105,1105,row1105
1106,1106,row1106
1107,1107,row1107
1108,1108,row1108
1109,1109,row1109
1110,1110,row1110
1111,1111,row1111
1112,1112,row1112
1113,1113,row1113
1114,1114,row1114
1115,1115,row1115
1116,1116,row1116
1117,1117,row1117
1118,1118,row1118
1119,1119,row1119
1120,1120,row1120
1121,1121,row1121
1122,1122,row1122
1123,1123,row1123
1124,1124,row1124
1125,1125,row1125
1126,1126,row1126
1127,1127,row1127
1128,1128,row1128
1129,1129,row1129
1130,1130,row1130
1131,1131,row1131
1132,1132,row1132
1133,1133,row1133
1134,1134,row1134
1135,1135,row1135
1136,1136,row1136
1137,1137,row1137
1138,1138,row1138
1139,1139,row1139
1140,1140,row1140
1141,1141,row1141
1142,1142,row1142
1143,1143,row1143
1144,1144,row1144
1145,1145,row1145
1146,1146,row1146
1147,1147,row1147
1148,1148,row1148
1149,1149,row1149
1150,1150,row1150
1151,1151,row1151
1152,1152,row1152
1153,1153,row1153
1154,1154,row1154
1155,1155,row1155
1156,1156,row1156
1157,1157,row1157
1158,1158,row1158
1159,1159,row1159
1160,1160,row1160
1161,1161,row1161
1162,1162,row1162
1163,1163,row1163
1164,1164,row1164
1165,1165,row1165
1166,1166,row1166
1167,1167,row1167
1168,1168,row1168
1169,1169,row1169
1170,1170,row1170
1171,1171,row1171
1172,1172,row1172
1173,1173,row1173
1174,1174,row1174
1175,1175,row1175
1176,1176,row1176
1177,1177,row1177
1178,1178,row1178
1179,1179,row1179
1180,1180,row1180
1181,1181,row1181
1182,1182,row1182
1183,1183,row1183
1184,1184,row1184
1185,1185,row1185
1186,1186,row1186
1187,1187,row1187
1188,1188,row1188
1189,1189,row1189
1190,1190,row1190
1191,1191,row1191
1192,1192,row1192
1193,1193,row1193
1194,1194,row1194
1195,1195,row1195
1196,1196,row1196
1197,1197,row1197
1198,1198,row1198
1199,1199,row1199
1200,1200,row1200
1201,1201,row1201
1202,1202,row1202
1203,1203,row1203
1204,1204,row1204
1205,1205,row1205
1206,1206,row1206
1207,1207,row1207
1208,1208,row1208
1209,1209,row1209
1210,1210,row1210
1211,1211,row1211
1212,1212,row1212
1213,1213,row1213
1214,1214,row1214
1215,1215,row1215
1216,1216,row1216
1217,1217,row1217
1218,1218,row1218
1219,1219,row1219
1220,1220,row1220
1221,1221,row1221
1222,1222,row1222
1223,1223,row1223
1224,1224,row1224
1225,1225,row1225
1226,1226,row1226
1227,1227,row1227
1228,1228,row1228
1229,1229,row1229
1230,1230,row1230
1231,1231,row1231
1232,1232,row1232
1233,1233,row1233
1234,1234,row1234
1235,1235,row1235
1236,1236,row1236
1237,1237,row1237
1238,1238,row1238
1239,1239,row1239
1240,1240,row1240
1241,1241,row1241
1242,1242,row1242
1243,1243,row1243
1244,1244,row1244
1245,1245,row1245
1246,1246,row1246
1247,1247,row1247
1248,1248,row1248
1249,1249,row1249
1250,1250,row1250
1251,1251,row1251
1252,1252,row1252
1253,1253,row1253
1254,1254,row1254
1255,1255,row1255
1256,1256,row1256
1257,1257,row1257
1258,1258,row1258
1259,1259,row1259
1260,1260,row1260
1261,1261,row1261
1262,1262,row1262
1263,1263,row1263
1264,1264,row1264
1265,1265,row1265
1266,1266,row1266
1267,1267,row1267
1268,1268,row1268
1269,1269,row1269
1270,1270,row1270
1271,1271,row1271
1272,1272,row1272
1273,1273,row1273
1274,1274,row1274
1275,1275,row1275
1276,1276,row1276
1277,1277,row1277
1278,1278,row1278
1279,1279,row1279
1280,1280,row1280
1281,1281,row1281
1282,1282,row1282
1283,1283,row1283
1284,1284,row1284
1285,1285,row1285
1286,1286,row1286
1287,1287,row1287
1288,1288,row1288
1289,1289,row1289
1290,1290,row1290
1291,1291,row1291
1292,1292,row1292
1293,1293,row1293
1294,1294,row1294
1295,1295,row1295
1296,1296,row1296
1297,1297,row1297
1298,1298,row1298
1299,1299,row1299
1300,1300,row1300
1301,1301,row1301
1302,1302,row1302
1303,1303,row1303
1304,1304,row1304
1305,1305,row1305
1306,1306,row1306
1307,1307,row1307
1308,1308,row1308
1309,1309,row1309
1310,1310,row1310
1311,1311,row1311
1312,1312,row1312
1313,1313,row1313
1314,1314,row1314
1315,1315,row1315
1316,1316,row1316
1317,1317,row1317
1318,1318,row1318
1319,1319,row1319
1320,1320,row1320
1321,1321,row1321
1322,1322,row1322
1323,1323,row1323
1324,1324,row1324
1325,1325,row1325
1326,1326,row1326
1327,1327,row1327
1328,1328,row1328
1329,1329,row1329
1330,1330,row1330
1331,1331,row1331
1332,1332,row1332
1333,1333,row1333
1334,1334,row1334
1335,1335,row1335
1336,1336,row1336
1337,1337,row1337
1338,1338,row1338
1339,1339,row1339
1340,1340,row1340
1341,1341,row1341
1342,1342,row1342
1343,1343,row1343
1344,1344,row1344
1345,1345,row1345
1346,1346,row1346
1347,1347,row1347
1348,1348,row1348
1349,1349,row1349
1350,1350,row1350
1351,1351,row1351
1352,1352,row1352
1353,1353,row1353
1354,1354,row1354
1355,1355,row1355
1356,1356,row1356
1357,1357,row1357
1358,1358,row1358
1359,1359,row1359
1360,1360,row1360
1361,1361,row1361
1362,1362,row1362
1363,1363,row1363
1364,1364,row1364
1365,1365,row1365
1366,1366,row1366
1367,1367,row1367
1368,1368,row1368
1369,1369,row1369
1370,1370,row1370
1371,1371,row1371
1372,1372,row1372
1373,1373,row1373
1374,1374,row1374
1375,1375,row1375
1376,1376,row1376
1377,1377,row1377
1378,1378,row1378
1379,1379,row1379
1380,1380,row1380
1381,1381,row1381
1382,1382,row1382
1383,1383,row1383
1384,1384,row1384
1385,1385,row1385
1386,1386,row1386
1387,1387,row1387
1388,1388,row1388
1389,1389,row1389
1390,1390,row1390
1391,1391,row1391
1392,1392,row1392
1393,1393,row1393
1394,1394,row1394
1395,1395,row1395
1396,1396,row1396
1397,1397,row1397
1398,1398,row1398
1399,1399,row1399
1400,1400,row1400
1401,1401,row1401
1402,1402,row1402
1403,1403,row1403
1404,1404,row1404
1405,1405,row1405
1406,1406,row1406
1407,1407,row1407
1408,1408,row1408
1409,1409,row1409
1410,1410,row1410
1411,1411,row1411
1412,1412,row1412
1413,1413,row1413
1414,1414,row1414
1415,1415,row1415
1416,1416,row1416
1417,1417,row1417
1418,1418,row1418
1419,1419,row1419
1420,1420,row1420
1421,1421,row1421
1422,1422,row1422
1423,1423,row1423
1424,1424,row1424
1425,1425,row1425
1426,1426,row1426
1427,1427,row1427
1428,1428,row1428
1429,1429,row1429
1430,1430,row1430
1431,1431,row1431
1432,1432,row1432
1433,1433,row1433
1434,1434,row1434
1435,1435,row1435
1436,1436,row1436
1437,1437,row1437
1438,1438,row1438
1439,1439,row1439
1440,1440,row1440
1441,1441,row1441
1442,1442,row1442
1443,1443,row1443
1444,1444,row1444
1445,1445,row1445
1446,1446,row1446
1447,1447,row1447
1448,1448,row1448
1449,1449,row1449
1450,1450,row1450
1451,1451,row1451
1452,1452,row1452
1453,1453,row1453
1454,1454,row1454
1455,1455,row1455
1456,1456,row1456
1457,1457,row1457
1458,1458,row1458
1459,1459,row1459
1460,1460,row1460
1461,1461,row1461
1462,1462,row1462
1463,1463,row1463
1464,1464,row1464
1465,1465,row1465
1466,1466,row1466
1467,1467,row1467
1468,1468,row1468
1469,1469,row1469
1470,1470,row1470
1471,1471,row1471
1472,1472,row1472
1473,1473,row1473
1474,1474,row1474
1475,1475,row1475
1476,1476,row1476
1477,1477,row1477
1478,1478,row1478
1479,1479,row1479
1480,1480,row1480
1481,1481,row1481
1482,1482,row1482
1483,1483,row1483
1484,1484,row1484
1485,1485,row1485
1486,1486,row1486
1487,1487,row1487
1488,1488,row1488
1489,1489,row1489
1490,1490,row1490
1491,1491,row1491
1492,1492,row1492
1493,1493,row1493
1494,1494,row1494
1495,1495,row1495
1496,1496,row1496
1497,1497,row1497
1498,1498,row1498
1499,1499,row1499
1500,1500,row1500
1501,1501,row1501
1502,1502,row1502
1503,1503,row1503
1504,1504,row1504
1505,1505,row1505
1506,1506,row1506
1507,1507,row1507
1508,1508,row1508
1509,1509,row1509
1510,1510,row1510
1511,1511,row1511
1512,1512,row1512
1513,1513,row1513
1514,1514,row1514
1515,1515,row1515
1516,1516,row1516
1517,1517,row1517
1518,1518,row1518
1519,1519,row1519
1520,1520,row1520
1521,1521,row1521
1522,1522,row1522
1523,1523,row1523
1524,1524,row1524
1525,1525,row1525
1526,1526,row1526
1527,1527,row1527
1528,1528,row1528
1529,1529,row1529
1530,1530,row1530
1531,1531,row1531
1532,1532,row1532
1533,1533,row1533
1534,1534,row1534
1535,1535,row1535
1536,1536,row1536
1537,1537,row1537
1538,1538,row1538
1539,1539,row1539
1540,1540,row1540
1541,1541,row1541
1542,1542,row1542
1543,1543,row1543
1544,1544,row1544
1545,1545,row1545
1546,1546,row1546
1547,1547,row1547
1548,1548,row1548
1549,1549,row1549
1550,1550,row1550
1551,1551,row1551
1552,1552,row1552
1553,1553,row1553
1554,1554,row1554
1555,1555,row1555
1556,1556,row1556
1557,1557,row1557
1558,1558,row1558
1559,1559,row1559
1560,1560,row1560
1561,1561,row1561
1562,1562,row1562
1563,1563,row1563
1564,1564,row1564
1565,1565,row1565
1566,1566,row1566
1567,1567,row1567
1568,1568,row1568
1569,1569,row1569
1570,1570,row1570
1571,1571,row1571
1572,1572,row1572
1573,1573,row1573
1574,1574,row1574
1575,1575,row1575
1576,1576,row1576
1577,1577,row1577
1578,1578,row1578
1579,1579,row1579
1580,1580,row1580
1581,1581,row1581
1582,1582,row1582
1583,1583,row1583
1584,1584,row1584
1585,1585,row1585
1586,1586,row1586
1587,1587,row1587
1588,1588,row1588
1589,1589,row1589
1590,1590,row1590
1591,1591,row1591
1592,1592,row1592
1593,1593,row1593
1594,1594,row1594
1595,1595,row1595
1596,1596,row1596
1597,1597,row1597
1598,1598,row1598
1599,1599,row1599
1600,1600,row1600
1601,1601,row1601
1602,1602,row1602
1603,1603,row1603
1604,1604,row1604
1605,1605,row1605
1606,1606,row1606
1607,1607,row1607
1608,1608,row1608
1609,1609,row1609
1610,1610,row1610
1611,1611,row1611
1612,1612,row1612
1613,1613,row1613
1614,1614,row1614
1615,1615,row1615
1616,1616,row1616
1617,1617,row1617
1618,1618,row1618
1619,1619,row1619
1620,1620,row1620
1621,1621,row1621
1622,1622,row1622
1623,1623,row1623
1624,1624,row1624
1625,1625,row1625
1626,1626,row1626
1627,1627,row1627
1628,1628,row1628
1629,1629,row1629
1630,1630,row1630
1631,1631,row1631
1632,1632,row1632
1633,1633,row1633
1634,1634,row1634
1635,1635,row1635
1636,1636,row1636
1637,1637,row1637
1638,1638,row1638
1639,1639,row1639
1640,1640,row1640
1641,1641,row1641
1642,1642,row1642
1643,1643,row1643
1644,1644,row1644
1645,1645,row1645
1646,1646,row1646
1647,1647,row1647
1648,1648,row1648
1649,1649,row1649
1650,1650,row1650
1651,1651,row1651
1652,1652,row1652
1653,1653,row1653
1654,1654,row1654
1655,1655,row1655
1656,1656,row1656
1657,1657,row1657
1658,1658,row1658
1659,1659,row1659
1660,1660,row1660
1661,1661,row1661
1662,1662,row1662
1663,1663,row1663
1664,1664,row1664
1665,1665,row1665
1666,1666,row1666
1667,1667,row1667
1668,1668,row1668
1669,1669,row1669
1670,1670,row1670
1671,1671,row1671
1672,1672,row1672
1673,1673,row1673
1674,1674,row1674
1675,1675,row1675
1676,1676,row1676
1677,1677,row1677
1678,1678,row1678
1679,1679,row1679
1680,1680,row1680
1681,1681,row1681
1682,1682,row1682
1683,1683,row1683
1684,1684,row1684
1685,1685,row1685
1686,1686,row1686
1687,1687,row1687
1688,1688,row1688
1689,1689,row1689
1690,1690,row1690
1691,1691,row1691
1692,1692,row1692
1693,1693,row1693
1694,1694,row1694
1695,1695,row1695
1696,1696,row1696
1697,1697,row1697
1698,1698,row1698
1699,1699,row1699
1700,1700,row1700
1701,1701,row1701
1702,1702,row1702
1703,1703,row1703
1704,1704,row1704
1705,1705,row1705
1706,1706,row1706
1707,1707,row1707
1708,1708,row1708
1709,1709,row1709
1710,1710,row1710
1711,1711,row1711
1712,1712,row1712
1713,1713,row1713
1714,1714,row1714
1715,1715,row1715
1716,1716,row1716
1717,1717,row1717
1718,1718,row1718
1719,1719,row1719
1720,1720,row1720
1721,1721,row1721
1722,1722,row1722
1723,1723,row1723
1724,1724,row1724
1725,1725,row1725
1726,1726,row1726
1727,1727,row1727
1728,1728,row1728
1729,1729,row1729
1730,1730,row1730
1731,1731,row1731
1732,1732,row1732
1733,1733,row1733
1734,1734,row1734
1735,1735,row1735
1736,1736,row1736
1737,1737,row1737
1738,1738,row1738
1739,1739,row1739
1740,1740,row1740
1741,1741,row1741
1742,1742,row1742
1743,1743,row1743
1744,1744,row1744
1745,1745,row1745
1746,1746,row1746
1747,1747,row1747
1748,1748,row1748
1749,1749,row1749
1750,1750,row1750
1751,1751,row1751
1752,1752,row1752
1753,1753,row1753
1754,1754,row1754
1755,1755,row1755
1756,1756,row1756
1757,1757,row1757
1758,1758,row1758
1759,1759,row1759
1760,1760,row1760
1761,1761,row1761
1762,1762,row1762
1763,1763,row1763
1764,1764,row1764
1765,1765,row1765
1766,1766,row1766
1767,1767,row1767
1768,1768,row1768
1769,1769,row1769
1770,1770,row1770
1771,1771,row1771
1772,1772,row1772
1773,1773,row1773
1774,1774,row1774
1775,1775,row1775
1776,1776,row1776
1777,1777,row1777
1778,1778,row1778
1779,1779,row1779
1780,1780,row1780
1781,1781,row1781
1782,1782,row1782
1783,1783,row1783
1784,1784,row1784
1785,1785,row1785
1786,1786,row1786
1787,1787,row1787
1788,1788,row1788
1789,1789,row1789
1790,1790,row1790
1791,1791,row1791
1792,1792,row1792
1793,1793,row1793
1794,1794,row1794
1795,1795,row1795
1796,1796,row1796
1797,1797,row1797
1798,1798,row1798
1799,1799,row1799
1800,1800,row1800
1801,1801,row1801
1802,1802,row1802
1803,1803,row1803
1804,1804,row1804
1805,1805,row1805
1806,1806,row1806
1807,1807,row1807
1808,1808,row1808
1809,1809,row1809
1810,1810,row1810
1811,1811,row1811
1812,1812,row1812
1813,1813,row1813
1814,1814,row1814
1815,1815,row1815
1816,1816,row1816
1817,1817,row1817
1818,1818,row1818
1819,1819,row1819
1820,1820,row1820
1821,1821,row1821
1822,1822,row1822
1823,1823,row1823
1824,1824,row1824
1825,1825,row1825
1826,1826,row1826
1827,1827,row1827
1828,1828,row1828
1829,1829,row1829
1830,1830,row1830
1831,1831,row1831
1832,1832,row1832
1833,1833,row1833
1834,1834,row1834
1835,1835,row1835
1836,1836,row1836
1837,1837,row1837
1838,1838,row1838
1839,1839,row1839
1840,1840,row1840
1841,1841,row1841
1842,1842,row1842
1843,1843,row1843
1844,1844,row1844
1845,1845,row1845
1846,1846,row1846
1847,1847,row1847
1848,1848,row1848
1849,1849,row1849
1850,1850,row1850
1851,1851,row1851
1852,1852,row1852
1853,1853,row1853
1854,1854,row1854
1855,1855,row1855
1856,1856,row1856
1857,1857,row1857
1858,1858,row1858
1859,1859,row1859
1860,1860,row1860
1861,1861,row1861
1862,1862,row1862
1863,1863,row1863
1864,1864,row1864
1865,1865,row1865
1866,1866,row1866
1867,1867,row1867
1868,1868,row1868
1869,1869,row1869
1870,1870,row1870
1871,1871,row1871
1872,1872,row1872
1873,1873,row1873
1874,1874,row1874
1875,1875,row1875
1876,1876,row1876
1877,1877,row1877
1878,1878,row1878
1879,1879,row1879
1880,1880,row1880
1881,1881,row1881
1882,1882,row1882
1883,1883,row1883
1884,1884,row1884
1885,1885,row1885
1886,1886,row1886
1887,1887,row1887
1888,1888,row1888
1889,1889,row1889
1890,1890,row1890
1891,1891,row1891
1892,1892,row1892
1893,1893,row1893
1894,1894,row1894
1895,1895,row1895
1896,1896,row1896
1897,1897,row1897
1898,1898,row1898
1899,1899,row1899
1900,1900,row1900
1901,1901,row1901
1902,1902,row1902
1903,1903,row1903
1904,1904,row1904
1905,1905,row1905
1906,1906,row1906
1907,1907,row1907
1908,1908,row1908
1909,1909,row1909
1910,1910,row1910
1911,1911,row1911
1912,1912,row1912
1913,1913,row1913
1914,1914,row1914
1915,1915,row1915
1916,1916,row1916
1917,1917,row1917
1918,1918,row1918
1919,1919,row1919
1920,1920,row1920
1921,1921,row1921
1922,1922,row1922
1923,1923,row1923
1924,1924,row1924
1925,1925,row1925
1926,1926,row1926
1927,1927,row1927
1928,1928,row1928
1929,1929,row1929
1930,1930,row1930
1931,1931,row1931
1932,1932,row1932
1933,1933,row1933
1934,1934,row1934
1935,1935,row1935
1936,1936,row1936
1937,1937,row1937
1938,1938,row1938
1939,1939,row1939
1940,1940,row1940
1941,1941,row1941
1942,1942,row1942
1943,1943,row1943
1944,1944,row1944
1945,1945,row1945
1946,1946,row1946
1947,1947,row1947
1948,1948,row1948
1949,1949,row1949
1950,1950,row1950
1951,1951,row1951
1952,1952,row1952
1953,1953,row1953
1954,1954,row1954
1955,1955,row1955
1956,1956,row1956
1957,1957,row1957
1958,1958,row1958
1959,1959,row1959
1960,1960,row1960
1961,1961,row1961
1962,1962,row1962
1963,1963,row1963
1964,1964,row1964
1965,1965,row1965
1966,1966,row1966
1967,1967,row1967
1968,1968,row1968
1969,1969,row1969
1970,1970,row1970
1971,1971,row1971
1972,1972,row1972
1973,1973,row1973
1974,1974,row1974
1975,1975,row1975
1976,1976,row1976
1977,1977,row1977
1978,1978,row1978
1979,1979,row1979
1980,1980,row1980
1981,1981,row1981
1982,1982,row1982
1983,1983,row1983
1984,1984,row1984
1985,1985,row1985
1986,1986,row1986
1987,1987,row1987
1988,1988,row1988
1989,1989,row1989
1990,1990,row1990
1991,1991,row1991
1992,1992,row1992
1993,1993,row1993
1994,1994,row1994
1995,1995,row1995
1996,1996,row1996
1997,1997,row1997
1998,1998,row1998
1999,1999,row1999
2000,2000,row2000
2001,2001,row2001
2002,2002,row2002
2003,2003,row2003
2004,2004,row2004
2005,2005,row2005
2006,2006,row2006
2007,2007,row2007
2008,2008,row2008
2009,2009,row2009
2010,2010,row2010
2011,2011,row2011
2012,2012,row2012
2013,2013,row2013
2014,2014,row2014
2015,2015,row2015
2016,2016,row2016
2017,2017,row2017
2018,2018,row2018
2019,2019,row2019
2020,2020,row2020
2021,2021,row2021
2022,2022,row2022
2023,2023,row2023
2024,2024,row2024
2025,2025,row2025
2026,2026,row2026
2027,2027,row2027
2028,2028,row2028
2029,2029,row2029
2030,2030,row2030
2031,2031,row2031
2032,2032,row2032
2033,2033,row2033
2034,2034,row2034
2035,2035,row2035
2036,2036,row2036
2037,2037,row2037
2038,2038,row2038
2039,2039,row2039
2040,2040,row2040
2041,2041,row2041
2042,2042,row2042
2043,2043,row2043
2044,2044,row2044
2045,2045,row2045
2046,2046,row2046
2047,2047,row2047
2048,2048,row2048
2049,2049,row2049
2050,2050,row2050
2051,2051,row2051
2052,2052,row2052
2053,2053,row2053
2054,2054,row2054
2055,2055,row2055
2056,2056,row2056
2057,2057,row2057
2058,2058,row2058
2059,2059,row2059
2060,2060,row2060
2061,2061,row2061
2062,2062,row2062
2063,2063,row2063
2064,2064,row2064
2065,2065,row2065
2066,2066,row2066
2067,2067,row2067
2068,2068,row2068
2069,2069,row2069
2070,2070,row2070
2071,2071,row2071
2072,2072,row2072
2073,2073,row2073
2074,2074,row2074
2075,2075,row2075
2076,2076,row2076
2077,2077,row2077
2078,2078,row2078
2079,2079,row2079
2080,2080,row2080
2081,2081,row2081
2082,2082,row2082
2083,2083,row2083
2084,2084,row2084
2085,2085,row2085
2086,2086,row2086
2087,2087,row2087
2088,2088,row2088
2089,2089,row2089
2090,2090,row2090
2091,2091,row2091
2092,2092,row2092
2093,2093,row2093
2094,2094,row2094
2095,2095,row2095
2096,2096,row2096
2097,2097,row2097
2098,2098,row2098
2099,2099,row2099
2100,2100,row2100
2101,2101,row2101
2102,2102,row2102
2103,2103,row2103
2104,2104,row2104
2105,2105,row2105
2106,2106,row2106
2107,2107,row2107
2108,2108,row2108
2109,2109,row2109
2110,2110,row2110
2111,2111,row2111
2112,2112,row2112
2113,2113,row2113
2114,2114,row2114
2115,2115,row2115
2116,2116,row2116
2117,2117,row2117
2118,2118,row2118
2119,2119,row2119
2120,2120,row2120
2121,2121,row2121
2122,2122,row2122
2123,2123,row2123
2124,2124,row2124
2125,2125,row2125
2126,2126,row2126
2127,2127,row2127
2128,2128,row2128
2129,2129,row2129
2130,2130,row2130
2131,2131,row2131
2132,2132,row2132
2133,2133,row2133
2134,2134,row2134
2135,2135,row2135
2136,2136,row2136
2137,2137,row2137
2138,2138,row2138
2139,2139,row2139
2140,2140,row2140
2141,2141,row2141
2142,2142,row2142
2143,2143,row2143
2144,2144,row2144
2145,2145,row2145
2146,2146,row2146
2147,2147,row2147
2148,2148,row2148
2149,2149,row2149
2150,2150,row2150
2151,2151,row2151
2152,2152,row2152
2153,2153,row2153
2154,2154,row2154
2155,2155,row2155
2156,2156,row2156
2157,2157,row2157
2158,2158,row2158
2159,2159,row2159
2160,2160,row2160
2161,2161,row2161
2162,2162,row2162
2163,2163,row2163
2164,2164,row2164
2165,2165,row2165
2166,2166,row2166
2167,2167,row2167
2168,2168,row2168
2169,2169,row2169
2170,2170,row2170
2171,2171,row2171
2172,2172,row2172
2173,2173,row2173
2174,2174,row2174
2175,2175,row2175
2176,2176,row2176
2177,2177,row2177
2178,2178,row2178
2179,2179,row2179
2180,2180,row2180
2181,2181,row2181
2182,2182,row2182
2183,2183,row2183
2184,2184,row2184
2185,2185,row2185
2186,2186,row2186
2187,2187,row2187
2188,2188,row2188
2189,2189,row2189
2190,2190,row2190
2191,2191,row2191
2192,2192,row2192
2193,2193,row2193
2194,2194,row2194
2195,2195,row2195
2196,2196,row2196
2197,2197,row2197
2198,2198,row2198
2199,2199,row2199
2200,2200,row2200
2201,2201,row2201
2202,2202,row2202
2203,2203,row2203
2204,2204,row2204
2205,2205,row2205
2206,2206,row2206
2207,2207,row2207
2208,2208,row2208
2209,2209,row2209
2210,2210,row2210
2211,2211,row2211
2212,2212,row2212
2213,2213,row2213
2214,2214,row2214
2215,2215,row2215
2216,2216,row2216
2217,2217,row2217
2218,2218,row2218
2219,2219,row2219
2220,2220,row2220
2221,2221,row2221
2222,2222,row2222
2223,2223,row2223
2224,2224,row2224
2225,2225,row2225
2226,2226,row2226
2227,2227,row2227
2228,2228,row2228
2229,2229,row2229
2230,2230,row2230
2231,2231,row2231
2232,2232,row2232
2233,2233,row2233
2234,2234,row2234
2235,2235,row2235
2236,2236,row2236
2237,2237,row2237
2238,2238,row2238
2239,2239,row2239
2240,2240,row2240
2241,2241,row2241
2242,2242,row2242
2243,2243,row2243
2244,2244,row2244
2245,2245,row2245
2246,2246,row2246
2247,2247,row2247
2248,2248,row2248
2249,2249,row2249
2250,2250,row2250
2251,2251,row2251
2252,2252,row2252
2253,2253,row2253
2254,2254,row2254
2255,2255,row2255
2256,2256,row2256
2257,2257,row2257
2258,2258,row2258
2259,2259,row2259
2260,2260,row2260
2261,2261,row2261
2262,2262,row2262
2263,2263,row2263
2264,2264,row2264
2265,2265,row2265
2266,2266,row2266
2267,2267,row2267
2268,2268,row2268
2269,2269,row2269
2270,2270,row2270
2271,2271,row2271
2272,2272,row2272
2273,2273,row2273
2274,2274,row2274
2275,2275,row2275
2276,2276,row2276
2277,2277,row2277
2278,2278,row2278
2279,2279,row2279
2280,2280,row2280
2281,2281,row2281
2282,2282,row2282
2283,2283,row2283
2284,2284,row2284
2285,2285,row2285
2286,2286,row2286
2287,2287,row2287
2288,2288,row2288
2289,2289,row2289
2290,2290,row2290
2291,2291,row2291
2292,2292,row2292
2293,2293,row2293
2294,2294,row2294
2295,2295,row2295
2296,2296,row2296
2297,2297,row2297
2298,2298,row2298
2299,2299,row2299
2300,2300,row2300
2301,2301,row2301
2302,2302,row2302
2303,2303,row2303
2304,2304,row2304
2305,2305,row2305
2306,2306,row2306
2307,2307,row2307
2308,2308,row2308
2309,2309,row2309
2310,2310,row2310
2311,2311,row2311
2312,2312,row2312
2313,2313,row2313
2314,2314,row2314
2315,2315,row2315
2316,2316,row2316
2317,2317,row2317
2318,2318,row2318
2319,2319,row2319
2320,2320,row2320
2321,2321,row2321
2322,2322,row2322
2323,2323,row2323
2324,2324,row2324
2325,2325,row2325
2326,2326,row2326
2327,2327,row2327
2328,2328,row2328
2329,2329,row2329
2330,2330,row2330
2331,2331,row2331
2332,2332,row2332
2333,2333,row2333
2334,2334,row2334
2335,2335,row2335
2336,2336,row2336
2337,2337,row2337
2338,2338,row2338
2339,2339,row2339
2340,2340,row2340
2341,2341,row2341
2342,2342,row2342
2343,2343,row2343
2344,2344,row2344
2345,2345,row2345
2346,2346,row2346
2347,2347,row2347
2348,2348,row2348
2349,2349,row2349
2350,2350,row2350
2351,2351,row2351
2352,2352,row2352
2353,2353,row2353
2354,2354,row2354
2355,2355,row2355
2356,2356,row2356
2357,2357,row2357
2358,2358,row2358
2359,2359,row2359
2360,2360,row2360
2361,2361,row2361
2362,2362,row2362
2363,2363,row2363
2364,2364,row2364
2365,2365,row2365
2366,2366,row2366
2367,2367,row2367
2368,2368,row2368
2369,2369,row2369
2370,2370,row2370
2371,2371,row2371
2372,2372,row2372
2373,2373,row2373
2374,2374,row2374
2375,2375,row2375
2376,2376,row2376
2377,2377,row2377
2378,2378,row2378
2379,2379,row2379
2380,2380,row2380
2381,2381,row2381
2382,2382,row2382
2383,2383,row2383
2384,2384,row2384
2385,2385,row2385
2386,2386,row2386
2387,2387,row2387
2388,2388,row2388
2389,2389,row2389
2390,2390,row2390
2391,2391,row2391
2392,2392,row2392
2393,2393,row2393
2394,2394,row2394
2395,2395,row2395
2396,2396,row2396
2397,2397,row2397
2398,2398,row2398
2399,2399,row2399
2400,2400,row2400
2401,2401,row2401
2402,2402,row2402
2403,2403,row2403
2404,2404,row2404
2405,2405,row2405
2406,2406,row2406
2407,2407,row2407
2408,2408,row2408
2409,2409,row2409
2410,2410,row2410
2411,2411,row2411
2412,2412,row2412
2413,2413,row2413
2414,2414,row2414
2415,2415,row2415
2416,2416,row2416
2417,2417,row2417
2418,2418,row2418
2419,2419,row2419
2420,2420,row2420
2421,2421,row2421
2422,2422,row2422
2423,2423,row2423
2424,2424,row2424
2425,2425,row2425
2426,2426,row2426
2427,2427,row2427
2428,2428,row2428
2429,2429,row2429
2430,2430,row2430
2431,2431,row2431
2432,2432,row2432
2433,2433,row2433
2434,2434,row2434
2435,2435,row2435
2436,2436,row2436
2437,2437,row2437
2438,2438,row2438
2439,2439,row2439
2440,2440,row2440
2441,2441,row2441
2442,2442,row2442
2443,2443,row2443
2444,2444,row2444
2445,2445,row2445
2446,2446,row2446
2447,2447,row2447
2448,2448,row2448
2449,2449,row2449
2450,2450,row2450
2451,2451,row2451
2452,2452,row2452
2453,2453,row2453
2454,2454,row2454
2455,2455,row2455
2456,2456,row2456
2457,2457,row2457
2458,2458,row2458
2459,2459,row2459
2460,2460,row2460
2461,2461,row2461
2462,2462,row2462
2463,2463,row2463
2464,2464,row2464
2465,2465,row2465
2466,2466,row2466
2467,2467,row2467
2468,2468,row2468
2469,2469,row2469
2470,2470,row2470
2471,2471,row2471
2472,2472,row2472
2473,2473,row2473
2474,2474,row2474
2475,2475,row2475
2476,2476,row2476
2477,2477,row2477
2478,2478,row2478
2479,2479,row2479
2480,2480,row2480
2481,2481,row2481
2482,2482,row2482
2483,2483,row2483
2484,2484,row2484
2485,2485,row2485
2486,2486,row2486
2487,2487,row2487
2488,2488,row2488
2489,2489,row2489
2490,2490,row2490
2491,2491,row2491
2492,2492,row2492
2493,2493,row2493
2494,2494,row2494
2495,2495,row2495
2496,2496,row2496
2497,2497,row2497
2498,2498,row2498
2499,2499,row2499
2500,2500,row2500
2501,2501,row2501
2502,2502,row2502
2503,2503,row2503
2504,2504,row2504
2505,2505,row2505
2506,2506,row2506
2507,2507,row2507
2508,2508,row2508
2509,2509,row2509
2510,2510,row2510
2511,2511,row2511
2512,2512,row2512
2513,2513,row2513
2514,2514,row2514
2515,2515,row2515
2516,2516,row2516
2517,2517,row2517
2518,2518,row2518
2519,2519,row2519
2520,2520,row2520
2521,2521,row2521
2522,2522,row2522
2523,2523,row2523
2524,2524,row2524
2525,2525,row2525
2526,2526,row2526
2527,2527,row2527
2528,2528,row2528
2529,2529,row2529
2530,2530,row2530
2531,2531,row2531
2532,2532,row2532
2533,2533,row2533
2534,2534,row2534
2535,2535,row2535
2536,2536,row2536
2537,2537,row2537
2538,2538,row2538
2539,2539,row2539
2540,2540,row2540
2541,2541,row2541
2542,2542,row2542
2543,2543,row2543
2544,2544,row2544
2545,2545,row2545
2546,2546,row2546
2547,2547,row2547
2548,2548,row2548
2549,2549,row2549
2550,2550,row2550
2551,2551,row2551
2552,2552,row2552
2553,2553,row2553
2554,2554,row2554
2555,2555,row2555
2556,2556,row2556
2557,2557,row2557
2558,2558,row2558
2559,2559,row2559
2560,2560,row2560
2561,2561,row2561
2562,2562,row2562
2563,2563,row2563
2564,2564,row2564
2565,2565,row2565
2566,2566,row2566
2567,2567,row2567
2568,2568,row2568
2569,2569,row2569
2570,2570,row2570
2571,2571,row2571
2572,2572,row2572
2573,2573,row2573
2574,2574,row2574
2575,2575,row2575
2576,2576,row2576
2577,2577,row2577
2578,2578,row2578
2579,2579,row2579
2580,2580,row2580
2581,2581,row2581
2582,2582,row2582
2583,2583,row2583
2584,2584,row2584
2585,2585,row2585
2586,2586,row2586
2587,2587,row2587
2588,2588,row2588
2589,2589,row2589
2590,2590,row2590
2591,2591,row2591
2592,2592,row2592
2593,2593,row2593
2594,2594,row2594
2595,2595,row2595
2596,2596,row2596
2597,2597,row2597
2598,2598,row2598
2599,2599,row2599
2600,2600,row2600
2601,2601,row2601
2602,2602,row2602
2603,2603,row2603
2604,2604,row2604
2605,2605,row2605
2606,2606,row2606
2607,2607,row2607
2608,2608,row2608
2609,2609,row2609
2610,2610,row2610
2611,2611,row2611
2612,2612,row2612
2613,2613,row2613
2614,2614,row2614
2615,2615,row2615
2616,2616,row2616
2617,2617,row2617
2618,2618,row2618
2619,2619,row2619
2620,2620,row2620
2621,2621,row2621
2622,2622,row2622
2623,2623,row2623
2624,2624,row2624
2625,2625,row2625
2626,2626,row2626
2627,2627,row2627
2628,2628,row2628
2629,2629,row2629
2630,2630,row2630
2631,2631,row2631
2632,2632,row2632
2633,2633,row2633
2634,2634,row2634
2635,2635,row2635
2636,2636,row2636
2637,2637,row2637
2638,2638,row2638
2639,2639,row2639
2640,2640,row2640
2641,2641,row2641
2642,2642,row2642
2643,2643,row2643
2644,2644,row2644
2645,2645,row2645
2646,2646,row2646
2647,2647,row2647
2648,2648,row2648
2649,2649,row2649
2650,2650,row2650
2651,2651,row2651
2652,2652,row2652
2653,2653,row2653
2654,2654,row2654
2655,2655,row2655
2656,2656,row2656
2657,2657,row2657
2658,2658,row2658
2659,2659,row2659
2660,2660,row2660
2661,2661,row2661
2662,2662,row2662
2663,2663,row2663
2664,2664,row2664
2665,2665,row2665
2666,2666,row2666
2667,2667,row2667
2668,2668,row2668
2669,2669,row2669
2670,2670,row2670
2671,2671,row2671
2672,2672,row2672
2673,2673,row2673
2674,2674,row2674
2675,2675,row2675
2676,2676,row2676
2677,2677,row2677
2678,2678,row2678
2679,2679,row2679
2680,2680,row2680
2681,2681,row2681
2682,2682,row2682
2683,2683,row2683
2684,2684,row2684
2685,2685,row2685
2686,2686,row2686
2687,2687,row2687
2688,2688,row2688
2689,2689,row2689
2690,2690,row2690
2691,2691,row2691
2692,2692,row2692
2693,2693,row2693
2694,2694,row2694
2695,2695,row2695
2696,2696,row2696
2697,2697,row2697
2698,2698,row2698
2699,2699,row2699
2700,2700,row2700
2701,2701,row2701
2702,2702,row2702
2703,2703,row2703
2704,2704,row2704
2705,2705,row2705
2706,2706,row2706
2707,2707,row2707
2708,2708,row2708
2709,2709,row2709
2710,2710,row2710
2711,2711,row2711
2712,2712,row2712
2713,2713,row2713
2714,2714,row2714
2715,2715,row2715
2716,2716,row2716
2717,2717,row2717
2718,2718,row2718
2719,2719,row2719
2720,2720,row2720
2721,2721,row2721
2722,2722,row2722
2723,2723,row2723
2724,2724,row2724
2725,2725,row2725
2726,2726,row2726
2727,2727,row2727
2728,2728,row2728
2729,2729,row2729
2730,2730,row2730
2731,2731,row2731
2732,2732,row2732
2733,2733,row2733
2734,2734,row2734
2735,2735,row2735
2736,2736,row2736
2737,2737,row2737
2738,2738,row2738
2739,2739,row2739
2740,2740,row2740
2741,2741,row2741
2742,2742,row2742
2743,2743,row2743
2744,2744,row2744
2745,2745,row2745
2746,2746,row2746
2747,2747,row2747
2748,2748,row2748
2749,2749,row2749
2750,2750,row2750
2751,2751,row2751
2752,2752,row2752
2753,2753,row2753
2754,2754,row2754
2755,2755,row2755
2756,2756,row2756
2757,2757,row2757
2758,2758,row2758
2759,2759,row2759
2760,2760,row2760
2761,2761,row2761
2762,2762,row2762
2763,2763,row2763
2764,2764,row2764
2765,2765,row2765
2766,2766,row2766
2767,2767,row2767
2768,2768,row2768
2769,2769,row2769
2770,2770,row2770
2771,2771,row2771
2772,2772,row2772
2773,2773,row2773
2774,2774,row2774
2775,2775,row2775
2776,2776,row2776
2777,2777,row2777
2778,2778,row2778
2779,2779,row2779
2780,2780,row2780
2781,2781,row2781
2782,2782,row2782
2783,2783,row2783
2784,2784,row2784
2785,2785,row2785
2786,2786,row2786
2787,2787,row2787
2788,2788,row2788
2789,2789,row2789
2790,2790,row2790
2791,2791,row2791
2792,2792,row2792
2793,2793,row2793
2794,2794,row2794
2795,2795,row2795
2796,2796,row2796
2797,2797,row2797
2798,2798,row2798
2799,2799,row2799
2800,2800,row2800
2801,2801,row2801
2802,2802,row2802
2803,2803,row2803
2804,2804,row2804
2805,2805,row2805
2806,2806,row2806
2807,2807,row2807
2808,2808,row2808
2809,2809,row2809
2810,2810,row2810
2811,2811,row2811
2812,2812,row2812
2813,2813,row2813
2814,2814,row2814
2815,2815,row2815
2816,2816,row2816
2817,2817,row2817
2818,2818,row2818
2819,2819,row2819
2820,2820,row2820
2821,2821,row2821
2822,2822,row2822
2823,2823,row2823
2824,2824,row2824
2825,2825,row2825
2826,2826,row2826
2827,2827,row2827
2828,2828,row2828
2829,2829,row2829
2830,2830,row2830
2831,2831,row2831
2832,2832,row2832
2833,2833,row2833
2834,2834,row2834
2835,2835,row2835
2836,2836,row2836
2837,2837,row2837
2838,2838,row2838
2839,2839,row2839
2840,2840,row2840
2841,2841,row2841
2842,2842,row2842
2843,2843,row2843
2844,2844,row2844
2845,2845,row2845
2846,2846,row2846
2847,2847,row2847
2848,2848,row2848
2849,2849,row2849
2850,2850,row2850
2851,2851,row2851
2852,2852,row2852
2853,2853,row2853
2854,2854,row2854
2855,2855,row2855
2856,2856,row2856
2857,2857,row2857
2858,2858,row2858
2859,2859,row2859
2860,2860,row2860
2861,2861,row2861
2862,2862,row2862
2863,2863,row2863
2864,2864,row2864
2865,2865,row2865
2866,2866,row2866
2867,2867,row2867
2868,2868,row2868
2869,2869,row2869
2870,2870,row2870
2871,2871,row2871
2872,2872,row2872
2873,2873,row2873
2874,2874,row2874
2875,2875,row2875
2876,2876,row2876
2877,2877,row2877
2878,2878,row2878
2879,2879,row2879
2880,2880,row2880
2881,2881,row2881
2882,2882,row2882
2883,2883,row2883
2884,2884,row2884
2885,2885,row2885
2886,2886,row2886
2887,2887,row2887
2888,2888,row2888
2889,2889,row2889
2890,2890,row2890
2891,2891,row2891
2892,2892,row2892
2893,2893,row2893
2894,2894,row2894
2895,2895,row2895
2896,2896,row2896
2897,2897,row2897
2898,2898,row2898
2899,2899,row2899
2900,2900,row2900
2901,2901,row2901
2902,2902,row2902
2903,2903,row2903
2904,2904,row2904
2905,2905,row2905
2906,2906,row2906
2907,2907,row2907
2908,2908,row2908
2909,2909,row2909
2910,2910,row2910
2911,2911,row2911
2912,2912,row2912
2913,2913,row2913
2914,2914,row2914
2915,2915,row2915
2916,2916,row2916
2917,2917,row2917
2918,2918,row2918
2919,2919,row2919
2920,2920,row2920
2921,2921,row2921
2922,2922,row2922
2923,2923,row2923
2924,2924,row2924
2925,2925,row2925
2926,2926,row2926
2927,2927,row2927
2928,2928,row2928
2929,2929,row2929
2930,2930,row2930
2931,2931,row2931
2932,2932,row2932
2933,2933,row2933
2934,2934,row2934
2935,2935,row2935
2936,2936,row2936
2937,2937,row2937
2938,2938,row2938
2939,2939,row2939
2940,2940,row2940
2941,2941,row2941
2942,2942,row2942
2943,2943,row2943
2944,2944,row2944
2945,2945,row2945
2946,2946,row2946
2947,2947,row2947
2948,2948,row2948
2949,2949,row2949
2950,2950,row2950
2951,2951,row2951
2952,2952,row2952
2953,2953,row2953
2954,2954,row2954
2955,2955,row2955
2956,2956,row2956
2957,2957,row2957
2958,2958,row2958
2959,2959,row2959
2960,2960,row2960
2961,2961,row2961
2962,2962,row2962
2963,2963,row2963
2964,2964,row2964
2965,2965,row2965
2966,2966,row2966
2967,2967,row2967
2968,2968,row2968
2969,2969,row2969
2970,2970,row2970
2971,2971,row2971
2972,2972,row2972
2973,2973,row2973
2974,2974,row2974
2975,2975,row2975
2976,2976,row2976
2977,2977,row2977
2978,2978,row2978
2979,2979,row2979
2980,2980,row2980
2981,2981,row2981
2982,2982,row2982
2983,2983,row2983
2984,2984,row2984
2985,2985,row2985
2986,2986,row2986
2987,2987,row2987
2988,2988,row2988
2989,2989,row2989
2990,2990,row2990
2991,2991,row2991
2992,2992,row2992
2993,2993,row2993
2994,2994,row2994
2995,2995,row2995
2996,2996,row2996
2997,2997,row2997
2998,2998,row2998
2999,2999,row2999
3000,3000,row3000
3001,3001,row3001
3002,3002,row3002
3003,3003,row3003
3004,3004,row3004
3005,3005,row3005
3006,3006,row3006
3007,3007,row3007
3008,3008,row3008
3009,3009,row3009
3010,3010,row3010
3011,3011,row3011
3012,3012,row3012
3013,3013,row3013
3014,3014,row3014
3015,3015,row3015
3016,3016,row3016
3017,3017,row3017
3018,3018,row3018
3019,3019,row3019
3020,3020,row3020
3021,3021,row3021
3022,3022,row3022
3023,3023,row3023
3024,3024,row3024
3025,3025,row3025
3026,3026,row3026
3027,3027,row3027
3028,3028,row3028
3029,3029,row3029
3030,3030,row3030
3031,3031,row3031
3032,3032,row3032
3033,3033,row3033
3034,3034,row3034
3035,3035,row3035
3036,3036,row3036
3037,3037,row3037
3038,3038,row3038
3039,3039,row3039
3040,3040,row3040
3041,3041,row3041
3042,3042,row3042
3043,3043,row3043
3044,3044,row3044
3045,3045,row3045
3046,3046,row3046
3047,3047,row3047
3048,3048,row3048
3049,3049,row3049
3050,3050,row3050
3051,3051,row3051
3052,3052,row3052
3053,3053,row3053
3054,3054,row3054
3055,3055,row3055
3056,3056,row3056
3057,3057,row3057
3058,3058,row3058
3059,3059,row3059
3060,3060,row3060
3061,3061,row3061
3062,3062,row3062
3063,3063,row3063
3064,3064,row3064
3065,3065,row3065
3066,3066,row3066
3067,3067,row3067
3068,3068,row3068
3069,3069,row3069
3070,3070,row3070
3071,3071,row3071
3072,3072,row3072
3073,3073,row3073
3074,3074,row3074
3075,3075,row3075
3076,3076,row3076
3077,3077,row3077
3078,3078,row3078
3079,3079,row3079
3080,3080,row3080
3081,3081,row3081
3082,3082,row3082
3083,3083,row3083
3084,3084,row3084
3085,3085,row3085
3086,3086,row3086
3087,3087,row3087
3088,3088,row3088
3089,3089,row3089
3090,3090,row3090
3091,3091,row3091
3092,3092,row3092
3093,3093,row3093
3094,3094,row3094
3095,3095,row3095
3096,3096,row3096
3097,3097,row3097
3098,3098,row3098
3099,3099,row3099
3100,3100,row3100
3101,3101,row3101
3102,3102,row3102
3103,3103,row3103
3104,3104,row3104
3105,3105,row3105
3106,3106,row3106
3107,3107,row3107
3108,3108,row3108
3109,3109,row3109
3110,3110,row3110
3111,3111,row3111
3112,3112,row3112
3113,3113,row3113
3114,3114,row3114
3115,3115,row3115
3116,3116,row3116
3117,3117,row3117
3118,3118,row3118
3119,3119,row3119
3120,3120,row3120
3121,3121,row3121
3122,3122,row3122
3123,3123,row3123
3124,3124,row3124
3125,3125,row3125
3126,3126,row3126
3127,3127,row3127
3128,3128,row3128
3129,3129,row3129
3130,3130,row3130
3131,3131,row3131
3132,3132,row3132
3133,3133,row3133
3134,3134,row3134
3135,3135,row3135
3136,3136,row3136
3137,3137,row3137
3138,3138,row3138
3139,3139,row3139
3140,3140,row3140
3141,3141,row3141
3142,3142,row3142
3143,3143,row3143
3144,3144,row3144
3145,3145,row3145
3146,3146,row3146
3147,3147,row3147
3148,3148,row3148
3149,3149,row3149
3150,3150,row3150
3151,3151,row3151
3152,3152,row3152
3153,3153,row3153
3154,3154,row3154
3155,3155,row3155
3156,3156,row3156
3157,3157,row3157
3158,3158,row3158
3159,3159,row3159
3160,3160,row3160
3161,3161,row3161
3162,3162,row3162
3163,3163,row3163
3164,3164,row3164
3165,3165,row3165
3166,3166,row3166
3167,3167,row3167
3168,3168,row3168
3169,3169,row3169
3170,3170,row3170
3171,3171,row3171
3172,3172,row3172
3173,3173,row3173
3174,3174,row3174
3175,3175,row3175
3176,3176,row3176
3177,3177,row3177
3178,3178,row3178
3179,3179,row3179
3180,3180,row3180
3181,3181,row3181
3182,3182,row3182
3183,3183,row3183
3184,3184,row3184
3185,3185,row3185
3186,3186,row3186
3187,3187,row3187
3188,3188,row3188
3189,3189,row3189
3190,3190,row3190
3191,3191,row3191
3192,3192,row3192
3193,3193,row3193
3194,3194,row3194
3195,3195,row3195
3196,3196,row3196
3197,3197,row3197
3198,3198,row3198
3199,3199,row3199
3200,3200,row3200
3201,3201,row3201
3202,3202,row3202
3203,3203,row3203
3204,3204,row3204
3205,3205,row3205
3206,3206,row3206
3207,3207,row3207
3208,3208,row3208
3209,3209,row3209
3210,3210,row3210
3211,3211,row3211
3212,3212,row3212
3213,3213,row3213
3214,3214,row3214
3215,3215,row3215
3216,3216,row3216
3217,3217,row3217
3218,3218,row3218
3219,3219,row3219
3220,3220,row3220
3221,3221,row3221
3222,3222,row3222
3223,3223,row3223
3224,3224,row3224
3225,3225,row3225
3226,3226,row3226
3227,3227,row3227
3228,3228,row3228
3229,3229,row3229
3230,3230,row3230
3231,3231,row3231
3232,3232,row3232
3233,3233,row3233
3234,3234,row3234
3235,3235,row3235
3236,3236,row3236
3237,3237,row3237
3238,3238,row3238
3239,3239,row3239
3240,3240,row3240
3241,3241,row3241
3242,3242,row3242
3243,3243,row3243
3244,3244,row3244
3245,3245,row3245
3246,3246,row3246
3247,3247,row3247
3248,3248,row3248
3249,3249,row3249
3250,3250,row3250
3251,3251,row3251
3252,3252,row3252
3253,3253,row3253
3254,3254,row3254
3255,3255,row3255
3256,3256,row3256
3257,3257,row3257
3258,3258,row3258
3259,3259,row3259
3260,3260,row3260
3261,3261,row3261
3262,3262,row3262
3263,3263,row3263
3264,3264,row3264
3265,3265,row3265
3266,3266,row3266
3267,3267,row3267
3268,3268,row3268
3269,3269,row3269
3270,3270,row3270
3271,3271,row3271
3272,3272,row3272
3273,3273,row3273
3274,3274,row3274
3275,3275,row3275
3276,3276,row3276
3277,3277,row3277
3278,3278,row3278
3279,3279,row3279
3280,3280,row3280
3281,3281,row3281
3282,3282,row3282
3283,3283,row3283
3284,3284,row3284
3285,3285,row3285
3286,3286,row3286
3287,3287,row3287
3288,3288,row3288
3289,3289,row3289
3290,3290,row3290
3291,3291,row3291
3292,3292,row3292
3293,3293,row3293
3294,3294,row3294
3295,3295,row3295
3296,3296,row3296
3297,3297,row3297
3298,3298,row3298
3299,3299,row3299
3300,3300,row3300
3301,3301,row3301
3302,3302,row3302
3303,3303,row3303
3304,3304,row3304
3305,3305,row3305
3306,3306,row3306
3307,3307,row3307
3308,3308,row3308
3309,3309,row3309
3310,3310,row3310
3311,3311,row3311
3312,3312,row3312
3313,3313,row3313
3314,3314,row3314
3315,3315,row3315
3316,3316,row3316
3317,3317,row3317
3318,3318,row3318
3319,3319,row3319
3320,3320,row3320
3321,3321,row3321
3322,3322,row3322
3323,3323,row3323
3324,3324,row3324
3325,3325,row3325
3326,3326,row3326
3327,3327,row3327
3328,3328,row3328
3329,3329,row3329
3330,3330,row3330
3331,3331,row3331
3332,3332,row3332
3333,3333,row3333
3334,3334,row3334
3335,3335,row3335
3336,3336,row3336
3337,3337,row3337
3338,3338,row3338
3339,3339,row3339
3340,3340,row3340
3341,3341,row3341
3342,3342,row3342
3343,3343,row3343
3344,3344,row3344
3345,3345,row3345
3346,3346,row3346
3347,3347,row3347
3348,3348,row3348
3349,3349,row3349
3350,3350,row3350
3351,3351,row3351
3352,3352,row3352
3353,3353,row3353
3354,3354,row3354
3355,3355,row3355
3356,3356,row3356
3357,3357,row3357
3358,3358,row3358
3359,3359,row3359
3360,3360,row3360
3361,3361,row3361
3362,3362,row3362
3363,3363,row3363
3364,3364,row3364
3365,3365,row3365
3366,3366,row3366
3367,3367,row3367
3368,3368,row3368
3369,3369,row3369
3370,3370,row3370
3371,3371,row3371
3372,3372,row3372
3373,3373,row3373
3374,3374,row3374
3375,3375,row3375
3376,3376,row3376
3377,3377,row3377
3378,3378,row3378
3379,3379,row3379
3380,3380,row3380
3381,3381,row3381
3382,3382,row3382
3383,3383,row3383
3384,3384,row3384
3385,3385,row3385
3386,3386,row3386
3387,3387,row3387
3388,3388,row3388
3389,3389,row3389
3390,3390,row3390
3391,3391,row3391
3392,3392,row3392
3393,3393,row3393
3394,3394,row3394
3395,3395,row3395
3396,3396,row3396
3397,3397,row3397
3398,3398,row3398
3399,3399,row3399
3400,3400,row3400
3401,3401,row3401
3402,3402,row3402
3403,3403,row3403
3404,3404,row3404
3405,3405,row3405
3406,3406,row3406
3407,3407,row3407
3408,3408,row3408
3409,3409,row3409
3410,3410,row3410
3411,3411,row3411
3412,3412,row3412
3413,3413,row3413
3414,3414,row3414
3415,3415,row3415
3416,3416,row3416
3417,3417,row3417
3418,3418,row3418
3419,3419,row3419
3420,3420,row3420
3421,3421,row3421
3422,3422,row3422
3423,3423,row3423
3424,3424,row3424
3425,3425,row3425
3426,3426,row3426
3427,3427,row3427
3428,3428,row3428
3429,3429,row3429
3430,3430,row3430
3431,3431,row3431
3432,3432,row3432
3433,3433,row3433
3434,3434,row3434
3435,3435,row3435
3436,3436,row3436
3437,3437,row3437
3438,3438,row3438
3439,3439,row3439
3440,3440,row3440
3441,3441,row3441
3442,3442,row3442
3443,3443,row3443
3444,3444,row3444
3445,3445,row3445
3446,3446,row3446
3447,3447,row3447
3448,3448,row3448
3449,3449,row3449
3450,3450,row3450
3451,3451,row3451
3452,3452,row3452
3453,3453,row3453
3454,3454,row3454
3455,3455,row3455
3456,3456,row3456
3457,3457,row3457
3458,3458,row3458
3459,3459,row3459
3460,3460,row3460
3461,3461,row3461
3462,3462,row3462
3463,3463,row3463
3464,3464,row3464
3465,3465,row3465
3466,3466,row3466
3467,3467,row3467
3468,3468,row3468
3469,3469,row3469
3470,3470,row3470
3471,3471,row3471
3472,3472,row3472
3473,3473,row3473
3474,3474,row3474
3475,3475,row3475
3476,3476,row3476
3477,3477,row3477
3478,3478,row3478
3479,3479,row3479
3480,3480,row3480
3481,3481,row3481
3482,3482,row3482
3483,3483,row3483
3484,3484,row3484
3485,3485,row3485
3486,3486,row3486
3487,3487,row3487
3488,3488,row3488
3489,3489,row3489
3490,3490,row3490
3491,3491,row3491
3492,3492,row3492
3493,3493,row3493
3494,3494,row3494
3495,3495,row3495
3496,3496,row3496
3497,3497,row3497
3498,3498,row3498
3499,3499,row3499
3500,3500,row3500
3501,3501,row3501
3502,3502,row3502
3503,3503,row3503
3504,3504,row3504
3505,3505,row3505
3506,3506,row3506
3507,3507,row3507
3508,3508,row3508
3509,3509,row3509
3510,3510,row3510
3511,3511,row3511
3512,3512,row3512
3513,3513,row3513
3514,3514,row3514
3515,3515,row3515
3516,3516,row3516
3517,3517,row3517
3518,3518,row3518
3519,3519,row3519
3520,3520,row3520
3521,3521,row3521
3522,3522,row3522
3523,3523,row3523
3524,3524,row3524
3525,3525,row3525
3526,3526,row3526
3527,3527,row3527
3528,3528,row3528
3529,3529,row3529
3530,3530,row3530
3531,3531,row3531
3532,3532,row3532
3533,3533,row3533
3534,3534,row3534
3535,3535,row3535
3536,3536,row3536
3537,3537,row3537
3538,3538,row3538
3539,3539,row3539
3540,3540,row3540
3541,3541,row3541
3542,3542,row3542
3543,3543,row3543
3544,3544,row3544
3545,3545,row3545
3546,3546,row3546
3547,3547,row3547
3548,3548,row3548
3549,3549,row3549
3550,3550,row3550
3551,3551,row3551
3552,3552,row3552
3553,3553,row3553
3554,3554,row3554
3555,3555,row3555
3556,3556,row3556
3557,3557,row3557
3558,3558,row3558
3559,3559,row3559
3560,3560,row3560
3561,3561,row3561
3562,3562,row3562
3563,3563,row3563
3564,3564,row3564
3565,3565,row3565
3566,3566,row3566
3567,3567,row3567
3568,3568,row3568
3569,3569,row3569
3570,3570,row3570
3571,3571,row3571
3572,3572,row3572
3573,3573,row3573
3574,3574,row3574
3575,3575,row3575
3576,3576,row3576
3577,3577,row3577
3578,3578,row3578
3579,3579,row3579
3580,3580,row3580
3581,3581,row3581
3582,3582,row3582
3583,3583,row3583
3584,3584,row3584
3585,3585,row3585
3586,3586,row3586
3587,3587,row3587
3588,3588,row3588
3589,3589,row3589
3590,3590,row3590
3591,3591,row3591
3592,3592,row3592
3593,3593,row3593
3594,3594,row3594
3595,3595,row3595
3596,3596,row3596
3597,3597,row3597
3598,3598,row3598
3599,3599,row3599
3600,3600,row3600
3601,3601,row3601
3602,3602,row3602
3603,3603,row3603
3604,3604,row3604
3605,3605,row3605
3606,3606,row3606
3607,3607,row3607
3608,3608,row3608
3609,3609,row3609
3610,3610,row3610
3611,3611,row3611
3612,3612,row3612
3613,3613,row3613
3614,3614,row3614
3615,3615,row3615
3616,3616,row3616
3617,3617,row3617
3618,3618,row3618
3619,3619,row3619
3620,3620,row3620
3621,3621,row3621
3622,3622,row3622
3623,3623,row3623
3624,3624,row3624
3625,3625,row3625
3626,3626,row3626
3627,3627,row3627
3628,3628,row3628
3629,3629,row3629
3630,3630,row3630
3631,3631,row3631
3632,3632,row3632
3633,3633,row3633
3634,3634,row3634
3635,3635,row3635
3636,3636,row3636
3637,3637,row3637
3638,3638,row3638
3639,3639,row3639
3640,3640,row3640
3641,3641,row3641
3642,3642,row3642
3643,3643,row3643
3644,3644,row3644
3645,3645,row3645
3646,3646,row3646
3647,3647,row3647
3648,3648,row3648
3649,3649,row3649
3650,3650,row3650
3651,3651,row3651
3652,3652,row3652
3653,3653,row3653
3654,3654,row3654
3655,3655,row3655
3656,3656,row3656
3657,3657,row3657
3658,3658,row3658
3659,3659,row3659
3660,3660,row3660
3661,3661,row3661
3662,3662,row3662
3663,3663,row3663
3664,3664,row3664
3665,3665,row3665
3666,3666,row3666
3667,3667,row3667
3668,3668,row3668
3669,3669,row3669
3670,3670,row3670
3671,3671,row3671
3672,3672,row3672
3673,3673,row3673
3674,3674,row3674
3675,3675,row3675
3676,3676,row3676
3677,3677,row3677
3678,3678,row3678
3679,3679,row3679
3680,3680,row3680
3681,3681,row3681
3682,3682,row3682
3683,3683,row3683
3684,3684,row3684
3685,3685,row3685
3686,3686,row3686
3687,3687,row3687
3688,3688,row3688
3689,3689,row3689
3690,3690,row3690
3691,3691,row3691
3692,3692,row3692
3693,3693,row3693
3694,3694,row3694
3695,3695,row3695
3696,3696,row3696
3697,3697,row3697
3698,3698,row3698
3699,3699,row3699
3700,3700,row3700
3701,3701,row3701
3702,3702,row3702
3703,3703,row3703
3704,3704,row3704
3705,3705,row3705
3706,3706,row3706
3707,3707,row3707
3708,3708,row3708
3709,3709,row3709
3710,3710,row3710
3711,3711,row3711
3712,3712,row3712
3713,3713,row3713
3714,3714,row3714
3715,3715,row3715
3716,3716,row3716
3717,3717,row3717
3718,3718,row3718
3719,3719,row3719
3720,3720,row3720
3721,3721,row3721
3722,3722,row3722
3723,3723,row3723
3724,3724,row3724
3725,3725,row3725
3726,3726,row3726
3727,3727,row3727
3728,3728,row3728
3729,3729,row3729
3730,3730,row3730
3731,3731,row3731
3732,3732,row3732
3733,3733,row3733
3734,3734,row3734
3735,3735,row3735
3736,3736,row3736
3737,3737,row3737
3738,3738,row3738
3739,3739,row3739
3740,3740,row3740
3741,3741,row3741
3742,3742,row3742
3743,3743,row3743
3744,3744,row3744
3745,3745,row3745
3746,3746,row3746
3747,3747,row3747
3748,3748,row3748
3749,3749,row3749
3750,3750,row3750
3751,3751,row3751
3752,3752,row3752
3753,3753,row3753
3754,3754,row3754
3755,3755,row3755
3756,3756,row3756
3757,3757,row3757
3758,3758,row3758
3759,3759,row3759
3760,3760,row3760
3761,3761,row3761
3762,3762,row3762
3763,3763,row3763
3764,3764,row3764
3765,3765,row3765
3766,3766,row3766
3767,3767,row3767
3768,3768,row3768
3769,3769,row3769
3770,3770,row3770
3771,3771,row3771
3772,3772,row3772
3773,3773,row3773
3774,3774,row3774
3775,3775,row3775
3776,3776,row3776
3777,3777,row3777
3778,3778,row3778
3779,3779,row3779
3780,3780,row3780
3781,3781,row3781
3782,3782,row3782
3783,3783,row3783
3784,3784,row3784
3785,3785,row3785
3786,3786,row3786
3787,3787,row3787
3788,3788,row3788
3789,3789,row3789
3790,3790,row3790
3791,3791,row3791
3792,3792,row3792
3793,3793,row3793
3794,3794,row3794
3795,3795,row3795
3796,3796,row3796
3797,3797,row3797
3798,3798,row3798
3799,3799,row3799
3800,3800,row3800
3801,3801,row3801
3802,3802,row3802
3803,3803,row3803
3804,3804,row3804
3805,3805,row3805
3806,3806,row3806
3807,3807,row3807
3808,3808,row3808
3809,3809,row3809
3810,3810,row3810
3811,3811,row3811
3812,3812,row3812
3813,3813,row3813
3814,3814,row3814
3815,3815,row3815
3816,3816,row3816
3817,3817,row3817
3818,3818,row3818
3819,3819,row3819
3820,3820,row3820
3821,3821,row3821
3822,3822,row3822
3823,3823,row3823
3824,3824,row3824
3825,3825,row3825
3826,3826,row3826
3827,3827,row3827
3828,3828,row3828
3829,3829,row3829
3830,3830,row3830
3831,3831,row3831
3832,3832,row3832
3833,3833,row3833
3834,3834,row3834
3835,3835,row3835
3836,3836,row3836
3837,3837,row3837
3838,3838,row3838
3839,3839,row3839
3840,3840,row3840
3841,3841,row3841
3842,3842,row3842
3843,3843,row3843
3844,3844,row3844
3845,3845,row3845
3846,3846,row3846
3847,3847,row3847
3848,3848,row3848
3849,3849,row3849
3850,3850,row3850
3851,3851,row3851
3852,3852,row3852
3853,3853,row3853
3854,3854,row3854
3855,3855,row3855
3856,3856,row3856
3857,3857,row3857
3858,3858,row3858
3859,3859,row3859
3860,3860,row3860
3861,3861,row3861
3862,3862,row3862
3863,3863,row3863
3864,3864,row3864
3865,3865,row3865
3866,3866,row3866
3867,3867,row3867
3868,3868,row3868
3869,3869,row3869
3870,3870,row3870
3871,3871,row3871
3872,3872,row3872
3873,3873,row3873
3874,3874,row3874
3875,3875,row3875
3876,3876,row3876
3877,3877,row3877
3878,3878,row3878
3879,3879,row3879
3880,3880,row3880
3881,3881,row3881
3882,3882,row3882
3883,3883,row3883
3884,3884,row3884
3885,3885,row3885
3886,3886,row3886
3887,3887,row3887
3888,3888,row3888
3889,3889,row3889
3890,3890,row3890
3891,3891,row3891
3892,3892,row3892
3893,3893,row3893
3894,3894,row3894
3895,3895,row3895
3896,3896,row3896
3897,3897,row3897
3898,3898,row3898
3899,3899,row3899
3900,3900,row3900
3901,3901,row3901
3902,3902,row3902
3903,3903,row3903
3904,3904,row3904
3905,3905,row3905
3906,3906,row3906
3907,3907,row3907
3908,3908,row3908
3909,3909,row3909
3910,3910,row3910
3911,3911,row3911
3912,3912,row3912
3913,3913,row3913
3914,3914,row3914
3915,3915,row3915
3916,3916,row3916
3917,3917,row3917
3918,3918,row3918
3919,3919,row3919
3920,3920,row3920
3921,3921,row3921
3922,3922,row3922
3923,3923,row3923
3924,3924,row3924
3925,3925,row3925
3926,3926,row3926
3927,3927,row3927
3928,3928,row3928
3929,3929,row3929
3930,3930,row3930
3931,3931,row3931
3932,3932,row3932
3933,3933,row3933
3934,3934,row3934
3935,3935,row3935
3936,3936,row3936
3937,3937,row3937
3938,3938,row3938
3939,3939,row3939
3940,3940,row3940
3941,3941,row3941
3942,3942,row3942
3943,3943,row3943
3944,3944,row3944
3945,3945,row3945
3946,3946,row3946
3947,3947,row3947
3948,3948,row3948
3949,3949,row3949
3950,3950,row3950
3951,3951,row3951
3952,3952,row3952
3953,3953,row3953
3954,3954,row3954
3955,3955,row3955
3956,3956,row3956
3957,3957,row3957
3958,3958,row3958
3959,3959,row3959
3960,3960,row3960
3961,3961,row3961
3962,3962,row3962
3963,3963,row3963
3964,3964,row3964
3965,3965,row3965
3966,3966,row3966
3967,3967,row3967
3968,3968,row3968
3969,3969,row3969
3970,3970,row3970
3971,3971,row3971
3972,3972,row3972
3973,3973,row3973
3974,3974,row3974
3975,3975,row3975
3976,3976,row3976
3977,3977,row3977
3978,3978,row3978
3979,3979,row3979
3980,3980,row3980
3981,3981,row3981
3982,3982,row3982
3983,3983,row3983
3984,3984,row3984
3985,3985,row3985
3986,3986,row3986
3987,3987,row3987
3988,3988,row3988
3989,3989,row3989
3990,3990,row3990
3991,3991,row3991
3992,3992,row3992
3993,3993,row3993
3994,3994,row3994
3995,3995,row3995
3996,3996,row3996
3997,3997,row3997
3998,3998,row3998
3999,3999,row3999
4000,4000,row4000
4001,4001,row4001
4002,4002,row4002
4003,4003,row4003
4004,4004,row4004
4005,4005,row4005
4006,4006,row4006
4007,4007,row4007
4008,4008,row4008
4009,4009,row4009
4010,4010,row4010
4011,4011,row4011
4012,4012,row4012
4013,4013,row4013
4014,4014,row4014
4015,4015,row4015
4016,4016,row4016
4017,4017,row4017
4018,4018,row4018
4019,4019,row4019
4020,4020,row4020
4021,4021,row4021
4022,4022,row4022
4023,4023,row4023
4024,4024,row4024
4025,4025,row4025
4026,4026,row4026
4027,4027,row4027
4028,4028,row4028
4029,4029,row4029
4030,4030,row4030
4031,4031,row4031
4032,4032,row4032
4033,4033,row4033
4034,4034,row4034
4035,4035,row4035
4036,4036,row4036
4037,4037,row4037
4038,4038,row4038
4039,4039,row4039
4040,4040,row4040
4041,4041,row4041
4042,4042,row4042
4043,4043,row4043
4044,4044,row4044
4045,4045,row4045
4046,4046,row4046
4047,4047,row4047
4048,4048,row4048
4049,4049,row4049
4050,4050,row4050
4051,4051,row4051
4052,4052,row4052
4053,4053,row4053
4054,4054,row4054
4055,4055,row4055
4056,4056,row4056
4057,4057,row4057
4058,4058,row4058
4059,4059,row4059
4060,4060,row4060
4061,4061,row4061
4062,4062,row4062
4063,4063,row4063
4064,4064,row4064
4065,4065,row4065
4066,4066,row4066
4067,4067,row4067
4068,4068,row4068
4069,4069,row4069
4070,4070,row4070
4071,4071,row4071
4072,4072,row4072
4073,4073,row4073
4074,4074,row4074
4075,4075,row4075
4076,4076,row4076
4077,4077,row4077
4078,4078,row4078
4079,4079,row4079
4080,4080,row4080
4081,4081,row4081
4082,4082,row4082
4083,4083,row4083
4084,4084,row4084
4085,4085,row4085
4086,4086,row4086
4087,4087,row4087
4088,4088,row4088
4089,4089,row4089
4090,4090,row4090
4091,4091,row4091
4092,4092,row4092
4093,4093,row4093
4094,4094,row4094
4095,4095,row4095
4096,4096,row4096
4097,4097,row4097
4098,4098,row4098
4099,4099,row4099
4100,4100,row4100
4101,4101,row4101
4102,4102,row4102
4103,4103,row4103
4104,4104,row4104
4105,4105,row4105
4106,4106,row4106
4107,4107,row4107
4108,4108,row4108
4109,4109,row4109
4110,4110,row4110
4111,4111,row4111
4112,4112,row4112
4113,4113,row4113
4114,4114,row4114
4115,4115,row4115
4116,4116,row4116
4117,4117,row4117
4118,4118,row4118
4119,4119,row4119
4120,4120,row4120
4121,4121,row4121
4122,4122,row4122
4123,4123,row4123
4124,4124,row4124
4125,4125,row4125
4126,4126,row4126
4127,4127,row4127
4128,4128,row4128
4129,4129,row4129
4130,4130,row4130
4131,4131,row4131
4132,4132,row4132
4133,4133,row4133
4134,4134,row4134
4135,4135,row4135
4136,4136,row4136
4137,4137,row4137
4138,4138,row4138
4139,4139,row4139
4140,4140,row4140
4141,4141,row4141
4142,4142,row4142
4143,4143,row4143
4144,4144,row4144
4145,4145,row4145
4146,4146,row4146
4147,4147,row4147
4148,4148,row4148
4149,4149,row4149
4150,4150,row4150
4151,4151,row4151
4152,4152,row4152
4153,4153,row4153
4154,4154,row4154
4155,4155,row4155
4156,4156,row4156
4157,4157,row4157
4158,4158,row4158
4159,4159,row4159
4160,4160,row4160
4161,4161,row4161
4162,4162,row4162
4163,4163,row4163
4164,4164,row4164
4165,4165,row4165
4166,4166,row4166
4167,4167,row4167
4168,4168,row4168
4169,4169,row4169
4170,4170,row4170
4171,4171,row4171
4172,4172,row4172
4173,4173,row4173
4174,4174,row4174
4175,4175,row4175
4176,4176,row4176
4177,4177,row4177
4178,4178,row4178
4179,4179,row4179
4180,4180,row4180
4181,4181,row4181
4182,4182,row4182
4183,4183,row4183
4184,4184,row4184
4185,4185,row4185
4186,4186,row4186
4187,4187,row4187
4188,4188,row4188
4189,4189,row4189
4190,4190,row4190
4191,4191,row4191
4192,4192,row4192
4193,4193,row4193
4194,4194,row4194
4195,4195,row4195
4196,4196,row4196
4197,4197,row4197
4198,4198,row4198
4199,4199,row4199
4200,4200,row4200
4201,4201,row4201
4202,4202,row4202
4203,4203,row4203
4204,4204,row4204
4205,4205,row4205
4206,4206,row4206
4207,4207,row4207
4208,4208,row4208
4209,4209,row4209
4210,4210,row4210
4211,4211,row4211
4212,4212,row4212
4213,4213,row4213
4214,4214,row4214
4215,4215,row4215
4216,4216,row4216
4217,4217,row4217
4218,4218,row4218
4219,4219,row4219
4220,4220,row4220
4221,4221,row4221
4222,4222,row4222
4223,4223,row4223
4224,4224,row4224
4225,4225,row4225
4226,4226,row4226
4227,4227,row4227
4228,4228,row4228
4229,4229,row4229
4230,4230,row4230
4231,4231,row4231
4232,4232,row4232
4233,4233,row4233
4234,4234,row4234
4235,4235,row4235
4236,4236,row4236
4237,4237,row4237
4238,4238,row4238
4239,4239,row4239
4240,4240,row4240
4241,4241,row4241
4242,4242,row4242
4243,4243,row4243
4244,4244,row4244
4245,4245,row4245
4246,4246,row4246
4247,4247,row4247
4248,4248,row4248
4249,4249,row4249
4250,4250,row4250
4251,4251,row4251
4252,4252,row4252
4253,4253,row4253
4254,4254,row4254
4255,4255,row4255
4256,4256,row4256
4257,4257,row4257
4258,4258,row4258
4259,4259,row4259
4260,4260,row4260
4261,4261,row4261
4262,4262,row4262
4263,4263,row4263
4264,4264,row4264
4265,4265,row4265
4266,4266,row4266
4267,4267,row4267
4268,4268,row4268
4269,4269,row4269
4270,4270,row4270
4271,4271,row4271
4272,4272,row4272
4273,4273,row4273
4274,4274,row4274
4275,4275,row4275
4276,4276,row4276
4277,4277,row4277
4278,4278,row4278
4279,4279,row4279
4280,4280,row4280
4281,4281,row4281
4282,4282,row4282
4283,4283,row4283
4284,4284,row4284
4285,4285,row4285
4286,4286,row4286
4287,4287,row4287
4288,4288,row4288
4289,4289,row4289
4290,4290,row4290
4291,4291,row4291
4292,4292,row4292
4293,4293,row4293
4294,4294,row4294
4295,4295,row4295
4296,4296,row4296
4297,4297,row4297
4298,4298,row4298
4299,4299,row4299
4300,4300,row4300
4301,4301,row4301
4302,4302,row4302
4303,4303,row4303
4304,4304,row4304
4305,4305,row4305
4306,4306,row4306
4307,4307,row4307
4308,4308,row4308
4309,4309,row4309
4310,4310,row4310
4311,4311,row4311
4312,4312,row4312
4313,4313,row4313
4314,4314,row4314
4315,4315,row4315
4316,4316,row4316
4317,4317,row4317
4318,4318,row4318
4319,4319,row4319
4320,4320,row4320
4321,4321,row4321
4322,4322,row4322
4323,4323,row4323
4324,4324,row4324
4325,4325,row4325
4326,4326,row4326
4327,4327,row4327
4328,4328,row4328
4329,4329,row4329
4330,4330,row4330
4331,4331,row4331
4332,4332,row4332
4333,4333,row4333
4334,4334,row4334
4335,4335,row4335
4336,4336,row4336
4337,4337,row4337
4338,4338,row4338
4339,4339,row4339
4340,4340,row4340
4341,4341,row4341
4342,4342,row4342
4343,4343,row4343
4344,4344,row4344
4345,4345,row4345
4346,4346,row4346
4347,4347,row4347
4348,4348,row4348
4349,4349,row4349
4350,4350,row4350
4351,4351,row4351
4352,4352,row4352
4353,4353,row4353
4354,4354,row4354
4355,4355,row4355
4356,4356,row4356
4357,4357,row4357
4358,4358,row4358
4359,4359,row4359
4360,4360,row4360
4361,4361,row4361
4362,4362,row4362
4363,4363,row4363
4364,4364,row4364
4365,4365,row4365
4366,4366,row4366
4367,4367,row4367
4368,4368,row4368
4369,4369,row4369
4370,4370,row4370
4371,4371,row4371
4372,4372,row4372
4373,4373,row4373
4374,4374,row4374
4375,4375,row4375
4376,4376,row4376
4377,4377,row4377
4378,4378,row4378
4379,4379,row4379
4380,4380,row4380
4381,4381,row4381
4382,4382,row4382
4383,4383,row4383
4384,4384,row4384
4385,4385,row4385
4386,4386,row4386
4387,4387,row4387
4388,4388,row4388
4389,4389,row4389
4390,4390,row4390
4391,4391,row4391
4392,4392,row4392
4393,4393,row4393
4394,4394,row4394
4395,4395,row4395
4396,4396,row4396
4397,4397,row4397
4398,4398,row4398
4399,4399,row4399
4400,4400,row4400
4401,4401,row4401
4402,4402,row4402
4403,4403,row4403
4404,4404,row4404
4405,4405,row4405
4406,4406,row4406
4407,4407,row4407
4408,4408,row4408
4409,4409,row4409
4410,4410,row4410
4411,4411,row4411
4412,4412,row4412
4413,4413,row4413
4414,4414,row4414
4415,4415,row4415
4416,4416,row4416
4417,4417,row4417
4418,4418,row4418
4419,4419,row4419
4420,4420,row4420
4421,4421,row4421
4422,4422,row4422
4423,4423,row4423
4424,4424,row4424
4425,4425,row4425
4426,4426,row4426
4427,4427,row4427
4428,4428,row4428
4429,4429,row4429
4430,4430,row4430
4431,4431,row4431
4432,4432,row4432
4433,4433,row4433
4434,4434,row4434
4435,4435,row4435
4436,4436,row4436
4437,4437,row4437
4438,4438,row4438
4439,4439,row4439
4440,4440,row4440
4441,4441,row4441
4442,4442,row4442
4443,4443,row4443
4444,4444,row4444
4445,4445,row4445
4446,4446,row4446
4447,4447,row4447
4448,4448,row4448
4449,4449,row4449
4450,4450,row4450
4451,4451,row4451
4452,4452,row4452
4453,4453,row4453
4454,4454,row4454
4455,4455,row4455
4456,4456,row4456
4457,4457,row4457
4458,4458,row4458
4459,4459,row4459
4460,4460,row4460
4461,4461,row4461
4462,4462,row4462
4463,4463,row4463
4464,4464,row4464
4465,4465,row4465
4466,4466,row4466
4467,4467,row4467
4468,4468,row4468
4469,4469,row4469
4470,4470,row4470
4471,4471,row4471
4472,4472,row4472
4473,4473,row4473
4474,4474,row4474
4475,4475,row4475
4476,4476,row4476
4477,4477,row4477
4478,4478,row4478
4479,4479,row4479
4480,4480,row4480
4481,4481,row4481
4482,4482,row4482
4483,4483,row4483
4484,4484,row4484
4485,4485,row4485
4486,4486,row4486
4487,4487,row4487
4488,4488,row4488
4489,4489,row4489
4490,4490,row4490
4491,4491,row4491
4492,4492,row4492
4493,4493,row4493
4494,4494,row4494
4495,4495,row4495
4496,4496,row4496
4497,4497,row4497
4498,4498,row4498
4499,4499,row4499
4500,4500,row4500
4501,4501,row4501
4502,4502,row4502
4503,4503,row4503
4504,4504,row4504
4505,4505,row4505
4506,4506,row4506
4507,4507,row4507
4508,4508,row4508
4509,4509,row4509
4510,4510,row4510
4511,4511,row4511
4512,4512,row4512
4513,4513,row4513
4514,4514,row4514
4515,4515,row4515
4516,4516,row4516
4517,4517,row4517
4518,4518,row4518
4519,4519,row4519
4520,4520,row4520
4521,4521,row4521
4522,4522,row4522
4523,4523,row4523
4524,4524,row4524
4525,4525,row4525
4526,4526,row4526
4527,4527,row4527
4528,4528,row4528
4529,4529,row4529
4530,4530,row4530
4531,4531,row4531
4532,4532,row4532
4533,4533,row4533
4534,4534,row4534
4535,4535,row4535
4536,4536,row4536
4537,4537,row4537
4538,4538,row4538
4539,4539,row4539
4540,4540,row4540
4541,4541,row4541
4542,4542,row4542
4543,4543,row4543
4544,4544,row4544
4545,4545,row4545
4546,4546,row4546
4547,4547,row4547
4548,4548,row4548
4549,4549,row4549
4550,4550,row4550
4551,4551,row4551
4552,4552,row4552
4553,4553,row4553
4554,4554,row4554
4555,4555,row4555
4556,4556,row4556
4557,4557,row4557
4558,4558,row4558
4559,4559,row4559
4560,4560,row4560
4561,4561,row4561
4562,4562,row4562
4563,4563,row4563
4564,4564,row4564
4565,4565,row4565
4566,4566,row4566
4567,4567,row4567
4568,4568,row4568
4569,4569,row4569
4570,4570,row4570
4571,4571,row4571
4572,4572,row4572
4573,4573,row4573
4574,4574,row4574
4575,4575,row4575
4576,4576,row4576
4577,4577,row4577
4578,4578,row4578
4579,4579,row4579
4580,4580,row4580
4581,4581,row4581
4582,4582,row4582
4583,4583,row4583
4584,4584,row4584
4585,4585,row4585
4586,4586,row4586
4587,4587,row4587
4588,4588,row4588
4589,4589,row4589
4590,4590,row4590
4591,4591,row4591
4592,4592,row4592
4593,4593,row4593
4594,4594,row4594
4595,4595,row4595
4596,4596,row4596
4597,4597,row4597
4598,4598,row4598
4599,4599,row4599
4600,4600,row4600
4601,4601,row4601
4602,4602,row4602
4603,4603,row4603
4604,4604,row4604
4605,4605,row4605
4606,4606,row4606
4607,4607,row4607
4608,4608,row4608
4609,4609,row4609
4610,4610,row4610
4611,4611,row4611
4612,4612,row4612
4613,4613,row4613
4614,4614,row4614
4615,4615,row4615
4616,4616,row4616
4617,4617,row4617
4618,4618,row4618
4619,4619,row4619
4620,4620,row4620
4621,4621,row4621
4622,4622,row4622
4623,4623,row4623
4624,4624,row4624
4625,4625,row4625
4626,4626,row4626
4627,4627,row4627
4628,4628,row4628
4629,4629,row4629
4630,4630,row4630
4631,4631,row4631
4632,4632,row4632
4633,4633,row4633
4634,4634,row4634
4635,4635,row4635
4636,4636,row4636
4637,4637,row4637
4638,4638,row4638
4639,4639,row4639
4640,4640,row4640
4641,4641,row4641
4642,4642,row4642
4643,4643,row4643
4644,4644,row4644
4645,4645,row4645
4646,4646,row4646
4647,4647,row4647
4648,4648,row4648
4649,4649,row4649
4650,4650,row4650
4651,4651,row4651
4652,4652,row4652
4653,4653,row4653
4654,4654,row4654
4655,4655,row4655
4656,4656,row4656
4657,4657,row4657
4658,4658,row4658
4659,4659,row4659
4660,4660,row4660
4661,4661,row4661
4662,4662,row4662
4663,4663,row4663
4664,4664,row4664
4665,4665,row4665
4666,4666,row4666
4667,4667,row4667
4668,4668,row4668
4669,4669,row4669
4670,4670,row4670
4671,4671,row4671
4672,4672,row4672
4673,4673,row4673
4674,4674,row4674
4675,4675,row4675
4676,4676,row4676
4677,4677,row4677
4678,4678,row4678
4679,4679,row4679
4680,4680,row4680
4681,4681,row4681
4682,4682,row4682
4683,4683,row4683
4684,4684,row4684
4685,4685,row4685
4686,4686,row4686
4687,4687,row4687
4688,4688,row4688
4689,4689,row4689
4690,4690,row4690
4691,4691,row4691
4692,4692,row4692
4693,4693,row4693
4694,4694,row4694
4695,4695,row4695
4696,4696,row4696
4697,4697,row4697
4698,4698,row4698
4699,4699,row4699
4700,4700,row4700
4701,4701,row4701
4702,4702,row4702
4703,4703,row4703
4704,4704,row4704
4705,4705,row4705
4706,4706,row4706
4707,4707,row4707
4708,4708,row4708
4709,4709,row4709
4710,4710,row4710
4711,4711,row4711
4712,4712,row4712
4713,4713,row4713
4714,4714,row4714
4715,4715,row4715
4716,4716,row4716
4717,4717,row4717
4718,4718,row4718
4719,4719,row4719
4720,4720,row4720
4721,4721,row4721
4722,4722,row4722
4723,4723,row4723
4724,4724,row4724
4725,4725,row4725
4726,4726,row4726
4727,4727,row4727
4728,4728,row4728
4729,4729,row4729
4730,4730,row4730
4731,4731,row4731
4732,4732,row4732
4733,4733,row4733
4734,4734,row4734
4735,4735,row4735
4736,4736,row4736
4737,4737,row4737
4738,4738,row4738
4739,4739,row4739
4740,4740,row4740
4741,4741,row4741
4742,4742,row4742
4743,4743,row4743
4744,4744,row4744
4745,4745,row4745
4746,4746,row4746
4747,4747,row4747
4748,4748,row4748
4749,4749,row4749
4750,4750,row4750
4751,4751,row4751
4752,4752,row4752
4753,4753,row4753
4754,4754,row4754
4755,4755,row4755
4756,4756,row4756
4757,4757,row4757
4758,4758,row4758
4759,4759,row4759
4760,4760,row4760
4761,4761,row4761
4762,4762,row4762
4763,4763,row4763
4764,4764,row4764
4765,4765,row4765
4766,4766,row4766
4767,4767,row4767
4768,4768,row4768
4769,4769,row4769
4770,4770,row4770
4771,4771,row4771
4772,4772,row4772
4773,4773,row4773
4774,4774,row4774
4775,4775,row4775
4776,4776,row4776
4777,4777,row4777
4778,4778,row4778
4779,4779,row4779
4780,4780,row4780
4781,4781,row4781
4782,4782,row4782
4783,4783,row4783
4784,4784,row4784
4785,4785,row4785
4786,4786,row4786
4787,4787,row4787
4788,4788,row4788
4789,4789,row4789
4790,4790,row4790
4791,4791,row4791
4792,4792,row4792
4793,4793,row4793
4794,4794,row4794
4795,4795,row4795
4796,4796,row4796
4797,4797,row4797
4798,4798,row4798
4799,4799,row4799
4800,4800,row4800
4801,4801,row4801
4802,4802,row4802
4803,4803,row4803
4804,4804,row4804
4805,4805,row4805
4806,4806,row4806
4807,4807,row4807
4808,4808,row4808
4809,4809,row4809
4810,4810,row4810
4811,4811,row4811
4812,4812,row4812
4813,4813,row4813
4814,4814,row4814
4815,4815,row4815
4816,4816,row4816
4817,4817,row4817
4818,4818,row4818
4819,4819,row4819
4820,4820,row4820
4821,4821,row4821
4822,4822,row4822
4823,4823,row4823
4824,4824,row4824
4825,4825,row4825
4826,4826,row4826
4827,4827,row4827
4828,4828,row4828
4829,4829,row4829
4830,4830,row4830
4831,4831,row4831
4832,4832,row4832
4833,4833,row4833
4834,4834,row4834
4835,4835,row4835
4836,4836,row4836
4837,4837,row4837
4838,4838,row4838
4839,4839,row4839
4840,4840,row4840
4841,4841,row4841
4842,4842,row4842
4843,4843,row4843
4844,4844,row4844
4845,4845,row4845
4846,4846,row4846
4847,4847,row4847
4848,4848,row4848
4849,4849,row4849
4850,4850,row4850
4851,4851,row4851
4852,4852,row4852
4853,4853,row4853
4854,4854,row4854
4855,4855,row4855
4856,4856,row4856
4857,4857,row4857
4858,4858,row4858
4859,4859,row4859
4860,4860,row4860
4861,4861,row4861
4862,4862,row4862
4863,4863,row4863
4864,4864,row4864
4865,4865,row4865
4866,4866,row4866
4867,4867,row4867
4868,4868,row4868
4869,4869,row4869
4870,4870,row4870
4871,4871,row4871
4872,4872,row4872
4873,4873,row4873
4874,4874,row4874
4875,4875,row4875
4876,4876,row4876
4877,4877,row4877
4878,4878,row4878
4879,4879,row4879
4880,4880,row4880
4881,4881,row4881
4882,4882,row4882
4883,4883,row4883
4884,4884,row4884
4885,4885,row4885
4886,4886,row4886
4887,4887,row4887
4888,4888,row4888
4889,4889,row4889
4890,4890,row4890
4891,4891,row4891
4892,4892,row4892
4893,4893,row4893
4894,4894,row4894
4895,4895,row4895
4896,4896,row4896
4897,4897,row4897
4898,4898,row4898
4899,4899,row4899
4900,4900,row4900
4901,4901,row4901
4902,4902,row4902
4903,4903,row4903
4904,4904,row4904
4905,4905,row4905
4906,4906,row4906
4907,4907,row4907
4908,4908,row4908
4909,4909,row4909
4910,4910,row4910
4911,4911,row4911
4912,4912,row4912
4913,4913,row4913
4914,4914,row4914
4915,4915,row4915
4916,4916,row4916
4917,4917,row4917
4918,4918,row4918
4919,4919,row4919
4920,4920,row4920
4921,4921,row4921
4922,4922,row4922
4923,4923,row4923
4924,4924,row4924
4925,4925,row4925
4926,4926,row4926
4927,4927,row4927
4928,4928,row4928
4929,4929,row4929
4930,4930,row4930
4931,4931,row4931
4932,4932,row4932
4933,4933,row4933
4934,4934,row4934
4935,4935,row4935
4936,4936,row4936
4937,4937,row4937
4938,4938,row4938
4939,4939,row4939
4940,4940,row4940
4941,4941,row4941
4942,4942,row4942
4943,4943,row4943
4944,4944,row4944
4945,4945,row4945
4946,4946,row4946
4947,4947,row4947
4948,4948,row4948
4949,4949,row4949
4950,4950,row4950
4951,4951,row4951
4952,4952,row4952
4953,4953,row4953
4954,4954,row4954
4955,4955,row4955
4956,4956,row4956
4957,4957,row4957
4958,4958,row4958
4959,4959,row4959
4960,4960,row4960
4961,4961,row4961
4962,4962,row4962
4963,4963,row4963
4964,4964,row4964
4965,4965,row4965
4966,4966,row4966
4967,4967,row4967
4968,4968,row4968
4969,4969,row4969
4970,4970,row4970
4971,4971,row4971
4972,4972,row4972
4973,4973,row4973
4974,4974,row4974
4975,4975,row4975
4976,4976,row4976
4977,4977,row4977
4978,4978,row4978
4979,4979,row4979
4980,4980,row4980
4981,4981,row4981
4982,4982,row4982
4983,4983,row4983
4984,4984,row4984
4985,4985,row4985
4986,4986,row4986
4987,4987,row4987
4988,4988,row4988
4989,4989,row4989
4990,4990,row4990
4991,4991,row4991
4992,4992,row4992
4993,4993,row4993
4994,4994,row4994
4995,4995,row4995
4996,4996,row4996
4997,4997,row4997
4998,4998,row4998
4999,4999,row4999
5000,5000,row5000
5001,5001,row5001
5002,5002,row5002
5003,5003,row5003
5004,5004,row5004
5005,5005,row5005
5006,5006,row5006
5007,5007,row5007
5008,5008,row5008
5009,5009,row5009
5010,5010,row5010
5011,5011,row5011
5012,5012,row5012
5013,5013,row5013
5014,5014,row5014
5015,5015,row5015
5016,5016,row5016
5017,5017,row5017
5018,5018,row5018
5019,5019,row5019
5020,5020,row5020
5021,5021,row5021
5022,5022,row5022
5023,5023,row5023
5024,5024,row5024
5025,5025,row5025
5026,5026,row5026
5027,5027,row5027
5028,5028,row5028
5029,5029,row5029
5030,5030,row5030
5031,5031,row5031
5032,5032,row5032
5033,5033,row5033
5034,5034,row5034
5035,5035,row5035
5036,5036,row5036
5037,5037,row5037
5038,5038,row5038
5039,5039,row5039
5040,5040,row5040
5041,5041,row5041
5042,5042,row5042
5043,5043,row5043
5044,5044,row5044
5045,5045,row5045
5046,5046,row5046
5047,5047,row5047
5048,5048,row5048
5049,5049,row5049
5050,5050,row5050
5051,5051,row5051
5052,5052,row5052
5053,5053,row5053
5054,5054,row5054
5055,5055,row5055
5056,5056,row5056
5057,5057,row5057
5058,5058,row5058
5059,5059,row5059
5060,5060,row5060
5061,5061,row5061
5062,5062,row5062
5063,5063,row5063
5064,5064,row5064
5065,5065,row5065
5066,5066,row5066
5067,5067,row5067
5068,5068,row5068
5069,5069,row5069
5070,5070,row5070
5071,5071,row5071
5072,5072,row5072
5073,5073,row5073
5074,5074,row5074
5075,5075,row5075
5076,5076,row5076
5077,5077,row5077
5078,5078,row5078
5079,5079,row5079
5080,5080,row5080
5081,5081,row5081
5082,5082,row5082
5083,5083,row5083
5084,5084,row5084
5085,5085,row5085
5086,5086,row5086
5087,5087,row5087
5088,5088,row5088
5089,5089,row5089
5090,5090,row5090
5091,5091,row5091
5092,5092,row5092
5093,5093,row5093
5094,5094,row5094
5095,5095,row5095
5096,5096,row5096
5097,5097,row5097
5098,5098,row5098
5099,5099,row5099
5100,5100,row5100
5101,5101,row5101
5102,5102,row5102
5103,5103,row5103
5104,5104,row5104
5105,5105,row5105
5106,5106,row5106
5107,5107,row5107
5108,5108,row5108
5109,5109,row5109
5110,5110,row5110
5111,5111,row5111
5112,5112,row5112
5113,5113,row5113
5114,5114,row5114
5115,5115,row5115
5116,5116,row5116
5117,5117,row5117
5118,5118,row5118
5119,5119,row5119
5120,5120,row5120
5121,5121,row5121
5122,5122,row5122
5123,5123,row5123
5124,5124,row5124
5125,5125,row5125
5126,5126,row5126
5127,5127,row5127
5128,5128,row5128
5129,5129,row5129
5130,5130,row5130
5131,5131,row5131
5132,5132,row5132
5133,5133,row5133
5134,5134,row5134
5135,5135,row5135
5136,5136,row5136
5137,5137,row5137
5138,5138,row5138
5139,5139,row5139
5140,5140,row5140
5141,5141,row5141
5142,5142,row5142
5143,5143,row5143
5144,5144,row5144
5145,5145,row5145
5146,5146,row5146
5147,5147,row5147
5148,5148,row5148
5149,5149,row5149
5150,5150,row5150
5151,5151,row5151
5152,5152,row5152
5153,5153,row5153
5154,5154,row5154
5155,5155,row5155
5156,5156,row5156
5157,5157,row5157
5158,5158,row5158
5159,5159,row5159
5160,5160,row5160
5161,5161,row5161
5162,5162,row5162
5163,5163,row5163
5164,5164,row5164
5165,5165,row5165
5166,5166,row5166
5167,5167,row5167
5168,5168,row5168
5169,5169,row5169
5170,5170,row5170
5171,5171,row5171
5172,5172,row5172
5173,5173,row5173
5174,5174,row5174
5175,5175,row5175
5176,5176,row5176
5177,5177,row5177
5178,5178,row5178
5179,5179,row5179
5180,5180,row5180
5181,5181,row5181
5182,5182,row5182
5183,5183,row5183
5184,5184,row5184
5185,5185,row5185
5186,5186,row5186
5187,5187,row5187
5188,5188,row5188
5189,5189,row5189
5190,5190,row5190
5191,5191,row5191
5192,5192,row5192
5193,5193,row5193
5194,5194,row5194
5195,5195,row5195
5196,5196,row5196
5197,5197,row5197
5198,5198,row5198
5199,5199,row5199
5200,5200,row5200
5201,5201,row5201
5202,5202,row5202
5203,5203,row5203
5204,5204,row5204
5205,5205,row5205
5206,5206,row5206
5207,5207,row5207
5208,5208,row5208
5209,5209,row5209
5210,5210,row5210
5211,5211,row5211
5212,5212,row5212
5213,5213,row5213
5214,5214,row5214
5215,5215,row5215
5216,5216,row5216
5217,5217,row5217
5218,5218,row5218
5219,5219,row5219
5220,5220,row5220
5221,5221,row5221
5222,5222,row5222
5223,5223,row5223
5224,5224,row5224
5225,5225,row5225
5226,5226,row5226
5227,5227,row5227
5228,5228,row5228
5229,5229,row5229
5230,5230,row5230
5231,5231,row5231
5232,5232,row5232
5233,5233,row5233
5234,5234,row5234
5235,5235,row5235
5236,5236,row5236
5237,5237,row5237
5238,5238,row5238
5239,5239,row5239
5240,5240,row5240
5241,5241,row5241
5242,5242,row5242
5243,5243,row5243
5244,5244,row5244
5245,5245,row5245
5246,5246,row5246
5247,5247,row5247
5248,5248,row5248
5249,5249,row5249
5250,5250,row5250
5251,5251,row5251
5252,5252,row5252
5253,5253,row5253
5254,5254,row5254
5255,5255,row5255
5256,5256,row5256
5257,5257,row5257
5258,5258,row5258
5259,5259,row5259
5260,5260,row5260
5261,5261,row5261
5262,5262,row5262
5263,5263,row5263
5264,5264,row5264
5265,5265,row5265
5266,5266,row5266
5267,5267,row5267
5268,5268,row5268
5269,5269,row5269
5270,5270,row5270
5271,5271,row5271
5272,5272,row5272
5273,5273,row5273
5274,5274,row5274
5275,5275,row5275
5276,5276,row5276
5277,5277,row5277
5278,5278,row5278
5279,5279,row5279
5280,5280,row5280
5281,5281,row5281
5282,5282,row5282
5283,5283,row5283
5284,5284,row5284
5285,5285,row5285
5286,5286,row5286
5287,5287,row5287
5288,5288,row5288
5289,5289,row5289
5290,5290,row5290
5291,5291,row5291
5292,5292,row5292
5293,5293,row5293
5294,5294,row5294
5295,5295,row5295
5296,5296,row5296
5297,5297,row5297
5298,5298,row5298
5299,5299,row5299
5300,5300,row5300
5301,5301,row5301
5302,5302,row5302
5303,5303,row5303
5304,5304,row5304
5305,5305,row5305
5306,5306,row5306
5307,5307,row5307
5308,5308,row5308
5309,5309,row5309
5310,5310,row5310
5311,5311,row5311
5312,5312,row5312
5313,5313,row5313
5314,5314,row5314
5315,5315,row5315
5316,5316,row5316
5317,5317,row5317
5318,5318,row5318
5319,5319,row5319
5320,5320,row5320
5321,5321,row5321
5322,5322,row5322
5323,5323,row5323
5324,5324,row5324
5325,5325,row5325
5326,5326,row5326
5327,5327,row5327
5328,5328,row5328
5329,5329,row5329
5330,5330,row5330
5331,5331,row5331
5332,5332,row5332
5333,5333,row5333
5334,5334,row5334
5335,5335,row5335
5336,5336,row5336
5337,5337,row5337
5338,5338,row5338
5339,5339,row5339
5340,5340,row5340
5341,5341,row5341
5342,5342,row5342
5343,5343,row5343
5344,5344,row5344
5345,5345,row5345
5346,5346,row5346
5347,5347,row5347
5348,5348,row5348
5349,5349,row5349
5350,5350,row5350
5351,5351,row5351
5352,5352,row5352
5353,5353,row5353
5354,5354,row5354
5355,5355,row5355
5356,5356,row5356
5357,5357,row5357
5358,5358,row5358
5359,5359,row5359
5360,5360,row5360
5361,5361,row5361
5362,5362,row5362
5363,5363,row5363
5364,5364,row5364
5365,5365,row5365
5366,5366,row5366
5367,5367,row5367
5368,5368,row5368
5369,5369,row5369
5370,5370,row5370
5371,5371,row5371
5372,5372,row5372
5373,5373,row5373
5374,5374,row5374
5375,5375,row5375
5376,5376,row5376
5377,5377,row5377
5378,5378,row5378
5379,5379,row5379
5380,5380,row5380
5381,5381,row5381
5382,5382,row5382
5383,5383,row5383
5384,5384,row5384
5385,5385,row5385
5386,5386,row5386
5387,5387,row5387
5388,5388,row5388
5389,5389,row5389
5390,5390,row5390
5391,5391,row5391
5392,5392,row5392
5393,5393,row5393
5394,5394,row5394
5395,5395,row5395
5396,5396,row5396
5397,5397,row5397
5398,5398,row5398
5399,5399,row5399
5400,5400,row5400
5401,5401,row5401
5402,5402,row5402
5403,5403,row5403
5404,5404,row5404
5405,5405,row5405
5406,5406,row5406
5407,5407,row5407
5408,5408,row5408
5409,5409,row5409
5410,5410,row5410
5411,5411,row5411
5412,5412,row5412
5413,5413,row5413
5414,5414,row5414
5415,5415,row5415
5416,5416,row5416
5417,5417,row5417
5418,5418,row5418
5419,5419,row5419
5420,5420,row5420
5421,5421,row5421
5422,5422,row5422
5423,5423,row5423
5424,5424,row5424
5425,5425,row5425
5426,5426,row5426
5427,5427,row5427
5428,5428,row5428
5429,5429,row5429
5430,5430,row5430
5431,5431,row5431
5432,5432,row5432
5433,5433,row5433
5434,5434,row5434
5435,5435,row5435
5436,5436,row5436
5437,5437,row5437
5438,5438,row5438
5439,5439,row5439
5440,5440,row5440
5441,5441,row5441
5442,5442,row5442
5443,5443,row5443
5444,5444,row5444
5445,5445,row5445
5446,5446,row5446
5447,5447,row5447
5448,5448,row5448
5449,5449,row5449
5450,5450,row5450
5451,5451,row5451
5452,5452,row5452
5453,5453,row5453
5454,5454,row5454
5455,5455,row5455
5456,5456,row5456
5457,5457,row5457
5458,5458,row5458
5459,5459,row5459
5460,5460,row5460
5461,5461,row5461
5462,5462,row5462
5463,5463,row5463
5464,5464,row5464
5465,5465,row5465
5466,5466,row5466
5467,5467,row5467
5468,5468,row5468
5469,5469,row5469
5470,5470,row5470
5471,5471,row5471
5472,5472,row5472
5473,5473,row5473
5474,5474,row5474
5475,5475,row5475
5476,5476,row5476
5477,5477,row5477
5478,5478,row5478
5479,5479,row5479
5480,5480,row5480
5481,5481,row5481
5482,5482,row5482
5483,5483,row5483
5484,5484,row5484
5485,5485,row5485
5486,5486,row5486
5487,5487,row5487
5488,5488,row5488
5489,5489,row5489
5490,5490,row5490
5491,5491,row5491
5492,5492,row5492
5493,5493,row5493
5494,5494,row5494
5495,5495,row5495
5496,5496,row5496
5497,5497,row5497
5498,5498,row5498
5499,5499,row5499
5500,5500,row5500
5501,5501,row5501
5502,5502,row5502
5503,5503,row5503
5504,5504,row5504
5505,5505,row5505
5506,5506,row5506
5507,5507,row5507
5508,5508,row5508
5509,5509,row5509
5510,5510,row5510
5511,5511,row5511
5512,5512,row5512
5513,5513,row5513
5514,5514,row5514
5515,5515,row5515
5516,5516,row5516
5517,5517,row5517
5518,5518,row5518
5519,5519,row5519
5520,5520,row5520
5521,5521,row5521
5522,5522,row5522
5523,5523,row5523
5524,5524,row5524
5525,5525,row5525
5526,5526,row5526
5527,5527,row5527
5528,5528,row5528
5529,5529,row5529
5530,5530,row5530
5531,5531,row5531
5532,5532,row5532
5533,5533,row5533
5534,5534,row5534
5535,5535,row5535
5536,5536,row5536
5537,5537,row5537
5538,5538,row5538
5539,5539,row5539
5540,5540,row5540
5541,5541,row5541
5542,5542,row5542
5543,5543,row5543
5544,5544,row5544
5545,5545,row5545
5546,5546,row5546
5547,5547,row5547
5548,5548,row5548
5549,5549,row5549
5550,5550,row5550
5551,5551,row5551
5552,5552,row5552
5553,5553,row5553
5554,5554,row5554
5555,5555,row5555
5556,5556,row5556
5557,5557,row5557
5558,5558,row5558
5559,5559,row5559
5560,5560,row5560
5561,5561,row5561
5562,5562,row5562
5563,5563,row5563
5564,5564,row5564
5565,5565,row5565
5566,5566,row5566
5567,5567,row5567
5568,5568,row5568
5569,5569,row5569
5570,5570,row5570
5571,5571,row5571
5572,5572,row5572
5573,5573,row5573
5574,5574,row5574
5575,5575,row5575
5576,5576,row5576
5577,5577,row5577
5578,5578,row5578
5579,5579,row5579
5580,5580,row5580
5581,5581,row5581
5582,5582,row5582
5583,5583,row5583
5584,5584,row5584
5585,5585,row5585
5586,5586,row5586
5587,5587,row5587
5588,5588,row5588
5589,5589,row5589
5590,5590,row5590
5591,5591,row5591
5592,5592,row5592
5593,5593,row5593
5594,5594,row5594
5595,5595,row5595
5596,5596,row5596
5597,5597,row5597
5598,5598,row5598
5599,5599,row5599
5600,5600,row5600
5601,5601,row5601
5602,5602,row5602
5603,5603,row5603
5604,5604,row5604
5605,5605,row5605
5606,5606,row5606
5607,5607,row5607
5608,5608,row5608
5609,5609,row5609
5610,5610,row5610
5611,5611,row5611
5612,5612,row5612
5613,5613,row5613
5614,5614,row5614
5615,5615,row5615
5616,5616,row5616
5617,5617,row5617
5618,5618,row5618
5619,5619,row5619
5620,5620,row5620
5621,5621,row5621
5622,5622,row5622
5623,5623,row5623
5624,5624,row5624
5625,5625,row5625
5626,5626,row5626
5627,5627,row5627
5628,5628,row5628
5629,5629,row5629
5630,5630,row5630
5631,5631,row5631
5632,5632,row5632
5633,5633,row5633
5634,5634,row5634
5635,5635,row5635
5636,5636,row5636
5637,5637,row5637
5638,5638,row5638
5639,5639,row5639
5640,5640,row5640
5641,5641,row5641
5642,5642,row5642
5643,5643,row5643
5644,5644,row5644
5645,5645,row5645
5646,5646,row5646
5647,5647,row5647
5648,5648,row5648
5649,5649,row5649
5650,5650,row5650
5651,5651,row5651
5652,5652,row5652
5653,5653,row5653
5654,5654,row5654
5655,5655,row5655
5656,5656,row5656
5657,5657,row5657
5658,5658,row5658
5659,5659,row5659
5660,5660,row5660
5661,5661,row5661
5662,5662,row5662
5663,5663,row5663
5664,5664,row5664
5665,5665,row5665
5666,5666,row5666
5667,5667,row5667
5668,5668,row5668
5669,5669,row5669
5670,5670,row5670
5671,5671,row5671
5672,5672,row5672
5673,5673,row5673
5674,5674,row5674
5675,5675,row5675
5676,5676,row5676
5677,5677,row5677
5678,5678,row5678
5679,5679,row5679
5680,5680,row5680
5681,5681,row5681
5682,5682,row5682
5683,5683,row5683
5684,5684,row5684
5685,5685,row5685
5686,5686,row5686
5687,5687,row5687
5688,5688,row5688
5689,5689,row5689
5690,5690,row5690
5691,5691,row5691
5692,5692,row5692
5693,5693,row5693
5694,5694,row5694
5695,5695,row5695
5696,5696,row5696
5697,5697,row5697
5698,5698,row5698
5699,5699,row5699
5700,5700,row5700
5701,5701,row5701
5702,5702,row5702
5703,5703,row5703
5704,5704,row5704
5705,5705,row5705
5706,5706,row5706
5707,5707,row5707
5708,5708,row5708
5709,5709,row5709
5710,5710,row5710
5711,5711,row5711
5712,5712,row5712
5713,5713,row5713
5714,5714,row5714
5715,5715,row5715
5716,5716,row5716
5717,5717,row5717
5718,5718,row5718
5719,5719,row5719
5720,5720,row5720
5721,5721,row5721
5722,5722,row5722
5723,5723,row5723
5724,5724,row5724
5725,5725,row5725
5726,5726,row5726
5727,5727,row5727
5728,5728,row5728
5729,5729,row5729
5730,5730,row5730
5731,5731,row5731
5732,5732,row5732
5733,5733,row5733
5734,5734,row5734
5735,5735,row5735
5736,5736,row5736
5737,5737,row5737
5738,5738,row5738
5739,5739,row5739
5740,5740,row5740
5741,5741,row5741
5742,5742,row5742
5743,5743,row5743
5744,5744,row5744
5745,5745,row5745
5746,5746,row5746
5747,5747,row5747
5748,5748,row5748
5749,5749,row5749
5750,5750,row5750
5751,5751,row5751
5752,5752,row5752
5753,5753,row5753
5754,5754,row5754
5755,5755,row5755
5756,5756,row5756
5757,5757,row5757
5758,5758,row5758
5759,5759,row5759
5760,5760,row5760
5761,5761,row5761
5762,5762,row5762
5763,5763,row5763
5764,5764,row5764
5765,5765,row5765
5766,5766,row5766
5767,5767,row5767
5768,5768,row5768
5769,5769,row5769
5770,5770,row5770
5771,5771,row5771
5772,5772,row5772
5773,5773,row5773
5774,5774,row5774
5775,5775,row5775
5776,5776,row5776
5777,5777,row5777
5778,5778,row5778
5779,5779,row5779
5780,5780,row5780
5781,5781,row5781
5782,5782,row5782
5783,5783,row5783
5784,5784,row5784
5785,5785,row5785
5786,5786,row5786
5787,5787,row5787
5788,5788,row5788
5789,5789,row5789
5790,5790,row5790
5791,5791,row5791
5792,5792,row5792
5793,5793,row5793
5794,5794,row5794
5795,5795,row5795
5796,5796,row5796
5797,5797,row5797
5798,5798,row5798
5799,5799,row5799
5800,5800,row5800
5801,5801,row5801
5802,5802,row5802
5803,5803,row5803
5804,5804,row5804
5805,5805,row5805
5806,5806,row5806
5807,5807,row5807
5808,5808,row5808
5809,5809,row5809
5810,5810,row5810
5811,5811,row5811
5812,5812,row5812
5813,5813,row5813
5814,5814,row5814
5815,5815,row5815
5816,5816,row5816
5817,5817,row5817
5818,5818,row5818
5819,5819,row5819
5820,5820,row5820
5821,5821,row5821
5822,5822,row5822
5823,5823,row5823
5824,5824,row5824
5825,5825,row5825
5826,5826,row5826
5827,5827,row5827
5828,5828,row5828
5829,5829,row5829
5830,5830,row5830
5831,5831,row5831
5832,5832,row5832
5833,5833,row5833
5834,5834,row5834
5835,5835,row5835
5836,5836,row5836
5837,5837,row5837
5838,5838,row5838
5839,5839,row5839
5840,5840,row5840
5841,5841,row5841
5842,5842,row5842
5843,5843,row5843
5844,5844,row5844
5845,5845,row5845
5846,5846,row5846
5847,5847,row5847
5848,5848,row5848
5849,5849,row5849
5850,5850,row5850
5851,5851,row5851
5852,5852,row5852
5853,5853,row5853
5854,5854,row5854
5855,5855,row5855
5856,5856,row5856
5857,5857,row5857
5858,5858,row5858
5859,5859,row5859
5860,5860,row5860
5861,5861,row5861
5862,5862,row5862
5863,5863,row5863
5864,5864,row5864
5865,5865,row5865
5866,5866,row5866
5867,5867,row5867
5868,5868,row5868
5869,5869,row5869
5870,5870,row5870
5871,5871,row5871
5872,5872,row5872
5873,5873,row5873
5874,5874,row5874
5875,5875,row5875
5876,5876,row5876
5877,5877,row5877
5878,5878,row5878
5879,5879,row5879
5880,5880,row5880
5881,5881,row5881
5882,5882,row5882
5883,5883,row5883
5884,5884,row5884
5885,5885,row5885
5886,5886,row5886
5887,5887,row5887
5888,5888,row5888
5889,5889,row5889
5890,5890,row5890
5891,5891,row5891
5892,5892,row5892
5893,5893,row5893
5894,5894,row5894
5895,5895,row5895
5896,5896,row5896
5897,5897,row5897
5898,5898,row5898
5899,5899,row5899
5900,5900,row5900
5901,5901,row5901
5902,5902,row5902
5903,5903,row5903
5904,5904,row5904
5905,5905,row5905
5906,5906,row5906
5907,5907,row5907
5908,5908,row5908
5909,5909,row5909
5910,5910,row5910
5911,5911,row5911
5912,5912,row5912
5913,5913,row5913
5914,5914,row5914
5915,5915,row5915
5916,5916,row5916
5917,5917,row5917
5918,5918,row5918
5919,5919,row5919
5920,5920,row5920
5921,5921,row5921
5922,5922,row5922
5923,5923,row5923
5924,5924,row5924
5925,5925,row5925
5926,5926,row5926
5927,5927,row5927
5928,5928,row5928
5929,5929,row5929
5930,5930,row5930
5931,5931,row5931
5932,5932,row5932
5933,5933,row5933
5934,5934,row5934
5935,5935,row5935
5936,5936,row5936
5937,5937,row5937
5938,5938,row5938
5939,5939,row5939
5940,5940,row5940
5941,5941,row5941
5942,5942,row5942
5943,5943,row5943
5944,5944,row5944
5945,5945,row5945
5946,5946,row5946
5947,5947,row5947
5948,5948,row5948
5949,5949,row5949
5950,5950,row5950
5951,5951,row5951
5952,5952,row5952
5953,5953,row5953
5954,5954,row5954
5955,5955,row5955
5956,5956,row5956
5957,5957,row5957
5958,5958,row5958
5959,5959,row5959
5960,5960,row5960
5961,5961,row5961
5962,5962,row5962
5963,5963,row5963
5964,5964,row5964
5965,5965,row5965
5966,5966,row5966
5967,5967,row5967
5968,5968,row5968
5969,5969,row5969
5970,5970,row5970
5971,5971,row5971
5972,5972,row5972
5973,5973,row5973
5974,5974,row5974
5975,5975,row5975
5976,5976,row5976
5977,5977,row5977
5978,5978,row5978
5979,5979,row5979
5980,5980,row5980
5981,5981,row5981
5982,5982,row5982
5983,5983,row5983
5984,5984,row5984
5985,5985,row5985
5986,5986,row5986
5987,5987,row5987
5988,5988,row5988
5989,5989,row5989
5990,5990,row5990
5991,5991,row5991
5992,5992,row5992
5993,5993,row5993
5994,5994,row5994
5995,5995,row5995
5996,5996,row5996
5997,5997,row5997
5998,5998,row5998
5999,5999,row5999
6000,6000,row6000
6001,6001,row6001
6002,6002,row6002
6003,6003,row6003
6004,6004,row6004
6005,6005,row6005
6006,6006,row6006
6007,6007,row6007
6008,6008,row6008
6009,6009,row6009
6010,6010,row6010
6011,6011,row6011
6012,6012,row6012
6013,6013,row6013
6014,6014,row6014
6015,6015,row6015
6016,6016,row6016
6017,6017,row6017
6018,6018,row6018
6019,6019,row6019
6020,6020,row6020
6021,6021,row6021
6022,6022,row6022
6023,6023,row6023
6024,6024,row6024
6025,6025,row6025
6026,6026,row6026
6027,6027,row6027
6028,6028,row6028
6029,6029,row6029
6030,6030,row6030
6031,6031,row6031
6032,6032,row6032
6033,6033,row6033
6034,6034,row6034
6035,6035,row6035
6036,6036,row6036
6037,6037,row6037
6038,6038,row6038
6039,6039,row6039
6040,6040,row6040
6041,6041,row6041
6042,6042,row6042
6043,6043,row6043
6044,6044,row6044
6045,6045,row6045
6046,6046,row6046
6047,6047,row6047
6048,6048,row6048
6049,6049,row6049
6050,6050,row6050
6051,6051,row6051
6052,6052,row6052
6053,6053,row6053
6054,6054,row6054
6055,6055,row6055
6056,6056,row6056
6057,6057,row6057
6058,6058,row6058
6059,6059,row6059
6060,6060,row6060
6061,6061,row6061
6062,6062,row6062
6063,6063,row6063
6064,6064,row6064
6065,6065,row6065
6066,6066,row6066
6067,6067,row6067
6068,6068,row6068
6069,6069,row6069
6070,6070,row6070
6071,6071,row6071
6072,6072,row6072
6073,6073,row6073
6074,6074,row6074
6075,6075,row6075
6076,6076,row6076
6077,6077,row6077
6078,6078,row6078
6079,6079,row6079
6080,6080,row6080
6081,6081,row6081
6082,6082,row6082
6083,6083,row6083
6084,6084,row6084
6085,6085,row6085
6086,6086,row6086
6087,6087,row6087
6088,6088,row6088
6089,6089,row6089
6090,6090,row6090
6091,6091,row6091
6092,6092,row6092
6093,6093,row6093
6094,6094,row6094
6095,6095,row6095
6096,6096,row6096
6097,6097,row6097
6098,6098,row6098
6099,6099,row6099
6100,6100,row6100
6101,6101,row6101
6102,6102,row6102
6103,6103,row6103
6104,6104,row6104
6105,6105,row6105
6106,6106,row6106
6107,6107,row6107
6108,6108,row6108
6109,6109,row6109
6110,6110,row6110
6111,6111,row6111
6112,6112,row6112
6113,6113,row6113
6114,6114,row6114
6115,6115,row6115
6116,6116,row6116
6117,6117,row6117
6118,6118,row6118
6119,6119,row6119
6120,6120,row6120
6121,6121,row6121
6122,6122,row6122
6123,6123,row6123
6124,6124,row6124
6125,6125,row6125
6126,6126,row6126
6127,6127,row6127
6128,6128,row6128
6129,6129,row6129
6130,6130,row6130
6131,6131,row6131
6132,6132,row6132
6133,6133,row6133
6134,6134,row6134
6135,6135,row6135
6136,6136,row6136
6137,6137,row6137
6138,6138,row6138
6139,6139,row6139
6140,6140,row6140
6141,6141,row6141
6142,6142,row6142
6143,6143,row6143
6144,6144,row6144
6145,6145,row6145
6146,6146,row6146
6147,6147,row6147
6148,6148,row6148
6149,6149,row6149
6150,6150,row6150
6151,6151,row6151
6152,6152,row6152
6153,6153,row6153
6154,6154,row6154
6155,6155,row6155
6156,6156,row6156
6157,6157,row6157
6158,6158,row6158
6159,6159,row6159
6160,6160,row6160
6161,6161,row6161
6162,6162,row6162
6163,6163,row6163
6164,6164,row6164
6165,6165,row6165
6166,6166,row6166
6167,6167,row6167
6168,6168,row6168
6169,6169,row6169
6170,6170,row6170
6171,6171,row6171
6172,6172,row6172
6173,6173,row6173
6174,6174,row6174
6175,6175,row6175
6176,6176,row6176
6177,6177,row6177
6178,6178,row6178
6179,6179,row6179
6180,6180,row6180
6181,6181,row6181
6182,6182,row6182
6183,6183,row6183
6184,6184,row6184
6185,6185,row6185
6186,6186,row6186
6187,6187,row6187
6188,6188,row6188
6189,6189,row6189
6190,6190,row6190
6191,6191,row6191
6192,6192,row6192
6193,6193,row6193
6194,6194,row6194
6195,6195,row6195
6196,6196,row6196
6197,6197,row6197
6198,6198,row6198
6199,6199,row6199
6200,6200,row6200
6201,6201,row6201
6202,6202,row6202
6203,6203,row6203
6204,6204,row6204
6205,6205,row6205
6206,6206,row6206
6207,6207,row6207
6208,6208,row6208
6209,6209,row6209
6210,6210,row6210
6211,6211,row6211
6212,6212,row6212
6213,6213,row6213
6214,6214,row6214
6215,6215,row6215
6216,6216,row6216
6217,6217,row6217
6218,6218,row6218
6219,6219,row6219
6220,6220,row6220
6221,6221,row6221
6222,6222,row6222
6223,6223,row6223
6224,6224,row6224
6225,6225,row6225
6226,6226,row6226
6227,6227,row6227
6228,6228,row6228
6229,6229,row6229
6230,6230,row6230
6231,6231,row6231
6232,6232,row6232
6233,6233,row6233
6234,6234,row6234
6235,6235,row6235
6236,6236,row6236
6237,6237,row6237
6238,6238,row6238
6239,6239,row6239
6240,6240,row6240
6241,6241,row6241
6242,6242,row6242
6243,6243,row6243
6244,6244,row6244
6245,6245,row6245
6246,6246,row6246
6247,6247,row6247
6248,6248,row6248
6249,6249,row6249
6250,6250,row6250
6251,6251,row6251
6252,6252,row6252
6253,6253,row6253
6254,6254,row6254
6255,6255,row6255
6256,6256,row6256
6257,6257,row6257
6258,6258,row6258
6259,6259,row6259
6260,6260,row6260
6261,6261,row6261
6262,6262,row6262
6263,6263,row6263
6264,6264,row6264
6265,6265,row6265
6266,6266,row6266
6267,6267,row6267
6268,6268,row6268
6269,6269,row6269
6270,6270,row6270
6271,6271,row6271
6272,6272,row6272
6273,6273,row6273
6274,6274,row6274
6275,6275,row6275
6276,6276,row6276
6277,6277,row6277
6278,6278,row6278
6279,6279,row6279
6280,6280,row6280
6281,6281,row6281
6282,6282,row6282
6283,6283,row6283
6284,6284,row6284
6285,6285,row6285
6286,6286,row6286
6287,6287,row6287
6288,6288,row6288
6289,6289,row6289
6290,6290,row6290
6291,6291,row6291
6292,6292,row6292
6293,6293,row6293
6294,6294,row6294
6295,6295,row6295
6296,6296,row6296
6297,6297,row6297
6298,6298,row6298
6299,6299,row6299
6300,6300,row6300
6301,6301,row6301
6302,6302,row6302
6303,6303,row6303
6304,6304,row6304
6305,6305,row6305
6306,6306,row6306
6307,6307,row6307
6308,6308,row6308
6309,6309,row6309
6310,6310,row6310
6311,6311,row6311
6312,6312,row6312
6313,6313,row6313
6314,6314,row6314
6315,6315,row6315
6316,6316,row6316
6317,6317,row6317
6318,6318,row6318
6319,6319,row6319
6320,6320,row6320
6321,6321,row6321
6322,6322,row6322
6323,6323,row6323
6324,6324,row6324
6325,6325,row6325
6326,6326,row6326
6327,6327,row6327
6328,6328,row6328
6329,6329,row6329
6330,6330,row6330
6331,6331,row6331
6332,6332,row6332
6333,6333,row6333
6334,6334,row6334
6335,6335,row6335
6336,6336,row6336
6337,6337,row6337
6338,6338,row6338
6339,6339,row6339
6340,6340,row6340
6341,6341,row6341
6342,6342,row6342
6343,6343,row6343
6344,6344,row6344
6345,6345,row6345
6346,6346,row6346
6347,6347,row6347
6348,6348,row6348
6349,6349,row6349
6350,6350,row6350
6351,6351,row6351
6352,6352,row6352
6353,6353,row6353
6354,6354,row6354
6355,6355,row6355
6356,6356,row6356
6357,6357,row6357
6358,6358,row6358
6359,6359,row6359
6360,6360,row6360
6361,6361,row6361
6362,6362,row6362
6363,6363,row6363
6364,6364,row6364
6365,6365,row6365
6366,6366,row6366
6367,6367,row6367
6368,6368,row6368
6369,6369,row6369
6370,6370,row6370
6371,6371,row6371
6372,6372,row6372
6373,6373,row6373
6374,6374,row6374
6375,6375,row6375
6376,6376,row6376
6377,6377,row6377
6378,6378,row6378
6379,6379,row6379
6380,6380,row6380
6381,6381,row6381
6382,6382,row6382
6383,6383,row6383
6384,6384,row6384
6385,6385,row6385
6386,6386,row6386
6387,6387,row6387
6388,6388,row6388
6389,6389,row6389
6390,6390,row6390
6391,6391,row6391
6392,6392,row6392
6393,6393,row6393
6394,6394,row6394
6395,6395,row6395
6396,6396,row6396
6397,6397,row6397
6398,6398,row6398
6399,6399,row6399
6400,6400,row6400
6401,6401,row6401
6402,6402,row6402
6403,6403,row6403
6404,6404,row6404
6405,6405,row6405
6406,6406,row6406
6407,6407,row6407
6408,6408,row6408
6409,6409,row6409
6410,6410,row6410
6411,6411,row6411
6412,6412,row6412
6413,6413,row6413
6414,6414,row6414
6415,6415,row6415
6416,6416,row6416
6417,6417,row6417
6418,6418,row6418
6419,6419,row6419
6420,6420,row6420
6421,6421,row6421
6422,6422,row6422
6423,6423,row6423
6424,6424,row6424
6425,6425,row6425
6426,6426,row6426
6427,6427,row6427
6428,6428,row6428
6429,6429,row6429
6430,6430,row6430
6431,6431,row6431
6432,6432,row6432
6433,6433,row6433
6434,6434,row6434
6435,6435,row6435
6436,6436,row6436
6437,6437,row6437
6438,6438,row6438
6439,6439,row6439
6440,6440,row6440
6441,6441,row6441
6442,6442,row6442
6443,6443,row6443
6444,6444,row6444
6445,6445,row6445
6446,6446,row6446
6447,6447,row6447
6448,6448,row6448
6449,6449,row6449
6450,6450,row6450
6451,6451,row6451
6452,6452,row6452
6453,6453,row6453
6454,6454,row6454
6455,6455,row6455
6456,6456,row6456
6457,6457,row6457
6458,6458,row6458
6459,6459,row6459
6460,6460,row6460
6461,6461,row6461
6462,6462,row6462
6463,6463,row6463
6464,6464,row6464
6465,6465,row6465
6466,6466,row6466
6467,6467,row6467
6468,6468,row6468
6469,6469,row6469
6470,6470,row6470
6471,6471,row6471
6472,6472,row6472
6473,6473,row6473
6474,6474,row6474
6475,6475,row6475
6476,6476,row6476
6477,6477,row6477
6478,6478,row6478
6479,6479,row6479
6480,6480,row6480
6481,6481,row6481
6482,6482,row6482
6483,6483,row6483
6484,6484,row6484
6485,6485,row6485
6486,6486,row6486
6487,6487,row6487
6488,6488,row6488
6489,6489,row6489
6490,6490,row6490
6491,6491,row6491
6492,6492,row6492
6493,6493,row6493
6494,6494,row6494
6495,6495,row6495
6496,6496,row6496
6497,6497,row6497
6498,6498,row6498
6499,6499,row6499
6500,6500,row6500
6501,6501,row6501
6502,6502,row6502
6503,6503,row6503
6504,6504,row6504
6505,6505,row6505
6506,6506,row6506
6507,6507,row6507
6508,6508,row6508
6509,6509,row6509
6510,6510,row6510
6511,6511,row6511
6512,6512,row6512
6513,6513,row6513
6514,6514,row6514
6515,6515,row6515
6516,6516,row6516
6517,6517,row6517
6518,6518,row6518
6519,6519,row6519
6520,6520,row6520
6521,6521,row6521
6522,6522,row6522
6523,6523,row6523
6524,6524,row6524
6525,6525,row6525
6526,6526,row6526
6527,6527,row6527
6528,6528,row6528
6529,6529,row6529
6530,6530,row6530
6531,6531,row6531
6532,6532,row6532
6533,6533,row6533
6534,6534,row6534
6535,6535,row6535
6536,6536,row6536
6537,6537,row6537
6538,6538,row6538
6539,6539,row6539
6540,6540,row6540
6541,6541,row6541
6542,6542,row6542
6543,6543,row6543
6544,6544,row6544
6545,6545,row6545
6546,6546,row6546
6547,6547,row6547
6548,6548,row6548
6549,6549,row6549
6550,6550,row6550
6551,6551,row6551
6552,6552,row6552
6553,6553,row6553
6554,6554,row6554
6555,6555,row6555
6556,6556,row6556
6557,6557,row6557
6558,6558,row6558
6559,6559,row6559
6560,6560,row6560
6561,6561,row6561
6562,6562,row6562
6563,6563,row6563
6564,6564,row6564
6565,6565,row6565
6566,6566,row6566
6567,6567,row6567
6568,6568,row6568
6569,6569,row6569
6570,6570,row6570
6571,6571,row6571
6572,6572,row6572
6573,6573,row6573
6574,6574,row6574
6575,6575,row6575
6576,6576,row6576
6577,6577,row6577
6578,6578,row6578
6579,6579,row6579
6580,6580,row6580
6581,6581,row6581
6582,6582,row6582
6583,6583,row6583
6584,6584,row6584
6585,6585,row6585
6586,6586,row6586
6587,6587,row6587
6588,6588,row6588
6589,6589,row6589
6590,6590,row6590
6591,6591,row6591
6592,6592,row6592
6593,6593,row6593
6594,6594,row6594
6595,6595,row6595
6596,6596,row6596
6597,6597,row6597
6598,6598,row6598
6599,6599,row6599
6600,6600,row6600
6601,6601,row6601
6602,6602,row6602
6603,6603,row6603
6604,6604,row6604
6605,6605,row6605
6606,6606,row6606
6607,6607,row6607
6608,6608,row6608
6609,6609,row6609
6610,6610,row6610
6611,6611,row6611
6612,6612,row6612
6613,6613,row6613
6614,6614,row6614
6615,6615,row6615
6616,6616,row6616
6617,6617,row6617
6618,6618,row6618
6619,6619,row6619
6620,6620,row6620
6621,6621,row6621
6622,6622,row6622
6623,6623,row6623
6624,6624,row6624
6625,6625,row6625
6626,6626,row6626
6627,6627,row6627
6628,6628,row6628
6629,6629,row6629
6630,6630,row6630
6631,6631,row6631
6632,6632,row6632
6633,6633,row6633
6634,6634,row6634
6635,6635,row6635
6636,6636,row6636
6637,6637,row6637
6638,6638,row6638
6639,6639,row6639
6640,6640,row6640
6641,6641,row6641
6642,6642,row6642
6643,6643,row6643
6644,6644,row6644
6645,6645,row6645
6646,6646,row6646
6647,6647,row6647
6648,6648,row6648
6649,6649,row6649
6650,6650,row6650
6651,6651,row6651
6652,6652,row6652
6653,6653,row6653
6654,6654,row6654
6655,6655,row6655
6656,6656,row6656
6657,6657,row6657
6658,6658,row6658
6659,6659,row6659
6660,6660,row6660
6661,6661,row6661
6662,6662,row6662
6663,6663,row6663
6664,6664,row6664
6665,6665,row6665
6666,6666,row6666
6667,6667,row6667
6668,6668,row6668
6669,6669,row6669
6670,6670,row6670
6671,6671,row6671
6672,6672,row6672
6673,6673,row6673
6674,6674,row6674
6675,6675,row6675
6676,6676,row6676
6677,6677,row6677
6678,6678,row6678
6679,6679,row6679
6680,6680,row6680
6681,6681,row6681
6682,6682,row6682
6683,6683,row6683
6684,6684,row6684
6685,6685,row6685
6686,6686,row6686
6687,6687,row6687
6688,6688,row6688
6689,6689,row6689
6690,6690,row6690
6691,6691,row6691
6692,6692,row6692
6693,6693,row6693
6694,6694,row6694
6695,6695,row6695
6696,6696,row6696
6697,6697,row6697
6698,6698,row6698
6699,6699,row6699
6700,6700,row6700
6701,6701,row6701
6702,6702,row6702
6703,6703,row6703
6704,6704,row6704
6705,6705,row6705
6706,6706,row6706
6707,6707,row6707
6708,6708,row6708
6709,6709,row6709
6710,6710,row6710
6711,6711,row6711
6712,6712,row6712
6713,6713,row6713
6714,6714,row6714
6715,6715,row6715
6716,6716,row6716
6717,6717,row6717
6718,6718,row6718
6719,6719,row6719
6720,6720,row6720
6721,6721,row6721
6722,6722,row6722
6723,6723,row6723
6724,6724,row6724
6725,6725,row6725
6726,6726,row6726
6727,6727,row6727
6728,6728,row6728
6729,6729,row6729
6730,6730,row6730
6731,6731,row6731
6732,6732,row6732
6733,6733,row6733
6734,6734,row6734
6735,6735,row6735
6736,6736,row6736
6737,6737,row6737
6738,6738,row6738
6739,6739,row6739
6740,6740,row6740
6741,6741,row6741
6742,6742,row6742
6743,6743,row6743
6744,6744,row6744
6745,6745,row6745
6746,6746,row6746
6747,6747,row6747
6748,6748,row6748
6749,6749,row6749
6750,6750,row6750
6751,6751,row6751
6752,6752,row6752
6753,6753,row6753
6754,6754,row6754
6755,6755,row6755
6756,6756,row6756
6757,6757,row6757
6758,6758,row6758
6759,6759,row6759
6760,6760,row6760
6761,6761,row6761
6762,6762,row6762
6763,6763,row6763
6764,6764,row6764
6765,6765,row6765
6766,6766,row6766
6767,6767,row6767
6768,6768,row6768
6769,6769,row6769
6770,6770,row6770
6771,6771,row6771
6772,6772,row6772
6773,6773,row6773
6774,6774,row6774
6775,6775,row6775
6776,6776,row6776
6777,6777,row6777
6778,6778,row6778
6779,6779,row6779
6780,6780,row6780
6781,6781,row6781
6782,6782,row6782
6783,6783,row6783
6784,6784,row6784
6785,6785,row6785
6786,6786,row6786
6787,6787,row6787
6788,6788,row6788
6789,6789,row6789
6790,6790,row6790
6791,6791,row6791
6792,6792,row6792
6793,6793,row6793
6794,6794,row6794
6795,6795,row6795
6796,6796,row6796
6797,6797,row6797
6798,6798,row6798
6799,6799,row6799
6800,6800,row6800
6801,6801,row6801
6802,6802,row6802
6803,6803,row6803
6804,6804,row6804
6805,6805,row6805
6806,6806,row6806
6807,6807,row6807
6808,6808,row6808
6809,6809,row6809
6810,6810,row6810
6811,6811,row6811
6812,6812,row6812
6813,6813,row6813
6814,6814,row6814
6815,6815,row6815
6816,6816,row6816
6817,6817,row6817
6818,6818,row6818
6819,6819,row6819
6820,6820,row6820
6821,6821,row6821
6822,6822,row6822
6823,6823,row6823
6824,6824,row6824
6825,6825,row6825
6826,6826,row6826
6827,6827,row6827
6828,6828,row6828
6829,6829,row6829
6830,6830,row6830
6831,6831,row6831
6832,6832,row6832
6833,6833,row6833
6834,6834,row6834
6835,6835,row6835
6836,6836,row6836
6837,6837,row6837
6838,6838,row6838
6839,6839,row6839
6840,6840,row6840
6841,6841,row6841
6842,6842,row6842
6843,6843,row6843
6844,6844,row6844
6845,6845,row6845
6846,6846,row6846
6847,6847,row6847
6848,6848,row6848
6849,6849,row6849
6850,6850,row6850
6851,6851,row6851
6852,6852,row6852
6853,6853,row6853
6854,6854,row6854
6855,6855,row6855
6856,6856,row6856
6857,6857,row6857
6858,6858,row6858
6859,6859,row6859
6860,6860,row6860
6861,6861,row6861
6862,6862,row6862
6863,6863,row6863
6864,6864,row6864
6865,6865,row6865
6866,6866,row6866
6867,6867,row6867
6868,6868,row6868
6869,6869,row6869
6870,6870,row6870
6871,6871,row6871
6872,6872,row6872
6873,6873,row6873
6874,6874,row6874
6875,6875,row6875
6876,6876,row6876
6877,6877,row6877
6878,6878,row6878
6879,6879,row6879
6880,6880,row6880
6881,6881,row6881
6882,6882,row6882
6883,6883,row6883
6884,6884,row6884
6885,6885,row6885
6886,6886,row6886
6887,6887,row6887
6888,6888,row6888
6889,6889,row6889
6890,6890,row6890
6891,6891,row6891
6892,6892,row6892
6893,6893,row6893
6894,6894,row6894
6895,6895,row6895
6896,6896,row6896
6897,6897,row6897
6898,6898,row6898
6899,6899,row6899
6900,6900,row6900
6901,6901,row6901
6902,6902,row6902
6903,6903,row6903
6904,6904,row6904
6905,6905,row6905
6906,6906,row6906
6907,6907,row6907
6908,6908,row6908
6909,6909,row6909
6910,6910,row6910
6911,6911,row6911
6912,6912,row6912
6913,6913,row6913
6914,6914,row6914
6915,6915,row6915
6916,6916,row6916
6917,6917,row6917
6918,6918,row6918
6919,6919,row6919
6920,6920,row6920
6921,6921,row6921
6922,6922,row6922
6923,6923,row6923
6924,6924,row6924
6925,6925,row6925
6926,6926,row6926
6927,6927,row6927
6928,6928,row6928
6929,6929,row6929
6930,6930,row6930
6931,6931,row6931
6932,6932,row6932
6933,6933,row6933
6934,6934,row6934
6935,6935,row6935
6936,6936,row6936
6937,6937,row6937
6938,6938,row6938
6939,6939,row6939
6940,6940,row6940
6941,6941,row6941
6942,6942,row6942
6943,6943,row6943
6944,6944,row6944
6945,6945,row6945
6946,6946,row6946
6947,6947,row6947
6948,6948,row6948
6949,6949,row6949
6950,6950,row6950
6951,6951,row6951
6952,6952,row6952
6953,6953,row6953
6954,6954,row6954
6955,6955,row6955
6956,6956,row6956
6957,6957,row6957
6958,6958,row6958
6959,6959,row6959
6960,6960,row6960
6961,6961,row6961
6962,6962,row6962
6963,6963,row6963
6964,6964,row6964
6965,6965,row6965
6966,6966,row6966
6967,6967,row6967
6968,6968,row6968
6969,6969,row6969
6970,6970,row6970
6971,6971,row6971
6972,6972,row6972
6973,6973,row6973
6974,6974,row6974
6975,6975,row6975
6976,6976,row6976
6977,6977,row6977
6978,6978,row6978
6979,6979,row6979
6980,6980,row6980
6981,6981,row6981
6982,6982,row6982
6983,6983,row6983
6984,6984,row6984
6985,6985,row6985
6986,6986,row6986
6987,6987,row6987
6988,6988,row6988
6989,6989,row6989
6990,6990,row6990
6991,6991,row6991
6992,6992,row6992
6993,6993,row6993
6994,6994,row6994
6995,6995,row6995
6996,6996,row6996
6997,6997,row6997
6998,6998,row6998
6999,6999,row6999
7000,7000,row7000
7001,7001,row7001
7002,7002,row7002
7003,7003,row7003
7004,7004,row7004
7005,7005,row7005
7006,7006,row7006
7007,7007,row7007
7008,7008,row7008
7009,7009,row7009
7010,7010,row7010
7011,7011,row7011
7012,7012,row7012
7013,7013,row7013
7014,7014,row7014
7015,7015,row7015
7016,7016,row7016
7017,7017,row7017
7018,7018,row7018
7019,7019,row7019
7020,7020,row7020
7021,7021,row7021
7022,7022,row7022
7023,7023,row7023
7024,7024,row7024
7025,7025,row7025
7026,7026,row7026
7027,7027,row7027
7028,7028,row7028
7029,7029,row7029
7030,7030,row7030
7031,7031,row7031
7032,7032,row7032
7033,7033,row7033
7034,7034,row7034
7035,7035,row7035
7036,7036,row7036
7037,7037,row7037
7038,7038,row7038
7039,7039,row7039
7040,7040,row7040
7041,7041,row7041
7042,7042,row7042
7043,7043,row7043
7044,7044,row7044
7045,7045,row7045
7046,7046,row7046
7047,7047,row7047
7048,7048,row7048
7049,7049,row7049
7050,7050,row7050
7051,7051,row7051
7052,7052,row7052
7053,7053,row7053
7054,7054,row7054
7055,7055,row7055
7056,7056,row7056
7057,7057,row7057
7058,7058,row7058
7059,7059,row7059
7060,7060,row7060
7061,7061,row7061
7062,7062,row7062
7063,7063,row7063
7064,7064,row7064
7065,7065,row7065
7066,7066,row7066
7067,7067,row7067
7068,7068,row7068
7069,7069,row7069
7070,7070,row7070
7071,7071,row7071
7072,7072,row7072
7073,7073,row7073
7074,7074,row7074
7075,7075,row7075
7076,7076,row7076
7077,7077,row7077
7078,7078,row7078
7079,7079,row7079
7080,7080,row7080
7081,7081,row7081
7082,7082,row7082
7083,7083,row7083
7084,7084,row7084
7085,7085,row7085
7086,7086,row7086
7087,7087,row7087
7088,7088,row7088
7089,7089,row7089
7090,7090,row7090
7091,7091,row7091
7092,7092,row7092
7093,7093,row7093
7094,7094,row7094
7095,7095,row7095
7096,7096,row7096
7097,7097,row7097
7098,7098,row7098
7099,7099,row7099
7100,7100,row7100
7101,7101,row7101
7102,7102,row7102
7103,7103,row7103
7104,7104,row7104
7105,7105,row7105
7106,7106,row7106
7107,7107,row7107
7108,7108,row7108
7109,7109,row7109
7110,7110,row7110
7111,7111,row7111
7112,7112,row7112
7113,7113,row7113
7114,7114,row7114
7115,7115,row7115
7116,7116,row7116
7117,7117,row7117
7118,7118,row7118
7119,7119,row7119
7120,7120,row7120
7121,7121,row7121
7122,7122,row7122
7123,7123,row7123
7124,7124,row7124
7125,7125,row7125
7126,7126,row7126
7127,7127,row7127
7128,7128,row7128
7129,7129,row7129
7130,7130,row7130
7131,7131,row7131
7132,7132,row7132
7133,7133,row7133
7134,7134,row7134
7135,7135,row7135
7136,7136,row7136
7137,7137,row7137
7138,7138,row7138
7139,7139,row7139
7140,7140,row7140
7141,7141,row7141
7142,7142,row7142
7143,7143,row7143
7144,7144,row7144
7145,7145,row7145
7146,7146,row7146
7147,7147,row7147
7148,7148,row7148
7149,7149,row7149
7150,7150,row7150
7151,7151,row7151
7152,7152,row7152
7153,7153,row7153
7154,7154,row7154
7155,7155,row7155
7156,7156,row7156
7157,7157,row7157
7158,7158,row7158
7159,7159,row7159
7160,7160,row7160
7161,7161,row7161
7162,7162,row7162
7163,7163,row7163
7164,7164,row7164
7165,7165,row7165
7166,7166,row7166
7167,7167,row7167
7168,7168,row7168
7169,7169,row7169
7170,7170,row7170
7171,7171,row7171
7172,7172,row7172
7173,7173,row7173
7174,7174,row7174
7175,7175,row7175
7176,7176,row7176
7177,7177,row7177
7178,7178,row7178
7179,7179,row7179
7180,7180,row7180
7181,7181,row7181
7182,7182,row7182
7183,7183,row7183
7184,7184,row7184
7185,7185,row7185
7186,7186,row7186
7187,7187,row7187
7188,7188,row7188
7189,7189,row7189
7190,7190,row7190
7191,7191,row7191
7192,7192,row7192
7193,7193,row7193
7194,7194,row7194
7195,7195,row7195
7196,7196,row7196
7197,7197,row7197
7198,7198,row7198
7199,7199,row7199
7200,7200,row7200
7201,7201,row7201
7202,7202,row7202
7203,7203,row7203
7204,7204,row7204
7205,7205,row7205
7206,7206,row7206
7207,7207,row7207
7208,7208,row7208
7209,7209,row7209
7210,7210,row7210
7211,7211,row7211
7212,7212,row7212
7213,7213,row7213
7214,7214,row7214
7215,7215,row7215
7216,7216,row7216
7217,7217,row7217
7218,7218,row7218
7219,7219,row7219
7220,7220,row7220
7221,7221,row7221
7222,7222,row7222
7223,7223,row7223
7224,7224,row7224
7225,7225,row7225
7226,7226,row7226
7227,7227,row7227
7228,7228,row7228
7229,7229,row7229
7230,7230,row7230
7231,7231,row7231
7232,7232,row7232
7233,7233,row7233
7234,7234,row7234
7235,7235,row7235
7236,7236,row7236
7237,7237,row7237
7238,7238,row7238
7239,7239,row7239
7240,7240,row7240
7241,7241,row7241
7242,7242,row7242
7243,7243,row7243
7244,7244,row7244
7245,7245,row7245
7246,7246,row7246
7247,7247,row7247
7248,7248,row7248
7249,7249,row7249
7250,7250,row7250
7251,7251,row7251
7252,7252,row7252
7253,7253,row7253
7254,7254,row7254
7255,7255,row7255
7256,7256,row7256
7257,7257,row7257
7258,7258,row7258
7259,7259,row7259
7260,7260,row7260
7261,7261,row7261
7262,7262,row7262
7263,7263,row7263
7264,7264,row7264
7265,7265,row7265
7266,7266,row7266
7267,7267,row7267
7268,7268,row7268
7269,7269,row7269
7270,7270,row7270
7271,7271,row7271
7272,7272,row7272
7273,7273,row7273
7274,7274,row7274
7275,7275,row7275
7276,7276,row7276
7277,7277,row7277
7278,7278,row7278
7279,7279,row7279
7280,7280,row7280
7281,7281,row7281
7282,7282,row7282
7283,7283,row7283
7284,7284,row7284
7285,7285,row7285
7286,7286,row7286
7287,7287,row7287
7288,7288,row7288
7289,7289,row7289
7290,7290,row7290
7291,7291,row7291
7292,7292,row7292
7293,7293,row7293
7294,7294,row7294
7295,7295,row7295
7296,7296,row7296
7297,7297,row7297
7298,7298,row7298
7299,7299,row7299
7300,7300,row7300
7301,7301,row7301
7302,7302,row7302
7303,7303,row7303
7304,7304,row7304
7305,7305,row7305
7306,7306,row7306
7307,7307,row7307
7308,7308,row7308
7309,7309,row7309
7310,7310,row7310
7311,7311,row7311
7312,7312,row7312
7313,7313,row7313
7314,7314,row7314
7315,7315,row7315
7316,7316,row7316
7317,7317,row7317
7318,7318,row7318
7319,7319,row7319
7320,7320,row7320
7321,7321,row7321
7322,7322,row7322
7323,7323,row7323
7324,7324,row7324
7325,7325,row7325
7326,7326,row7326
7327,7327,row7327
7328,7328,row7328
7329,7329,row7329
7330,7330,row7330
7331,7331,row7331
7332,7332,row7332
7333,7333,row7333
7334,7334,row7334
7335,7335,row7335
7336,7336,row7336
7337,7337,row7337
7338,7338,row7338
7339,7339,row7339
7340,7340,row7340
7341,7341,row7341
7342,7342,row7342
7343,7343,row7343
7344,7344,row7344
7345,7345,row7345
7346,7346,row7346
7347,7347,row7347
7348,7348,row7348
7349,7349,row7349
7350,7350,row7350
7351,7351,row7351
7352,7352,row7352
7353,7353,row7353
7354,7354,row7354
7355,7355,row7355
7356,7356,row7356
7357,7357,row7357
7358,7358,row7358
7359,7359,row7359
7360,7360,row7360
7361,7361,row7361
7362,7362,row7362
7363,7363,row7363
7364,7364,row7364
7365,7365,row7365
7366,7366,row7366
7367,7367,row7367
7368,7368,row7368
7369,7369,row7369
7370,7370,row7370
7371,7371,row7371
7372,7372,row7372
7373,7373,row7373
7374,7374,row7374
7375,7375,row7375
7376,7376,row7376
7377,7377,row7377
7378,7378,row7378
7379,7379,row7379
7380,7380,row7380
7381,7381,row7381
7382,7382,row7382
7383,7383,row7383
7384,7384,row7384
7385,7385,row7385
7386,7386,row7386
7387,7387,row7387
7388,7388,row7388
7389,7389,row7389
7390,7390,row7390
7391,7391,row7391
7392,7392,row7392
7393,7393,row7393
7394,7394,row7394
7395,7395,row7395
7396,7396,row7396
7397,7397,row7397
7398,7398,row7398
7399,7399,row7399
7400,7400,row7400
7401,7401,row7401
7402,7402,row7402
7403,7403,row7403
7404,7404,row7404
7405,7405,row7405
7406,7406,row7406
7407,7407,row7407
7408,7408,row7408
7409,7409,row7409
7410,7410,row7410
7411,7411,row7411
7412,7412,row7412
7413,7413,row7413
7414,7414,row7414
7415,7415,row7415
7416,7416,row7416
7417,7417,row7417
7418,7418,row7418
7419,7419,row7419
7420,7420,row7420
7421,7421,row7421
7422,7422,row7422
7423,7423,row7423
7424,7424,row7424
7425,7425,row7425
7426,7426,row7426
7427,7427,row7427
7428,7428,row7428
7429,7429,row7429
7430,7430,row7430
7431,7431,row7431
7432,7432,row7432
7433,7433,row7433
7434,7434,row7434
7435,7435,row7435
7436,7436,row7436
7437,7437,row7437
7438,7438,row7438
7439,7439,row7439
7440,7440,row7440
7441,7441,row7441
7442,7442,row7442
7443,7443,row7443
7444,7444,row7444
7445,7445,row7445
7446,7446,row7446
7447,7447,row7447
7448,7448,row7448
7449,7449,row7449
7450,7450,row7450
7451,7451,row7451
7452,7452,row7452
7453,7453,row7453
7454,7454,row7454
7455,7455,row7455
7456,7456,row7456
7457,7457,row7457
7458,7458,row7458
7459,7459,row7459
7460,7460,row7460
7461,7461,row7461
7462,7462,row7462
7463,7463,row7463
7464,7464,row7464
7465,7465,row7465
7466,7466,row7466
7467,7467,row7467
7468,7468,row7468
7469,7469,row7469
7470,7470,row7470
7471,7471,row7471
7472,7472,row7472
7473,7473,row7473
7474,7474,row7474
7475,7475,row7475
7476,7476,row7476
7477,7477,row7477
7478,7478,row7478
7479,7479,row7479
7480,7480,row7480
7481,7481,row7481
7482,7482,row7482
7483,7483,row7483
7484,7484,row7484
7485,7485,row7485
7486,7486,row7486
7487,7487,row7487
7488,7488,row7488
7489,7489,row7489
7490,7490,row7490
7491,7491,row7491
7492,7492,row7492
7493,7493,row7493
7494,7494,row7494
7495,7495,row7495
7496,7496,row7496
7497,7497,row7497
7498,7498,row7498
7499,7499,row7499
7500,7500,row7500
7501,7501,row7501
7502,7502,row7502
7503,7503,row7503
7504,7504,row7504
7505,7505,row7505
7506,7506,row7506
7507,7507,row7507
7508,7508,row7508
7509,7509,row7509
7510,7510,row7510
7511,7511,row7511
7512,7512,row7512
7513,7513,row7513
7514,7514,row7514
7515,7515,row7515
7516,7516,row7516
7517,7517,row7517
7518,7518,row7518
7519,7519,row7519
7520,7520,row7520
7521,7521,row7521
7522,7522,row7522
7523,7523,row7523
7524,7524,row7524
7525,7525,row7525
7526,7526,row7526
7527,7527,row7527
7528,7528,row7528
7529,7529,row7529
7530,7530,row7530
7531,7531,row7531
7532,7532,row7532
7533,7533,row7533
7534,7534,row7534
7535,7535,row7535
7536,7536,row7536
7537,7537,row7537
7538,7538,row7538
7539,7539,row7539
7540,7540,row7540
7541,7541,row7541
7542,7542,row7542
7543,7543,row7543
7544,7544,row7544
7545,7545,row7545
7546,7546,row7546
7547,7547,row7547
7548,7548,row7548
7549,7549,row7549
7550,7550,row7550
7551,7551,row7551
7552,7552,row7552
7553,7553,row7553
7554,7554,row7554
7555,7555,row7555
7556,7556,row7556
7557,7557,row7557
7558,7558,row7558
7559,7559,row7559
7560,7560,row7560
7561,7561,row7561
7562,7562,row7562
7563,7563,row7563
7564,7564,row7564
7565,7565,row7565
7566,7566,row7566
7567,7567,row7567
7568,7568,row7568
7569,7569,row7569
7570,7570,row7570
7571,7571,row7571
7572,7572,row7572
7573,7573,row7573
7574,7574,row7574
7575,7575,row7575
7576,7576,row7576
7577,7577,row7577
7578,7578,row7578
7579,7579,row7579
7580,7580,row7580
7581,7581,row7581
7582,7582,row7582
7583,7583,row7583
7584,7584,row7584
7585,7585,row7585
7586,7586,row7586
7587,7587,row7587
7588,7588,row7588
7589,7589,row7589
7590,7590,row7590
7591,7591,row7591
7592,7592,row7592
7593,7593,row7593
7594,7594,row7594
7595,7595,row7595
7596,7596,row7596
7597,7597,row7597
7598,7598,row7598
7599,7599,row7599
7600,7600,row7600
7601,7601,row7601
7602,7602,row7602
7603,7603,row7603
7604,7604,row7604
7605,7605,row7605
7606,7606,row7606
7607,7607,row7607
7608,7608,row7608
7609,7609,row7609
7610,7610,row7610
7611,7611,row7611
7612,7612,row7612
7613,7613,row7613
7614,7614,row7614
7615,7615,row7615
7616,7616,row7616
7617,7617,row7617
7618,7618,row7618
7619,7619,row7619
7620,7620,row7620
7621,7621,row7621
7622,7622,row7622
7623,7623,row7623
7624,7624,row7624
7625,7625,row7625
7626,7626,row7626
7627,7627,row7627
7628,7628,row7628
7629,7629,row7629
7630,7630,row7630
7631,7631,row7631
7632,7632,row7632
7633,7633,row7633
7634,7634,row7634
7635,7635,row7635
7636,7636,row7636
7637,7637,row7637
7638,7638,row7638
7639,7639,row7639
7640,7640,row7640
7641,7641,row7641
7642,7642,row7642
7643,7643,row7643
7644,7644,row7644
7645,7645,row7645
7646,7646,row7646
7647,7647,row7647
7648,7648,row7648
7649,7649,row7649
7650,7650,row7650
7651,7651,row7651
7652,7652,row7652
7653,7653,row7653
7654,7654,row7654
7655,7655,row7655
7656,7656,row7656
7657,7657,row7657
7658,7658,row7658
7659,7659,row7659
7660,7660,row7660
7661,7661,row7661
7662,7662,row7662
7663,7663,row7663
7664,7664,row7664
7665,7665,row7665
7666,7666,row7666
7667,7667,row7667
7668,7668,row7668
7669,7669,row7669
7670,7670,row7670
7671,7671,row7671
7672,7672,row7672
7673,7673,row7673
7674,7674,row7674
7675,7675,row7675
7676,7676,row7676
7677,7677,row7677
7678,7678,row7678
7679,7679,row7679
7680,7680,row7680
7681,7681,row7681
7682,7682,row7682
7683,7683,row7683
7684,7684,row7684
7685,7685,row7685
7686,7686,row7686
7687,7687,row7687
7688,7688,row7688
7689,7689,row7689
7690,7690,row7690
7691,7691,row7691
7692,7692,row7692
7693,7693,row7693
7694,7694,row7694
7695,7695,row7695
7696,7696,row7696
7697,7697,row7697
7698,7698,row7698
7699,7699,row7699
7700,7700,row7700
7701,7701,row7701
7702,7702,row7702
7703,7703,row7703
7704,7704,row7704
7705,7705,row7705
7706,7706,row7706
7707,7707,row7707
7708,7708,row7708
7709,7709,row7709
7710,7710,row7710
7711,7711,row7711
7712,7712,row7712
7713,7713,row7713
7714,7714,row7714
7715,7715,row7715
7716,7716,row7716
7717,7717,row7717
7718,7718,row7718
7719,7719,row7719
7720,7720,row7720
7721,7721,row7721
7722,7722,row7722
7723,7723,row7723
7724,7724,row7724
7725,7725,row7725
7726,7726,row7726
7727,7727,row7727
7728,7728,row7728
7729,7729,row7729
7730,7730,row7730
7731,7731,row7731
7732,7732,row7732
7733,7733,row7733
7734,7734,row7734
7735,7735,row7735
7736,7736,row7736
7737,7737,row7737
7738,7738,row7738
7739,7739,row7739
7740,7740,row7740
7741,7741,row7741
7742,7742,row7742
7743,7743,row7743
7744,7744,row7744
7745,7745,row7745
7746,7746,row7746
7747,7747,row7747
7748,7748,row7748
7749,7749,row7749
7750,7750,row7750
7751,7751,row7751
7752,7752,row7752
7753,7753,row7753
7754,7754,row7754
7755,7755,row7755
7756,7756,row7756
7757,7757,row7757
7758,7758,row7758
7759,7759,row7759
7760,7760,row7760
7761,7761,row7761
7762,7762,row7762
7763,7763,row7763
7764,7764,row7764
7765,7765,row7765
7766,7766,row7766
7767,7767,row7767
7768,7768,row7768
7769,7769,row7769
7770,7770,row7770
7771,7771,row7771
7772,7772,row7772
7773,7773,row7773
7774,7774,row7774
7775,7775,row7775
7776,7776,row7776
7777,7777,row7777
7778,7778,row7778
7779,7779,row7779
7780,7780,row7780
7781,7781,row7781
7782,7782,row7782
7783,7783,row7783
7784,7784,row7784
7785,7785,row7785
7786,7786,row7786
7787,7787,row7787
7788,7788,row7788
7789,7789,row7789
7790,7790,row7790
7791,7791,row7791
7792,7792,row7792
7793,7793,row7793
7794,7794,row7794
7795,7795,row7795
7796,7796,row7796
7797,7797,row7797
7798,7798,row7798
7799,7799,row7799
7800,7800,row7800
7801,7801,row7801
7802,7802,row7802
7803,7803,row7803
7804,7804,row7804
7805,7805,row7805
7806,7806,row7806
7807,7807,row7807
7808,7808,row7808
7809,7809,row7809
7810,7810,row7810
7811,7811,row7811
7812,7812,row7812
7813,7813,row7813
7814,7814,row7814
7815,7815,row7815
7816,7816,row7816
7817,7817,row7817
7818,7818,row7818
7819,7819,row7819
7820,7820,row7820
7821,7821,row7821
7822,7822,row7822
7823,7823,row7823
7824,7824,row7824
7825,7825,row7825
7826,7826,row7826
7827,7827,row7827
7828,7828,row7828
7829,7829,row7829
7830,7830,row7830
7831,7831,row7831
7832,7832,row7832
7833,7833,row7833
7834,7834,row7834
7835,7835,row7835
7836,7836,row7836
7837,7837,row7837
7838,7838,row7838
7839,7839,row7839
7840,7840,row7840
7841,7841,row7841
7842,7842,row7842
7843,7843,row7843
7844,7844,row7844
7845,7845,row7845
7846,7846,row7846
7847,7847,row7847
7848,7848,row7848
7849,7849,row7849
7850,7850,row7850
7851,7851,row7851
7852,7852,row7852
7853,7853,row7853
7854,7854,row7854
7855,7855,row7855
7856,7856,row7856
7857,7857,row7857
7858,7858,row7858
7859,7859,row7859
7860,7860,row7860
7861,7861,row7861
7862,7862,row7862
7863,7863,row7863
7864,7864,row7864
7865,7865,row7865
7866,7866,row7866
7867,7867,row7867
7868,7868,row7868
7869,7869,row7869
7870,7870,row7870
7871,7871,row7871
7872,7872,row7872
7873,7873,row7873
7874,7874,row7874
7875,7875,row7875
7876,7876,row7876
7877,7877,row7877
7878,7878,row7878
7879,7879,row7879
7880,7880,row7880
7881,7881,row7881
7882,7882,row7882
7883,7883,row7883
7884,7884,row7884
7885,7885,row7885
7886,7886,row7886
7887,7887,row7887
7888,7888,row7888
7889,7889,row7889
7890,7890,row7890
7891,7891,row7891
7892,7892,row7892
7893,7893,row7893
7894,7894,row7894
7895,7895,row7895
7896,7896,row7896
7897,7897,row7897
7898,7898,row7898
7899,7899,row7899
7900,7900,row7900
7901,7901,row7901
7902,7902,row7902
7903,7903,row7903
7904,7904,row7904
7905,7905,row7905
7906,7906,row7906
7907,7907,row7907
7908,7908,row7908
7909,7909,row7909
7910,7910,row7910
7911,7911,row7911
7912,7912,row7912
7913,7913,row7913
7914,7914,row7914
7915,7915,row7915
7916,7916,row7916
7917,7917,row7917
7918,7918,row7918
7919,7919,row7919
7920,7920,row7920
7921,7921,row7921
7922,7922,row7922
7923,7923,row7923
7924,7924,row7924
7925,7925,row7925
7926,7926,row7926
7927,7927,row7927
7928,7928,row7928
7929,7929,row7929
7930,7930,row7930
7931,7931,row7931
7932,7932,row7932
7933,7933,row7933
7934,7934,row7934
7935,7935,row7935
7936,7936,row7936
7937,7937,row7937
7938,7938,row7938
7939,7939,row7939
7940,7940,row7940
7941,7941,row7941
7942,7942,row7942
7943,7943,row7943
7944,7944,row7944
7945,7945,row7945
7946,7946,row7946
7947,7947,row7947
7948,7948,row7948
7949,7949,row7949
7950,7950,row7950
7951,7951,row7951
7952,7952,row7952
7953,7953,row7953
7954,7954,row7954
7955,7955,row7955
7956,7956,row7956
7957,7957,row7957
7958,7958,row7958
7959,7959,row7959
7960,7960,row7960
7961,7961,row7961
7962,7962,row7962
7963,7963,row7963
7964,7964,row7964
7965,7965,row7965
7966,7966,row7966
7967,7967,row7967
7968,7968,row7968
7969,7969,row7969
7970,7970,row7970
7971,7971,row7971
7972,7972,row7972
7973,7973,row7973
7974,7974,row7974
7975,7975,row7975
7976,7976,row7976
7977,7977,row7977
7978,7978,row7978
7979,7979,row7979
7980,7980,row7980
7981,7981,row7981
7982,7982,row7982
7983,7983,row7983
7984,7984,row7984
7985,7985,row7985
7986,7986,row7986
7987,7987,row7987
7988,7988,row7988
7989,7989,row7989
7990,7990,row7990
7991,7991,row7991
7992,7992,row7992
7993,7993,row7993
7994,7994,row7994
7995,7995,row7995
7996,7996,row7996
7997,7997,row7997
7998,7998,row7998
7999,7999,row7999
8000,8000,row8000
8001,8001,row8001
8002,8002,row8002
8003,8003,row8003
8004,8004,row8004
8005,8005,row8005
8006,8006,row8006
8007,8007,row8007
8008,8008,row8008
8009,8009,row8009
8010,8010,row8010
8011,8011,row8011
8012,8012,row8012
8013,8013,row8013
8014,8014,row8014
8015,8015,row8015
8016,8016,row8016
8017,8017,row8017
8018,8018,row8018
8019,8019,row8019
8020,8020,row8020
8021,8021,row8021
8022,8022,row8022
8023,8023,row8023
8024,8024,row8024
8025,8025,row8025
8026,8026,row8026
8027,8027,row8027
8028,8028,row8028
8029,8029,row8029
8030,8030,row8030
8031,8031,row8031
8032,8032,row8032
8033,8033,row8033
8034,8034,row8034
8035,8035,row8035
8036,8036,row8036
8037,8037,row8037
8038,8038,row8038
8039,8039,row8039
8040,8040,row8040
8041,8041,row8041
8042,8042,row8042
8043,8043,row8043
8044,8044,row8044
8045,8045,row8045
8046,8046,row8046
8047,8047,row8047
8048,8048,row8048
8049,8049,row8049
8050,8050,row8050
8051,8051,row8051
8052,8052,row8052
8053,8053,row8053
8054,8054,row8054
8055,8055,row8055
8056,8056,row8056
8057,8057,row8057
8058,8058,row8058
8059,8059,row8059
8060,8060,row8060
8061,8061,row8061
8062,8062,row8062
8063,8063,row8063
8064,8064,row8064
8065,8065,row8065
8066,8066,row8066
8067,8067,row8067
8068,8068,row8068
8069,8069,row8069
8070,8070,row8070
8071,8071,row8071
8072,8072,row8072
8073,8073,row8073
8074,8074,row8074
8075,8075,row8075
8076,8076,row8076
8077,8077,row8077
8078,8078,row8078
8079,8079,row8079
8080,8080,row8080
8081,8081,row8081
8082,8082,row8082
8083,8083,row8083
8084,8084,row8084
8085,8085,row8085
8086,8086,row8086
8087,8087,row8087
8088,8088,row8088
8089,8089,row8089
8090,8090,row8090
8091,8091,row8091
8092,8092,row8092
8093,8093,row8093
8094,8094,row8094
8095,8095,row8095
8096,8096,row8096
8097,8097,row8097
8098,8098,row8098
8099,8099,row8099
8100,8100,row8100
8101,8101,row8101
8102,8102,row8102
8103,8103,row8103
8104,8104,row8104
8105,8105,row8105
8106,8106,row8106
8107,8107,row8107
8108,8108,row8108
8109,8109,row8109
8110,8110,row8110
8111,8111,row8111
8112,8112,row8112
8113,8113,row8113
8114,8114,row8114
8115,8115,row8115
8116,8116,row8116
8117,8117,row8117
8118,8118,row8118
8119,8119,row8119
8120,8120,row8120
8121,8121,row8121
8122,8122,row8122
8123,8123,row8123
8124,8124,row8124
8125,8125,row8125
8126,8126,row8126
8127,8127,row8127
8128,8128,row8128
8129,8129,row8129
8130,8130,row8130
8131,8131,row8131
8132,8132,row8132
8133,8133,row8133
8134,8134,row8134
8135,8135,row8135
8136,8136,row8136
8137,8137,row8137
8138,8138,row8138
8139,8139,row8139
8140,8140,row8140
8141,8141,row8141
8142,8142,row8142
8143,8143,row8143
8144,8144,row8144
8145,8145,row8145
8146,8146,row8146
8147,8147,row8147
8148,8148,row8148
8149,8149,row8149
8150,8150,row8150
8151,8151,row8151
8152,8152,row8152
8153,8153,row8153
8154,8154,row8154
8155,8155,row8155
8156,8156,row8156
8157,8157,row8157
8158,8158,row8158
8159,8159,row8159
8160,8160,row8160
8161,8161,row8161
8162,8162,row8162
8163,8163,row8163
8164,8164,row8164
8165,8165,row8165
8166,8166,row8166
8167,8167,row8167
8168,8168,row8168
8169,8169,row8169
8170,8170,row8170
8171,8171,row8171
8172,8172,row8172
8173,8173,row8173
8174,8174,row8174
8175,8175,row8175
8176,8176,row8176
8177,8177,row8177
8178,8178,row8178
8179,8179,row8179
8180,8180,row8180
8181,8181,row8181
8182,8182,row8182
8183,8183,row8183
8184,8184,row8184
8185,8185,row8185
8186,8186,row8186
8187,8187,row8187
8188,8188,row8188
8189,8189,row8189
8190,8190,row8190
8191,8191,row8191
8192,8192,row8192
8193,8193,row8193
8194,8194,row8194
8195,8195,row8195
8196,8196,row8196
8197,8197,row8197
8198,8198,row8198
8199,8199,row8199
8200,8200,row8200
8201,8201,row8201
8202,8202,row8202
8203,8203,row8203
8204,8204,row8204
8205,8205,row8205
8206,8206,row8206
8207,8207,row8207
8208,8208,row8208
8209,8209,row8209
8210,8210,row8210
8211,8211,row8211
8212,8212,row8212
8213,8213,row8213
8214,8214,row8214
8215,8215,row8215
8216,8216,row8216
8217,8217,row8217
8218,8218,row8218
8219,8219,row8219
8220,8220,row8220
8221,8221,row8221
8222,8222,row8222
8223,8223,row8223
8224,8224,row8224
8225,8225,row8225
8226,8226,row8226
8227,8227,row8227
8228,8228,row8228
8229,8229,row8229
8230,8230,row8230
8231,8231,row8231
8232,8232,row8232
8233,8233,row8233
8234,8234,row8234
8235,8235,row8235
8236,8236,row8236
8237,8237,row8237
8238,8238,row8238
8239,8239,row8239
8240,8240,row8240
8241,8241,row8241
8242,8242,row8242
8243,8243,row8243
8244,8244,row8244
8245,8245,row8245
8246,8246,row8246
8247,8247,row8247
8248,8248,row8248
8249,8249,row8249
8250,8250,row8250
8251,8251,row8251
8252,8252,row8252
8253,8253,row8253
8254,8254,row8254
8255,8255,row8255
8256,8256,row8256
8257,8257,row8257
8258,8258,row8258
8259,8259,row8259
8260,8260,row8260
8261,8261,row8261
8262,8262,row8262
8263,8263,row8263
8264,8264,row8264
8265,8265,row8265
8266,8266,row8266
8267,8267,row8267
8268,8268,row8268
8269,8269,row8269
8270,8270,row8270
8271,8271,row8271
8272,8272,row8272
8273,8273,row8273
8274,8274,row8274
8275,8275,row8275
8276,8276,row8276
8277,8277,row8277
8278,8278,row8278
8279,8279,row8279
8280,8280,row8280
8281,8281,row8281
8282,8282,row8282
8283,8283,row8283
8284,8284,row8284
8285,8285,row8285
8286,8286,row8286
8287,8287,row8287
8288,8288,row8288
8289,8289,row8289
8290,8290,row8290
8291,8291,row8291
8292,8292,row8292
8293,8293,row8293
8294,8294,row8294
8295,8295,row8295
8296,8296,row8296
8297,8297,row8297
8298,8298,row8298
8299,8299,row8299
8300,8300,row8300
8301,8301,row8301
8302,8302,row8302
8303,8303,row8303
8304,8304,row8304
8305,8305,row8305
8306,8306,row8306
8307,8307,row8307
8308,8308,row8308
8309,8309,row8309
8310,8310,row8310
8311,8311,row8311
8312,8312,row8312
8313,8313,row8313
8314,8314,row8314
8315,8315,row8315
8316,8316,row8316
8317,8317,row8317
8318,8318,row8318
8319,8319,row8319
8320,8320,row8320
8321,8321,row8321
8322,8322,row8322
8323,8323,row8323
8324,8324,row8324
8325,8325,row8325
8326,8326,row8326
8327,8327,row8327
8328,8328,row8328
8329,8329,row8329
8330,8330,row8330
8331,8331,row8331
8332,8332,row8332
8333,8333,row8333
8334,8334,row8334
8335,8335,row8335
8336,8336,row8336
8337,8337,row8337
8338,8338,row8338
8339,8339,row8339
8340,8340,row8340
8341,8341,row8341
8342,8342,row8342
8343,8343,row8343
8344,8344,row8344
8345,8345,row8345
8346,8346,row8346
8347,8347,row8347
8348,8348,row8348
8349,8349,row8349
8350,8350,row8350
8351,8351,row8351
8352,8352,row8352
8353,8353,row8353
8354,8354,row8354
8355,8355,row8355
8356,8356,row8356
8357,8357,row8357
8358,8358,row8358
8359,8359,row8359
8360,8360,row8360
8361,8361,row8361
8362,8362,row8362
8363,8363,row8363
8364,8364,row8364
8365,8365,row8365
8366,8366,row8366
8367,8367,row8367
8368,8368,row8368
8369,8369,row8369
8370,8370,row8370
8371,8371,row8371
8372,8372,row8372
8373,8373,row8373
8374,8374,row8374
8375,8375,row8375
8376,8376,row8376
8377,8377,row8377
8378,8378,row8378
8379,8379,row8379
8380,8380,row8380
8381,8381,row8381
8382,8382,row8382
8383,8383,row8383
8384,8384,row8384
8385,8385,row8385
8386,8386,row8386
8387,8387,row8387
8388,8388,row8388
8389,8389,row8389
8390,8390,row8390
8391,8391,row8391
8392,8392,row8392
8393,8393,row8393
8394,8394,row8394
8395,8395,row8395
8396,8396,row8396
8397,8397,row8397
8398,8398,row8398
8399,8399,row8399
8400,8400,row8400
8401,8401,row8401
8402,8402,row8402
8403,8403,row8403
8404,8404,row8404
8405,8405,row8405
8406,8406,row8406
8407,8407,row8407
8408,8408,row8408
8409,8409,row8409
8410,8410,row8410
8411,8411,row8411
8412,8412,row8412
8413,8413,row8413
8414,8414,row8414
8415,8415,row8415
8416,8416,row8416
8417,8417,row8417
8418,8418,row8418
8419,8419,row8419
8420,8420,row8420
8421,8421,row8421
8422,8422,row8422
8423,8423,row8423
8424,8424,row8424
8425,8425,row8425
8426,8426,row8426
8427,8427,row8427
8428,8428,row8428
8429,8429,row8429
8430,8430,row8430
8431,8431,row8431
8432,8432,row8432
8433,8433,row8433
8434,8434,row8434
8435,8435,row8435
8436,8436,row8436
8437,8437,row8437
8438,8438,row8438
8439,8439,row8439
8440,8440,row8440
8441,8441,row8441
8442,8442,row8442
8443,8443,row8443
8444,8444,row8444
8445,8445,row8445
8446,8446,row8446
8447,8447,row8447
8448,8448,row8448
8449,8449,row8449
8450,8450,row8450
8451,8451,row8451
8452,8452,row8452
8453,8453,row8453
8454,8454,row8454
8455,8455,row8455
8456,8456,row8456
8457,8457,row8457
8458,8458,row8458
8459,8459,row8459
8460,8460,row8460
8461,8461,row8461
8462,8462,row8462
8463,8463,row8463
8464,8464,row8464
8465,8465,row8465
8466,8466,row8466
8467,8467,row8467
8468,8468,row8468
8469,8469,row8469
8470,8470,row8470
8471,8471,row8471
8472,8472,row8472
8473,8473,row8473
8474,8474,row8474
8475,8475,row8475
8476,8476,row8476
8477,8477,row8477
8478,8478,row8478
8479,8479,row8479
8480,8480,row8480
8481,8481,row8481
8482,8482,row8482
8483,8483,row8483
8484,8484,row8484
8485,8485,row8485
8486,8486,row8486
8487,8487,row8487
8488,8488,row8488
8489,8489,row8489
8490,8490,row8490
8491,8491,row8491
8492,8492,row8492
8493,8493,row8493
8494,8494,row8494
8495,8495,row8495
8496,8496,row8496
8497,8497,row8497
8498,8498,row8498
8499,8499,row8499
8500,8500,row8500
8501,8501,row8501
8502,8502,row8502
8503,8503,row8503
8504,8504,row8504
8505,8505,row8505
8506,8506,row8506
8507,8507,row8507
8508,8508,row8508
8509,8509,row8509
8510,8510,row8510
8511,8511,row8511
8512,8512,row8512
8513,8513,row8513
8514,8514,row8514
8515,8515,row8515
8516,8516,row8516
8517,8517,row8517
8518,8518,row8518
8519,8519,row8519
8520,8520,row8520
8521,8521,row8521
8522,8522,row8522
8523,8523,row8523
8524,8524,row8524
8525,8525,row8525
8526,8526,row8526
8527,8527,row8527
8528,8528,row8528
8529,8529,row8529
8530,8530,row8530
8531,8531,row8531
8532,8532,row8532
8533,8533,row8533
8534,8534,row8534
8535,8535,row8535
8536,8536,row8536
8537,8537,row8537
8538,8538,row8538
8539,8539,row8539
8540,8540,row8540
8541,8541,row8541
8542,8542,row8542
8543,8543,row8543
8544,8544,row8544
8545,8545,row8545
8546,8546,row8546
8547,8547,row8547
8548,8548,row8548
8549,8549,row8549
8550,8550,row8550
8551,8551,row8551
8552,8552,row8552
8553,8553,row8553
8554,8554,row8554
8555,8555,row8555
8556,8556,row8556
8557,8557,row8557
8558,8558,row8558
8559,8559,row8559
8560,8560,row8560
8561,8561,row8561
8562,8562,row8562
8563,8563,row8563
8564,8564,row8564
8565,8565,row8565
8566,8566,row8566
8567,8567,row8567
8568,8568,row8568
8569,8569,row8569
8570,8570,row8570
8571,8571,row8571
8572,8572,row8572
8573,8573,row8573
8574,8574,row8574
8575,8575,row8575
8576,8576,row8576
8577,8577,row8577
8578,8578,row8578
8579,8579,row8579
8580,8580,row8580
8581,8581,row8581
8582,8582,row8582
8583,8583,row8583
8584,8584,row8584
8585,8585,row8585
8586,8586,row8586
8587,8587,row8587
8588,8588,row8588
8589,8589,row8589
8590,8590,row8590
8591,8591,row8591
8592,8592,row8592
8593,8593,row8593
8594,8594,row8594
8595,8595,row8595
8596,8596,row8596
8597,8597,row8597
8598,8598,row8598
8599,8599,row8599
8600,8600,row8600
8601,8601,row8601
8602,8602,row8602
8603,8603,row8603
8604,8604,row8604
8605,8605,row8605
8606,8606,row8606
8607,8607,row8607
8608,8608,row8608
8609,8609,row8609
8610,8610,row8610
8611,8611,row8611
8612,8612,row8612
8613,8613,row8613
8614,8614,row8614
8615,8615,row8615
8616,8616,row8616
8617,8617,row8617
8618,8618,row8618
8619,8619,row8619
8620,8620,row8620
8621,8621,row8621
8622,8622,row8622
8623,8623,row8623
8624,8624,row8624
8625,8625,row8625
8626,8626,row8626
8627,8627,row8627
8628,8628,row8628
8629,8629,row8629
8630,8630,row8630
8631,8631,row8631
8632,8632,row8632
8633,8633,row8633
8634,8634,row8634
8635,8635,row8635
8636,8636,row8636
8637,8637,row8637
8638,8638,row8638
8639,8639,row8639
8640,8640,row8640
8641,8641,row8641
8642,8642,row8642
8643,8643,row8643
8644,8644,row8644
8645,8645,row8645
8646,8646,row8646
8647,8647,row8647
8648,8648,row8648
8649,8649,row8649
8650,8650,row8650
8651,8651,row8651
8652,8652,row8652
8653,8653,row8653
8654,8654,row8654
8655,8655,row8655
8656,8656,row8656
8657,8657,row8657
8658,8658,row8658
8659,8659,row8659
8660,8660,row8660
8661,8661,row8661
8662,8662,row8662
8663,8663,row8663
8664,8664,row8664
8665,8665,row8665
8666,8666,row8666
8667,8667,row8667
8668,8668,row8668
8669,8669,row8669
8670,8670,row8670
8671,8671,row8671
8672,8672,row8672
8673,8673,row8673
8674,8674,row8674
8675,8675,row8675
8676,8676,row8676
8677,8677,row8677
8678,8678,row8678
8679,8679,row8679
8680,8680,row8680
8681,8681,row8681
8682,8682,row8682
8683,8683,row8683
8684,8684,row8684
8685,8685,row8685
8686,8686,row8686
8687,8687,row8687
8688,8688,row8688
8689,8689,row8689
8690,8690,row8690
8691,8691,row8691
8692,8692,row8692
8693,8693,row8693
8694,8694,row8694
8695,8695,row8695
8696,8696,row8696
8697,8697,row8697
8698,8698,row8698
8699,8699,row8699
8700,8700,row8700
8701,8701,row8701
8702,8702,row8702
8703,8703,row8703
8704,8704,row8704
8705,8705,row8705
8706,8706,row8706
8707,8707,row8707
8708,8708,row8708
8709,8709,row8709
8710,8710,row8710
8711,8711,row8711
8712,8712,row8712
8713,8713,row8713
8714,8714,row8714
8715,8715,row8715
8716,8716,row8716
8717,8717,row8717
8718,8718,row8718
8719,8719,row8719
8720,8720,row8720
8721,8721,row8721
8722,8722,row8722
8723,8723,row8723
8724,8724,row8724
8725,8725,row8725
8726,8726,row8726
8727,8727,row8727
8728,8728,row8728
8729,8729,row8729
8730,8730,row8730
8731,8731,row8731
8732,8732,row8732
8733,8733,row8733
8734,8734,row8734
8735,8735,row8735
8736,8736,row8736
8737,8737,row8737
8738,8738,row8738
8739,8739,row8739
8740,8740,row8740
8741,8741,row8741
8742,8742,row8742
8743,8743,row8743
8744,8744,row8744
8745,8745,row8745
8746,8746,row8746
8747,8747,row8747
8748,8748,row8748
8749,8749,row8749
8750,8750,row8750
8751,8751,row8751
8752,8752,row8752
8753,8753,row8753
8754,8754,row8754
8755,8755,row8755
8756,8756,row8756
8757,8757,row8757
8758,8758,row8758
8759,8759,row8759
8760,8760,row8760
8761,8761,row8761
8762,8762,row8762
8763,8763,row8763
8764,8764,row8764
8765,8765,row8765
8766,8766,row8766
8767,8767,row8767
8768,8768,row8768
8769,8769,row8769
8770,8770,row8770
8771,8771,row8771
8772,8772,row8772
8773,8773,row8773
8774,8774,row8774
8775,8775,row8775
8776,8776,row8776
8777,8777,row8777
8778,8778,row8778
8779,8779,row8779
8780,8780,row8780
8781,8781,row8781
8782,8782,row8782
8783,8783,row8783
8784,8784,row8784
8785,8785,row8785
8786,8786,row8786
8787,8787,row8787
8788,8788,row8788
8789,8789,row8789
8790,8790,row8790
8791,8791,row8791
8792,8792,row8792
8793,8793,row8793
8794,8794,row8794
8795,8795,row8795
8796,8796,row8796
8797,8797,row8797
8798,8798,row8798
8799,8799,row8799
8800,8800,row8800
8801,8801,row8801
8802,8802,row8802
8803,8803,row8803
8804,8804,row8804
8805,8805,row8805
8806,8806,row8806
8807,8807,row8807
8808,8808,row8808
8809,8809,row8809
8810,8810,row8810
8811,8811,row8811
8812,8812,row8812
8813,8813,row8813
8814,8814,row8814
8815,8815,row8815
8816,8816,row8816
8817,8817,row8817
8818,8818,row8818
8819,8819,row8819
8820,8820,row8820
8821,8821,row8821
8822,8822,row8822
8823,8823,row8823
8824,8824,row8824
8825,8825,row8825
8826,8826,row8826
8827,8827,row8827
8828,8828,row8828
8829,8829,row8829
8830,8830,row8830
8831,8831,row8831
8832,8832,row8832
8833,8833,row8833
8834,8834,row8834
8835,8835,row8835
8836,8836,row8836
8837,8837,row8837
8838,8838,row8838
8839,8839,row8839
8840,8840,row8840
8841,8841,row8841
8842,8842,row8842
8843,8843,row8843
8844,8844,row8844
8845,8845,row8845
8846,8846,row8846
8847,8847,row8847
8848,8848,row8848
8849,8849,row8849
8850,8850,row8850
8851,8851,row8851
8852,8852,row8852
8853,8853,row8853
8854,8854,row8854
8855,8855,row8855
8856,8856,row8856
8857,8857,row8857
8858,8858,row8858
8859,8859,row8859
8860,8860,row8860
8861,8861,row8861
8862,8862,row8862
8863,8863,row8863
8864,8864,row8864
8865,8865,row8865
8866,8866,row8866
8867,8867,row8867
8868,8868,row8868
8869,8869,row8869
8870,8870,row8870
8871,8871,row8871
8872,8872,row8872
8873,8873,row8873
8874,8874,row8874
8875,8875,row8875
8876,8876,row8876
8877,8877,row8877
8878,8878,row8878
8879,8879,row8879
8880,8880,row8880
8881,8881,row8881
8882,8882,row8882
8883,8883,row8883
8884,8884,row8884
8885,8885,row8885
8886,8886,row8886
8887,8887,row8887
8888,8888,row8888
8889,8889,row8889
8890,8890,row8890
8891,8891,row8891
8892,8892,row8892
8893,8893,row8893
8894,8894,row8894
8895,8895,row8895
8896,8896,row8896
8897,8897,row8897
8898,8898,row8898
8899,8899,row8899
8900,8900,row8900
8901,8901,row8901
8902,8902,row8902
8903,8903,row8903
8904,8904,row8904
8905,8905,row8905
8906,8906,row8906
8907,8907,row8907
8908,8908,row8908
8909,8909,row8909
8910,8910,row8910
8911,8911,row8911
8912,8912,row8912
8913,8913,row8913
8914,8914,row8914
8915,8915,row8915
8916,8916,row8916
8917,8917,row8917
8918,8918,row8918
8919,8919,row8919
8920,8920,row8920
8921,8921,row8921
8922,8922,row8922
8923,8923,row8923
8924,8924,row8924
8925,8925,row8925
8926,8926,row8926
8927,8927,row8927
8928,8928,row8928
8929,8929,row8929
8930,8930,row8930
8931,8931,row8931
8932,8932,row8932
8933,8933,row8933
8934,8934,row8934
8935,8935,row8935
8936,8936,row8936
8937,8937,row8937
8938,8938,row8938
8939,8939,row8939
8940,8940,row8940
8941,8941,row8941
8942,8942,row8942
8943,8943,row8943
8944,8944,row8944
8945,8945,row8945
8946,8946,row8946
8947,8947,row8947
8948,8948,row8948
8949,8949,row8949
8950,8950,row8950
8951,8951,row8951
8952,8952,row8952
8953,8953,row8953
8954,8954,row8954
8955,8955,row8955
8956,8956,row8956
8957,8957,row8957
8958,8958,row8958
8959,8959,row8959
8960,8960,row8960
8961,8961,row8961
8962,8962,row8962
8963,8963,row8963
8964,8964,row8964
8965,8965,row8965
8966,8966,row8966
8967,8967,row8967
8968,8968,row8968
8969,8969,row8969
8970,8970,row8970
8971,8971,row8971
8972,8972,row8972
8973,8973,row8973
8974,8974,row8974
8975,8975,row8975
8976,8976,row8976
8977,8977,row8977
8978,8978,row8978
8979,8979,row8979
8980,8980,row8980
8981,8981,row8981
8982,8982,row8982
8983,8983,row8983
8984,8984,row8984
8985,8985,row8985
8986,8986,row8986
8987,8987,row8987
8988,8988,row8988
8989,8989,row8989
8990,8990,row8990
8991,8991,row8991
8992,8992,row8992
8993,8993,row8993
8994,8994,row8994
8995,8995,row8995
8996,8996,row8996
8997,8997,row8997
8998,8998,row8998
8999,8999,row8999
9000,9000,row9000
9001,9001,row9001
9002,9002,row9002
9003,9003,row9003
9004,9004,row9004
9005,9005,row9005
9006,9006,row9006
9007,9007,row9007
9008,9008,row9008
9009,9009,row9009
9010,9010,row9010
9011,9011,row9011
9012,9012,row9012
9013,9013,row9013
9014,9014,row9014
9015,9015,row9015
9016,9016,row9016
9017,9017,row9017
9018,9018,row9018
9019,9019,row9019
9020,9020,row9020
9021,9021,row9021
9022,9022,row9022
9023,9023,row9023
9024,9024,row9024
9025,9025,row9025
9026,9026,row9026
9027,9027,row9027
9028,9028,row9028
9029,9029,row9029
9030,9030,row9030
9031,9031,row9031
9032,9032,row9032
9033,9033,row9033
9034,9034,row9034
9035,9035,row9035
9036,9036,row9036
9037,9037,row9037
9038,9038,row9038
9039,9039,row9039
9040,9040,row9040
9041,9041,row9041
9042,9042,row9042
9043,9043,row9043
9044,9044,row9044
9045,9045,row9045
9046,9046,row9046
9047,9047,row9047
9048,9048,row9048
9049,9049,row9049
9050,9050,row9050
9051,9051,row9051
9052,9052,row9052
9053,9053,row9053
9054,9054,row9054
9055,9055,row9055
9056,9056,row9056
9057,9057,row9057
9058,9058,row9058
9059,9059,row9059
9060,9060,row9060
9061,9061,row9061
9062,9062,row9062
9063,9063,row9063
9064,9064,row9064
9065,9065,row9065
9066,9066,row9066
9067,9067,row9067
9068,9068,row9068
9069,9069,row9069
9070,9070,row9070
9071,9071,row9071
9072,9072,row9072
9073,9073,row9073
9074,9074,row9074
9075,9075,row9075
9076,9076,row9076
9077,9077,row9077
9078,9078,row9078
9079,9079,row9079
9080,9080,row9080
9081,9081,row9081
9082,9082,row9082
9083,9083,row9083
9084,9084,row9084
9085,9085,row9085
9086,9086,row9086
9087,9087,row9087
9088,9088,row9088
9089,9089,row9089
9090,9090,row9090
9091,9091,row9091
9092,9092,row9092
9093,9093,row9093
9094,9094,row9094
9095,9095,row9095
9096,9096,row9096
9097,9097,row9097
9098,9098,row9098
9099,9099,row9099
9100,9100,row9100
9101,9101,row9101
9102,9102,row9102
9103,9103,row9103
9104,9104,row9104
9105,9105,row9105
9106,9106,row9106
9107,9107,row9107
9108,9108,row9108
9109,9109,row9109
9110,9110,row9110
9111,9111,row9111
9112,9112,row9112
9113,9113,row9113
9114,9114,row9114
9115,9115,row9115
9116,9116,row9116
9117,9117,row9117
9118,9118,row9118
9119,9119,row9119
9120,9120,row9120
9121,9121,row9121
9122,9122,row9122
9123,9123,row9123
9124,9124,row9124
9125,9125,row9125
9126,9126,row9126
9127,9127,row9127
9128,9128,row9128
9129,9129,row9129
9130,9130,row9130
9131,9131,row9131
9132,9132,row9132
9133,9133,row9133
9134,9134,row9134
9135,9135,row9135
9136,9136,row9136
9137,9137,row9137
9138,9138,row9138
9139,9139,row9139
9140,9140,row9140
9141,9141,row9141
9142,9142,row9142
9143,9143,row9143
9144,9144,row9144
9145,9145,row9145
9146,9146,row9146
9147,9147,row9147
9148,9148,row9148
9149,9149,row9149
9150,9150,row9150
9151,9151,row9151
9152,9152,row9152
9153,9153,row9153
9154,9154,row9154
9155,9155,row9155
9156,9156,row9156
9157,9157,row9157
9158,9158,row9158
9159,9159,row9159
9160,9160,row9160
9161,9161,row9161
9162,9162,row9162
9163,9163,row9163
9164,9164,row9164
9165,9165,row9165
9166,9166,row9166
9167,9167,row9167
9168,9168,row9168
9169,9169,row9169
9170,9170,row9170
9171,9171,row9171
9172,9172,row9172
9173,9173,row9173
9174,9174,row9174
9175,9175,row9175
9176,9176,row9176
9177,9177,row9177
9178,9178,row9178
9179,9179,row9179
9180,9180,row9180
9181,9181,row9181
9182,9182,row9182
9183,9183,row9183
9184,9184,row9184
9185,9185,row9185
9186,9186,row9186
9187,9187,row9187
9188,9188,row9188
9189,9189,row9189
9190,9190,row9190
9191,9191,row9191
9192,9192,row9192
9193,9193,row9193
9194,9194,row9194
9195,9195,row9195
9196,9196,row9196
9197,9197,row9197
9198,9198,row9198
9199,9199,row9199
9200,9200,row9200
9201,9201,row9201
9202,9202,row9202
9203,9203,row9203
9204,9204,row9204
9205,9205,row9205
9206,9206,row9206
9207,9207,row9207
9208,9208,row9208
9209,9209,row9209
9210,9210,row9210
9211,9211,row9211
9212,9212,row9212
9213,9213,row9213
9214,9214,row9214
9215,9215,row9215
9216,9216,row9216
9217,9217,row9217
9218,9218,row9218
9219,9219,row9219
9220,9220,row9220
9221,9221,row9221
9222,9222,row9222
9223,9223,row9223
9224,9224,row9224
9225,9225,row9225
9226,9226,row9226
9227,9227,row9227
9228,9228,row9228
9229,9229,row9229
9230,9230,row9230
9231,9231,row9231
9232,9232,row9232
9233,9233,row9233
9234,9234,row9234
9235,9235,row9235
9236,9236,row9236
9237,9237,row9237
9238,9238,row9238
9239,9239,row9239
9240,9240,row9240
9241,9241,row9241
9242,9242,row9242
9243,9243,row9243
9244,9244,row9244
9245,9245,row9245
9246,9246,row9246
9247,9247,row9247
9248,9248,row9248
9249,9249,row9249
9250,9250,row9250
9251,9251,row9251
9252,9252,row9252
9253,9253,row9253
9254,9254,row9254
9255,9255,row9255
9256,9256,row9256
9257,9257,row9257
9258,9258,row9258
9259,9259,row9259
9260,9260,row9260
9261,9261,row9261
9262,9262,row9262
9263,9263,row9263
9264,9264,row9264
9265,9265,row9265
9266,9266,row9266
9267,9267,row9267
9268,9268,row9268
9269,9269,row9269
9270,9270,row9270
9271,9271,row9271
9272,9272,row9272
9273,9273,row9273
9274,9274,row9274
9275,9275,row9275
9276,9276,row9276
9277,9277,row9277
9278,9278,row9278
9279,9279,row9279
9280,9280,row9280
9281,9281,row9281
9282,9282,row9282
9283,9283,row9283
9284,9284,row9284
9285,9285,row9285
9286,9286,row9286
9287,9287,row9287
9288,9288,row9288
9289,9289,row9289
9290,9290,row9290
9291,9291,row9291
9292,9292,row9292
9293,9293,row9293
9294,9294,row9294
9295,9295,row9295
9296,9296,row9296
9297,9297,row9297
9298,9298,row9298
9299,9299,row9299
9300,9300,row9300
9301,9301,row9301
9302,9302,row9302
9303,9303,row9303
9304,9304,row9304
9305,9305,row9305
9306,9306,row9306
9307,9307,row9307
9308,9308,row9308
9309,9309,row9309
9310,9310,row9310
9311,9311,row9311
9312,9312,row9312
9313,9313,row9313
9314,9314,row9314
9315,9315,row9315
9316,9316,row9316
9317,9317,row9317
9318,9318,row9318
9319,9319,row9319
9320,9320,row9320
9321,9321,row9321
9322,9322,row9322
9323,9323,row9323
9324,9324,row9324
9325,9325,row9325
9326,9326,row9326
9327,9327,row9327
9328,9328,row9328
9329,9329,row9329
9330,9330,row9330
9331,9331,row9331
9332,9332,row9332
9333,9333,row9333
9334,9334,row9334
9335,9335,row9335
9336,9336,row9336
9337,9337,row9337
9338,9338,row9338
9339,9339,row9339
9340,9340,row9340
9341,9341,row9341
9342,9342,row9342
9343,9343,row9343
9344,9344,row9344
9345,9345,row9345
9346,9346,row9346
9347,9347,row9347
9348,9348,row9348
9349,9349,row9349
9350,9350,row9350
9351,9351,row9351
9352,9352,row9352
9353,9353,row9353
9354,9354,row9354
9355,9355,row9355
9356,9356,row9356
9357,9357,row9357
9358,9358,row9358
9359,9359,row9359
9360,9360,row9360
9361,9361,row9361
9362,9362,row9362
9363,9363,row9363
9364,9364,row9364
9365,9365,row9365
9366,9366,row9366
9367,9367,row9367
9368,9368,row9368
9369,9369,row9369
9370,9370,row9370
9371,9371,row9371
9372,9372,row9372
9373,9373,row9373
9374,9374,row9374
9375,9375,row9375
9376,9376,row9376
9377,9377,row9377
9378,9378,row9378
9379,9379,row9379
9380,9380,row9380
9381,9381,row9381
9382,9382,row9382
9383,9383,row9383
9384,9384,row9384
9385,9385,row9385
9386,9386,row9386
9387,9387,row9387
9388,9388,row9388
9389,9389,row9389
9390,9390,row9390
9391,9391,row9391
9392,9392,row9392
9393,9393,row9393
9394,9394,row9394
9395,9395,row9395
9396,9396,row9396
9397,9397,row9397
9398,9398,row9398
9399,9399,row9399
9400,9400,row9400
9401,9401,row9401
9402,9402,row9402
9403,9403,row9403
9404,9404,row9404
9405,9405,row9405
9406,9406,row9406
9407,9407,row9407
9408,9408,row9408
9409,9409,row9409
9410,9410,row9410
9411,9411,row9411
9412,9412,row9412
9413,9413,row9413
9414,9414,row9414
9415,9415,row9415
9416,9416,row9416
9417,9417,row9417
9418,9418,row9418
9419,9419,row9419
9420,9420,row9420
9421,9421,row9421
9422,9422,row9422
9423,9423,row9423
9424,9424,row9424
9425,9425,row9425
9426,9426,row9426
9427,9427,row9427
9428,9428,row9428
9429,9429,row9429
9430,9430,row9430
9431,9431,row9431
9432,9432,row9432
9433,9433,row9433
9434,9434,row9434
9435,9435,row9435
9436,9436,row9436
9437,9437,row9437
9438,9438,row9438
9439,9439,row9439
9440,9440,row9440
9441,9441,row9441
9442,9442,row9442
9443,9443,row9443
9444,9444,row9444
9445,9445,row9445
9446,9446,row9446
9447,9447,row9447
9448,9448,row9448
9449,9449,row9449
9450,9450,row9450
9451,9451,row9451
9452,9452,row9452
9453,9453,row9453
9454,9454,row9454
9455,9455,row9455
9456,9456,row9456
9457,9457,row9457
9458,9458,row9458
9459,9459,row9459
9460,9460,row9460
9461,9461,row9461
9462,9462,row9462
9463,9463,row9463
9464,9464,row9464
9465,9465,row9465
9466,9466,row9466
9467,9467,row9467
9468,9468,row9468
9469,9469,row9469
9470,9470,row9470
9471,9471,row9471
9472,9472,row9472
9473,9473,row9473
9474,9474,row9474
9475,9475,row9475
9476,9476,row9476
9477,9477,row9477
9478,9478,row9478
9479,9479,row9479
9480,9480,row9480
9481,9481,row9481
9482,9482,row9482
9483,9483,row9483
9484,9484,row9484
9485,9485,row9485
9486,9486,row9486
9487,9487,row9487
9488,9488,row9488
9489,9489,row9489
9490,9490,row9490
9491,9491,row9491
9492,9492,row9492
9493,9493,row9493
9494,9494,row9494
9495,9495,row9495
9496,9496,row9496
9497,9497,row9497
9498,9498,row9498
9499,9499,row9499
9500,9500,row9500
9501,9501,row9501
9502,9502,row9502
9503,9503,row9503
9504,9504,row9504
9505,9505,row9505
9506,9506,row9506
9507,9507,row9507
9508,9508,row9508
9509,9509,row9509
9510,9510,row9510
9511,9511,row9511
9512,9512,row9512
9513,9513,row9513
9514,9514,row9514
9515,9515,row9515
9516,9516,row9516
9517,9517,row9517
9518,9518,row9518
9519,9519,row9519
9520,9520,row9520
9521,9521,row9521
9522,9522,row9522
9523,9523,row9523
9524,9524,row9524
9525,9525,row9525
9526,9526,row9526
9527,9527,row9527
9528,9528,row9528
9529,9529,row9529
9530,9530,row9530
9531,9531,row9531
9532,9532,row9532
9533,9533,row9533
9534,9534,row9534
9535,9535,row9535
9536,9536,row9536
9537,9537,row9537
9538,9538,row9538
9539,9539,row9539
9540,9540,row9540
9541,9541,row9541
9542,9542,row9542
9543,9543,row9543
9544,9544,row9544
9545,9545,row9545
9546,9546,row9546
9547,9547,row9547
9548,9548,row9548
9549,9549,row9549
9550,9550,row9550
9551,9551,row9551
9552,9552,row9552
9553,9553,row9553
9554,9554,row9554
9555,9555,row9555
9556,9556,row9556
9557,9557,row9557
9558,9558,row9558
9559,9559,row9559
9560,9560,row9560
9561,9561,row9561
9562,9562,row9562
9563,9563,row9563
9564,9564,row9564
9565,9565,row9565
9566,9566,row9566
9567,9567,row9567
9568,9568,row9568
9569,9569,row9569
9570,9570,row9570
9571,9571,row9571
9572,9572,row9572
9573,9573,row9573
9574,9574,row9574
9575,9575,row9575
9576,9576,row9576
9577,9577,row9577
9578,9578,row9578
9579,9579,row9579
9580,9580,row9580
9581,9581,row9581
9582,9582,row9582
9583,9583,row9583
9584,9584,row9584
9585,9585,row9585
9586,9586,row9586
9587,9587,row9587
9588,9588,row9588
9589,9589,row9589
9590,9590,row9590
9591,9591,row9591
9592,9592,row9592
9593,9593,row9593
9594,9594,row9594
9595,9595,row9595
9596,9596,row9596
9597,9597,row9597
9598,9598,row9598
9599,9599,row9599
9600,9600,row9600
9601,9601,row9601
9602,9602,row9602
9603,9603,row9603
9604,9604,row9604
9605,9605,row9605
9606,9606,row9606
9607,9607,row9607
9608,9608,row9608
9609,9609,row9609
9610,9610,row9610
9611,9611,row9611
9612,9612,row9612
9613,9613,row9613
9614,9614,row9614
9615,9615,row9615
9616,9616,row9616
9617,9617,row9617
9618,9618,row9618
9619,9619,row9619
9620,9620,row9620
9621,9621,row9621
9622,9622,row9622
9623,9623,row9623
9624,9624,row9624
9625,9625,row9625
9626,9626,row9626
9627,9627,row9627
9628,9628,row9628
9629,9629,row9629
9630,9630,row9630
9631,9631,row9631
9632,9632,row9632
9633,9633,row9633
9634,9634,row9634
9635,9635,row9635
9636,9636,row9636
9637,9637,row9637
9638,9638,row9638
9639,9639,row9639
9640,9640,row9640
9641,9641,row9641
9642,9642,row9642
9643,9643,row9643
9644,9644,row9644
9645,9645,row9645
9646,9646,row9646
9647,9647,row9647
9648,9648,row9648
9649,9649,row9649
9650,9650,row9650
9651,9651,row9651
9652,9652,row9652
9653,9653,row9653
9654,9654,row9654
9655,9655,row9655
9656,9656,row9656
9657,9657,row9657
9658,9658,row9658
9659,9659,row9659
9660,9660,row9660
9661,9661,row9661
9662,9662,row9662
9663,9663,row9663
9664,9664,row9664
9665,9665,row9665
9666,9666,row9666
9667,9667,row9667
9668,9668,row9668
9669,9669,row9669
9670,9670,row9670
9671,9671,row9671
9672,9672,row9672
9673,9673,row9673
9674,9674,row9674
9675,9675,row9675
9676,9676,row9676
9677,9677,row9677
9678,9678,row9678
9679,9679,row9679
9680,9680,row9680
9681,9681,row9681
9682,9682,row9682
9683,9683,row9683
9684,9684,row9684
9685,9685,row9685
9686,9686,row9686
9687,9687,row9687
9688,9688,row9688
9689,9689,row9689
9690,9690,row9690
9691,9691,row9691
9692,9692,row9692
9693,9693,row9693
9694,9694,row9694
9695,9695,row9695
9696,9696,row9696
9697,9697,row9697
9698,9698,row9698
9699,9699,row9699
9700,9700,row9700
9701,9701,row9701
9702,9702,row9702
9703,9703,row9703
9704,9704,row9704
9705,9705,row9705
9706,9706,row9706
9707,9707,row9707
9708,9708,row9708
9709,9709,row9709
9710,9710,row9710
9711,9711,row9711
9712,9712,row9712
9713,9713,row9713
9714,9714,row9714
9715,9715,row9715
9716,9716,row9716
9717,9717,row9717
9718,9718,row9718
9719,9719,row9719
9720,9720,row9720
9721,9721,row9721
9722,9722,row9722
9723,9723,row9723
9724,9724,row9724
9725,9725,row9725
9726,9726,row9726
9727,9727,row9727
9728,9728,row9728
9729,9729,row9729
9730,9730,row9730
9731,9731,row9731
9732,9732,row9732
9733,9733,row9733
9734,9734,row9734
9735,9735,row9735
9736,9736,row9736
9737,9737,row9737
9738,9738,row9738
9739,9739,row9739
9740,9740,row9740
9741,9741,row9741
9742,9742,row9742
9743,9743,row9743
9744,9744,row9744
9745,9745,row9745
9746,9746,row9746
9747,9747,row9747
9748,9748,row9748
9749,9749,row9749
9750,9750,row9750
9751,9751,row9751
9752,9752,row9752
9753,9753,row9753
9754,9754,row9754
9755,9755,row9755
9756,9756,row9756
9757,9757,row9757
9758,9758,row9758
9759,9759,row9759
9760,9760,row9760
9761,9761,row9761
9762,9762,row9762
9763,9763,row9763
9764,9764,row9764
9765,9765,row9765
9766,9766,row9766
9767,9767,row9767
9768,9768,row9768
9769,9769,row9769
9770,9770,row9770
9771,9771,row9771
9772,9772,row9772
9773,9773,row9773
9774,9774,row9774
9775,9775,row9775
9776,9776,row9776
9777,9777,row9777
9778,9778,row9778
9779,9779,row9779
9780,9780,row9780
9781,9781,row9781
9782,9782,row9782
9783,9783,row9783
9784,9784,row9784
9785,9785,row9785
9786,9786,row9786
9787,9787,row9787
9788,9788,row9788
9789,9789,row9789
9790,9790,row9790
9791,9791,row9791
9792,9792,row9792
9793,9793,row9793
9794,9794,row9794
9795,9795,row9795
9796,9796,row9796
9797,9797,row9797
9798,9798,row9798
9799,9799,row9799
9800,9800,row9800
9801,9801,row9801
9802,9802,row9802
9803,9803,row9803
9804,9804,row9804
9805,9805,row9805
9806,9806,row9806
9807,9807,row9807
9808,9808,row9808
9809,9809,row9809
9810,9810,row9810
9811,9811,row9811
9812,9812,row9812
9813,9813,row9813
9814,9814,row9814
9815,9815,row9815
9816,9816,row9816
9817,9817,row9817
9818,9818,row9818
9819,9819,row9819
9820,9820,row9820
9821,9821,row9821
9822,9822,row9822
9823,9823,row9823
9824,9824,row9824
9825,9825,row9825
9826,9826,row9826
9827,9827,row9827
9828,9828,row9828
9829,9829,row9829
9830,9830,row9830
9831,9831,row9831
9832,9832,row9832
9833,9833,row9833
9834,9834,row9834
9835,9835,row9835
9836,9836,row9836
9837,9837,row9837
9838,9838,row9838
9839,9839,row9839
9840,9840,row9840
9841,9841,row9841
9842,9842,row9842
9843,9843,row9843
9844,9844,row9844
9845,9845,row9845
9846,9846,row9846
9847,9847,row9847
9848,9848,row9848
9849,9849,row9849
9850,9850,row9850
9851,9851,row9851
9852,9852,row9852
9853,9853,row9853
9854,9854,row9854
9855,9855,row9855
9856,9856,row9856
9857,9857,row9857
9858,9858,row9858
9859,9859,row9859
9860,9860,row9860
9861,9861,row9861
9862,9862,row9862
9863,9863,row9863
9864,9864,row9864
9865,9865,row9865
9866,9866,row9866
9867,9867,row9867
9868,9868,row9868
9869,9869,row9869
9870,9870,row9870
9871,9871,row9871
9872,9872,row9872
9873,9873,row9873
9874,9874,row9874
9875,9875,row9875
9876,9876,row9876
9877,9877,row9877
9878,9878,row9878
9879,9879,row9879
9880,9880,row9880
9881,9881,row9881
9882,9882,row9882
9883,9883,row9883
9884,9884,row9884
9885,9885,row9885
9886,9886,row9886
9887,9887,row9887
9888,9888,row9888
9889,9889,row9889
9890,9890,row9890
9891,9891,row9891
9892,9892,row9892
9893,9893,row9893
9894,9894,row9894
9895,9895,row9895
9896,9896,row9896
9897,9897,row9897
9898,9898,row9898
9899,9899,row9899
9900,9900,row9900
9901,9901,row9901
9902,9902,row9902
9903,9903,row9903
9904,9904,row9904
9905,9905,row9905
9906,9906,row9906
9907,9907,row9907
9908,9908,row9908
9909,9909,row9909
9910,9910,row9910
9911,9911,row9911
9912,9912,row9912
9913,9913,row9913
9914,9914,row9914
9915,9915,row9915
9916,9916,row9916
9917,9917,row9917
9918,9918,row9918
9919,9919,row9919
9920,9920,row9920
9921,9921,row9921
9922,9922,row9922
9923,9923,row9923
9924,9924,row9924
9925,9925,row9925
9926,9926,row9926
9927,9927,row9927
9928,9928,row9928
9929,9929,row9929
9930,9930,row9930
9931,9931,row9931
9932,9932,row9932
9933,9933,row9933
9934,9934,row9934
9935,9935,row9935
9936,9936,row9936
9937,9937,row9937
9938,9938,row9938
9939,9939,row9939
9940,9940,row9940
9941,9941,row9941
9942,9942,row9942
9943,9943,row9943
9944,9944,row9944
9945,9945,row9945
9946,9946,row9946
9947,9947,row9947
9948,9948,row9948
9949,9949,row9949
9950,9950,row9950
9951,9951,row9951
9952,9952,row9952
9953,9953,row9953
9954,9954,row9954
9955,9955,row9955
9956,9956,row9956
9957,9957,row9957
9958,9958,row9958
9959,9959,row9959
9960,9960,row9960
9961,9961,row9961
9962,9962,row9962
9963,9963,row9963
9964,9964,row9964
9965,9965,row9965
9966,9966,row9966
9967,9967,row9967
9968,9968,row9968
9969,9969,row9969
9970,9970,row9970
9971,9971,row9971
9972,9972,row9972
9973,9973,row9973
9974,9974,row9974
9975,9975,row9975
9976,9976,row9976
9977,9977,row9977
9978,9978,row9978
9979,9979,row9979
9980,9980,row9980
9981,9981,row9981
9982,9982,row9982
9983,9983,row9983
9984,9984,row9984
9985,9985,row9985
9986,9986,row9986
9987,9987,row9987
9988,9988,row9988
9989,9989,row9989
9990,9990,row9990
9991,9991,row9991
9992,9992,row9992
9993,9993,row9993
9994,9994,row9994
9995,9995,row9995
9996,9996,row9996
9997,9997,row9997
9998,9998,row9998
9999,9999,row9999
10000,10000,row10000
10001,10001,row10001
10002,10002,row10002
10003,10003,row10003
10004,10004,row10004
10005,10005,row10005
10006,10006,row10006
10007,10007,row10007
10008,10008,row10008
10009,10009,row10009
10010,10010,row10010
10011,10011,row10011
10012,10012,row10012
10013,10013,row10013
10014,10014,row10014
10015,10015,row10015
10016,10016,row10016
10017,10017,row10017
10018,10018,row10018
10019,10019,row10019
10020,10020,row10020
10021,10021,row10021
10022,10022,row10022
10023,10023,row10023
10024,10024,row10024
10025,10025,row10025
10026,10026,row10026
10027,10027,row10027
10028,10028,row10028
10029,10029,row10029
10030,10030,row10030
10031,10031,row10031
10032,10032,row10032
10033,10033,row10033
10034,10034,row10034
10035,10035,row10035
10036,10036,row10036
10037,10037,row10037
10038,10038,row10038
10039,10039,row10039
10040,10040,row10040
10041,10041,row10041
10042,10042,row10042
10043,10043,row10043
10044,10044,row10044
10045,10045,row10045
10046,10046,row10046
10047,10047,row10047
10048,10048,row10048
10049,10049,row10049
10050,10050,row10050
10051,10051,row10051
10052,10052,row10052
10053,10053,row10053
10054,10054,row10054
10055,10055,row10055
10056,10056,row10056
10057,10057,row10057
10058,10058,row10058
10059,10059,row10059
10060,10060,row10060
10061,10061,row10061
10062,10062,row10062
10063,10063,row10063
10064,10064,row10064
10065,10065,row10065
10066,10066,row10066
10067,10067,row10067
10068,10068,row10068
10069,10069,row10069
10070,10070,row10070
10071,10071,row10071
10072,10072,row10072
10073,10073,row10073
10074,10074,row10074
10075,10075,row10075
10076,10076,row10076
10077,10077,row10077
10078,10078,row10078
10079,10079,row10079
10080,10080,row10080
10081,10081,row10081
10082,10082,row10082
10083,10083,row10083
10084,10084,row10084
10085,10085,row10085
10086,10086,row10086
10087,10087,row10087
10088,10088,row10088
10089,10089,row10089
10090,10090,row10090
10091,10091,row10091
10092,10092,row10092
10093,10093,row10093
10094,10094,row10094
10095,10095,row10095
10096,10096,row10096
10097,10097,row10097
10098,10098,row10098
10099,10099,row10099
10100,10100,row10100
10101,10101,row10101
10102,10102,row10102
10103,10103,row10103
10104,10104,row10104
10105,10105,row10105
10106,10106,row10106
10107,10107,row10107
10108,10108,row10108
10109,10109,row10109
10110,10110,row10110
10111,10111,row10111
10112,10112,row10112
10113,10113,row10113
10114,10114,row10114
10115,10115,row10115
10116,10116,row10116
10117,10117,row10117
10118,10118,row10118
10119,10119,row10119
10120,10120,row10120
10121,10121,row10121
10122,10122,row10122
10123,10123,row10123
10124,10124,row10124
10125,10125,row10125
10126,10126,row10126
10127,10127,row10127
10128,10128,row10128
10129,10129,row10129
10130,10130,row10130
10131,10131,row10131
10132,10132,row10132
10133,10133,row10133
10134,10134,row10134
10135,10135,row10135
10136,10136,row10136
10137,10137,row10137
10138,10138,row10138
10139,10139,row10139
10140,10140,row10140
10141,10141,row10141
10142,10142,row10142
10143,10143,row10143
10144,10144,row10144
10145,10145,row10145
10146,10146,row10146
10147,10147,row10147
10148,10148,row10148
10149,10149,row10149
10150,10150,row10150
10151,10151,row10151
10152,10152,row10152
10153,10153,row10153
10154,10154,row10154
10155,10155,row10155
10156,10156,row10156
10157,10157,row10157
10158,10158,row10158
10159,10159,row10159
10160,10160,row10160
10161,10161,row10161
10162,10162,row10162
10163,10163,row10163
10164,10164,row10164
10165,10165,row10165
10166,10166,row10166
10167,10167,row10167
10168,10168,row10168
10169,10169,row10169
10170,10170,row10170
10171,10171,row10171
10172,10172,row10172
10173,10173,row10173
10174,10174,row10174
10175,10175,row10175
10176,10176,row10176
10177,10177,row10177
10178,10178,row10178
10179,10179,row10179
10180,10180,row10180
10181,10181,row10181
10182,10182,row10182
10183,10183,row10183
10184,10184,row10184
10185,10185,row10185
10186,10186,row10186
10187,10187,row10187
10188,10188,row10188
10189,10189,row10189
10190,10190,row10190
10191,10191,row10191
10192,10192,row10192
10193,10193,row10193
10194,10194,row10194
10195,10195,row10195
10196,10196,row10196
10197,10197,row10197
10198,10198,row10198
10199,10199,row10199
10200,10200,row10200
10201,10201,row10201
10202,10202,row10202
10203,10203,row10203
10204,10204,row10204
10205,10205,row10205
10206,10206,row10206
10207,10207,row10207
10208,10208,row10208
10209,10209,row10209
10210,10210,row10210
10211,10211,row10211
10212,10212,row10212
10213,10213,row10213
10214,10214,row10214
10215,10215,row10215
10216,10216,row10216
10217,10217,row10217
10218,10218,row10218
10219,10219,row10219
10220,10220,row10220
10221,10221,row10221
10222,10222,row10222
10223,10223,row10223
10224,10224,row10224
10225,10225,row10225
10226,10226,row10226
10227,10227,row10227
10228,10228,row10228
10229,10229,row10229
10230,10230,row10230
10231,10231,row10231
10232,10232,row10232
10233,10233,row10233
10234,10234,row10234
10235,10235,row10235
10236,10236,row10236
10237,10237,row10237
10238,10238,row10238
10239,10239,row10239
10240,10240,row10240
10241,10241,row10241
10242,10242,row10242
10243,10243,row10243
10244,10244,row10244
10245,10245,row10245
10246,10246,row10246
10247,10247,row10247
10248,10248,row10248
10249,10249,row10249
10250,10250,row10250
10251,10251,row10251
10252,10252,row10252
10253,10253,row10253
10254,10254,row10254
10255,10255,row10255
10256,10256,row10256
10257,10257,row10257
10258,10258,row10258
10259,10259,row10259
10260,10260,row10260
10261,10261,row10261
10262,10262,row10262
10263,10263,row10263
10264,10264,row10264
10265,10265,row10265
10266,10266,row10266
10267,10267,row10267
10268,10268,row10268
10269,10269,row10269
10270,10270,row10270
10271,10271,row10271
10272,10272,row10272
10273,10273,row10273
10274,10274,row10274
10275,10275,row10275
10276,10276,row10276
10277,10277,row10277
10278,10278,row10278
10279,10279,row10279
10280,10280,row10280
10281,10281,row10281
10282,10282,row10282
10283,10283,row10283
10284,10284,row10284
10285,10285,row10285
10286,10286,row10286
10287,10287,row10287
10288,10288,row10288
10289,10289,row10289
10290,10290,row10290
10291,10291,row10291
10292,10292,row10292
10293,10293,row10293
10294,10294,row10294
10295,10295,row10295
10296,10296,row10296
10297,10297,row10297
10298,10298,row10298
10299,10299,row10299
10300,10300,row10300
10301,10301,row10301
10302,10302,row10302
10303,10303,row10303
10304,10304,row10304
10305,10305,row10305
10306,10306,row10306
10307,10307,row10307
10308,10308,row10308
10309,10309,row10309
10310,10310,row10310
10311,10311,row10311
10312,10312,row10312
10313,10313,row10313
10314,10314,row10314
10315,10315,row10315
10316,10316,row10316
10317,10317,row10317
10318,10318,row10318
10319,10319,row10319
10320,10320,row10320
10321,10321,row10321
10322,10322,row10322
10323,10323,row10323
10324,10324,row10324
10325,10325,row10325
10326,10326,row10326
10327,10327,row10327
10328,10328,row10328
10329,10329,row10329
10330,10330,row10330
10331,10331,row10331
10332,10332,row10332
10333,10333,row10333
10334,10334,row10334
10335,10335,row10335
10336,10336,row10336
10337,10337,row10337
10338,10338,row10338
10339,10339,row10339
10340,10340,row10340
10341,10341,row10341
10342,10342,row10342
10343,10343,row10343
10344,10344,row10344
10345,10345,row10345
10346,10346,row10346
10347,10347,row10347
10348,10348,row10348
10349,10349,row10349
10350,10350,row10350
10351,10351,row10351
10352,10352,row10352
10353,10353,row10353
10354,10354,row10354
10355,10355,row10355
10356,10356,row10356
10357,10357,row10357
10358,10358,row10358
10359,10359,row10359
10360,10360,row10360
10361,10361,row10361
10362,10362,row10362
10363,10363,row10363
10364,10364,row10364
10365,10365,row10365
10366,10366,row10366
10367,10367,row10367
10368,10368,row10368
10369,10369,row10369
10370,10370,row10370
10371,10371,row10371
10372,10372,row10372
10373,10373,row10373
10374,10374,row10374
10375,10375,row10375
10376,10376,row10376
10377,10377,row10377
10378,10378,row10378
10379,10379,row10379
10380,10380,row10380
10381,10381,row10381
10382,10382,row10382
10383,10383,row10383
10384,10384,row10384
10385,10385,row10385
10386,10386,row10386
10387,10387,row10387
10388,10388,row10388
10389,10389,row10389
10390,10390,row10390
10391,10391,row10391
10392,10392,row10392
10393,10393,row10393
10394,10394,row10394
10395,10395,row10395
10396,10396,row10396
10397,10397,row10397
10398,10398,row10398
10399,10399,row10399
10400,10400,row10400
10401,10401,row10401
10402,10402,row10402
10403,10403,row10403
10404,10404,row10404
10405,10405,row10405
10406,10406,row10406
10407,10407,row10407
10408,10408,row10408
10409,10409,row10409
10410,10410,row10410
10411,10411,row10411
10412,10412,row10412
10413,10413,row10413
10414,10414,row10414
10415,10415,row10415
10416,10416,row10416
10417,10417,row10417
10418,10418,row10418
10419,10419,row10419
10420,10420,row10420
10421,10421,row10421
10422,10422,row10422
10423,10423,row10423
10424,10424,row10424
10425,10425,row10425
10426,10426,row10426
10427,10427,row10427
10428,10428,row10428
10429,10429,row10429
10430,10430,row10430
10431,10431,row10431
10432,10432,row10432
10433,10433,row10433
10434,10434,row10434
10435,10435,row10435
10436,10436,row10436
10437,10437,row10437
10438,10438,row10438
10439,10439,row10439
10440,10440,row10440
10441,10441,row10441
10442,10442,row10442
10443,10443,row10443
10444,10444,row10444
10445,10445,row10445
10446,10446,row10446
10447,10447,row10447
10448,10448,row10448
10449,10449,row10449
10450,10450,row10450
10451,10451,row10451
10452,10452,row10452
10453,10453,row10453
10454,10454,row10454
10455,10455,row10455
10456,10456,row10456
10457,10457,row10457
10458,10458,row10458
10459,10459,row10459
10460,10460,row10460
10461,10461,row10461
10462,10462,row10462
10463,10463,row10463
10464,10464,row10464
10465,10465,row10465
10466,10466,row10466
10467,10467,row10467
10468,10468,row10468
10469,10469,row10469
10470,10470,row10470
10471,10471,row10471
10472,10472,row10472
10473,10473,row10473
10474,10474,row10474
10475,10475,row10475
10476,10476,row10476
10477,10477,row10477
10478,10478,row10478
10479,10479,row10479
10480,10480,row10480
10481,10481,row10481
10482,10482,row10482
10483,10483,row10483
10484,10484,row10484
10485,10485,row10485
10486,10486,row10486
10487,10487,row10487
10488,10488,row10488
10489,10489,row10489
10490,10490,row10490
10491,10491,row10491
10492,10492,row10492
10493,10493,row10493
10494,10494,row10494
10495,10495,row10495
10496,10496,row10496
10497,10497,row10497
10498,10498,row10498
10499,10499,row10499
10500,10500,row10500
10501,10501,row10501
10502,10502,row10502
10503,10503,row10503
10504,10504,row10504
10505,10505,row10505
10506,10506,row10506
10507,10507,row10507
10508,10508,row10508
10509,10509,row10509
10510,10510,row10510
10511,10511,row10511
10512,10512,row10512
10513,10513,row10513
10514,10514,row10514
10515,10515,row10515
10516,10516,row10516
10517,10517,row10517
10518,10518,row10518
10519,10519,row10519
10520,10520,row10520
10521,10521,row10521
10522,10522,row10522
10523,10523,row10523
10524,10524,row10524
10525,10525,row10525
10526,10526,row10526
10527,10527,row10527
10528,10528,row10528
10529,10529,row10529
10530,10530,row10530
10531,10531,row10531
10532,10532,row10532
10533,10533,row10533
10534,10534,row10534
10535,10535,row10535
10536,10536,row10536
10537,10537,row10537
10538,10538,row10538
10539,10539,row10539
10540,10540,row10540
10541,10541,row10541
10542,10542,row10542
10543,10543,row10543
10544,10544,row10544
10545,10545,row10545
10546,10546,row10546
10547,10547,row10547
10548,10548,row10548
10549,10549,row10549
10550,10550,row10550
10551,10551,row10551
10552,10552,row10552
10553,10553,row10553
10554,10554,row10554
10555,10555,row10555
10556,10556,row10556
10557,10557,row10557
10558,10558,row10558
10559,10559,row10559
10560,10560,row10560
10561,10561,row10561
10562,10562,row10562
10563,10563,row10563
10564,10564,row10564
10565,10565,row10565
10566,10566,row10566
10567,10567,row10567
10568,10568,row10568
10569,10569,row10569
10570,10570,row10570
10571,10571,row10571
10572,10572,row10572
10573,10573,row10573
10574,10574,row10574
10575,10575,row10575
10576,10576,row10576
10577,10577,row10577
10578,10578,row10578
10579,10579,row10579
10580,10580,row10580
10581,10581,row10581
10582,10582,row10582
10583,10583,row10583
10584,10584,row10584
10585,10585,row10585
10586,10586,row10586
10587,10587,row10587
10588,10588,row10588
10589,10589,row10589
10590,10590,row10590
10591,10591,row10591
10592,10592,row10592
10593,10593,row10593
10594,10594,row10594
10595,10595,row10595
10596,10596,row10596
10597,10597,row10597
10598,10598,row10598
10599,10599,row10599
10600,10600,row10600
10601,10601,row10601
10602,10602,row10602
10603,10603,row10603
10604,10604,row10604
10605,10605,row10605
10606,10606,row10606
10607,10607,row10607
10608,10608,row10608
10609,10609,row10609
10610,10610,row10610
10611,10611,row10611
10612,10612,row10612
10613,10613,row10613
10614,10614,row10614
10615,10615,row10615
10616,10616,row10616
10617,10617,row10617
10618,10618,row10618
10619,10619,row10619
10620,10620,row10620
10621,10621,row10621
10622,10622,row10622
10623,10623,row10623
10624,10624,row10624
10625,10625,row10625
10626,10626,row10626
10627,10627,row10627
10628,10628,row10628
10629,10629,row10629
10630,10630,row10630
10631,10631,row10631
10632,10632,row10632
10633,10633,row10633
10634,10634,row10634
10635,10635,row10635
10636,10636,row10636
10637,10637,row10637
10638,10638,row10638
10639,10639,row10639
10640,10640,row10640
10641,10641,row10641
10642,10642,row10642
10643,10643,row10643
10644,10644,row10644
10645,10645,row10645
10646,10646,row10646
10647,10647,row10647
10648,10648,row10648
10649,10649,row10649
10650,10650,row10650
10651,10651,row10651
10652,10652,row10652
10653,10653,row10653
10654,10654,row10654
10655,10655,row10655
10656,10656,row10656
10657,10657,row10657
10658,10658,row10658
10659,10659,row10659
10660,10660,row10660
10661,10661,row10661
10662,10662,row10662
10663,10663,row10663
10664,10664,row10664
10665,10665,row10665
10666,10666,row10666
10667,10667,row10667
10668,10668,row10668
10669,10669,row10669
10670,10670,row10670
10671,10671,row10671
10672,10672,row10672
10673,10673,row10673
10674,10674,row10674
10675,10675,row10675
10676,10676,row10676
10677,10677,row10677
10678,10678,row10678
10679,10679,row10679
10680,10680,row10680
10681,10681,row10681
10682,10682,row10682
10683,10683,row10683
10684,10684,row10684
10685,10685,row10685
10686,10686,row10686
10687,10687,row10687
10688,10688,row10688
10689,10689,row10689
10690,10690,row10690
10691,10691,row10691
10692,10692,row10692
10693,10693,row10693
10694,10694,row10694
10695,10695,row10695
10696,10696,row10696
10697,10697,row10697
10698,10698,row10698
10699,10699,row10699
10700,10700,row10700
10701,10701,row10701
10702,10702,row10702
10703,10703,row10703
10704,10704,row10704
10705,10705,row10705
10706,10706,row10706
10707,10707,row10707
10708,10708,row10708
10709,10709,row10709
10710,10710,row10710
10711,10711,row10711
10712,10712,row10712
10713,10713,row10713
10714,10714,row10714
10715,10715,row10715
10716,10716,row10716
10717,10717,row10717
10718,10718,row10718
10719,10719,row10719
10720,10720,row10720
10721,10721,row10721
10722,10722,row10722
10723,10723,row10723
10724,10724,row10724
10725,10725,row10725
10726,10726,row10726
10727,10727,row10727
10728,10728,row10728
10729,10729,row10729
10730,10730,row10730
10731,10731,row10731
10732,10732,row10732
10733,10733,row10733
10734,10734,row10734
10735,10735,row10735
10736,10736,row10736
10737,10737,row10737
10738,10738,row10738
10739,10739,row10739
10740,10740,row10740
10741,10741,row10741
10742,10742,row10742
10743,10743,row10743
10744,10744,row10744
10745,10745,row10745
10746,10746,row10746
10747,10747,row10747
10748,10748,row10748
10749,10749,row10749
10750,10750,row10750
10751,10751,row10751
10752,10752,row10752
10753,10753,row10753
10754,10754,row10754
10755,10755,row10755
10756,10756,row10756
10757,10757,row10757
10758,10758,row10758
10759,10759,row10759
10760,10760,row10760
10761,10761,row10761
10762,10762,row10762
10763,10763,row10763
10764,10764,row10764
10765,10765,row10765
10766,10766,row10766
10767,10767,row10767
10768,10768,row10768
10769,10769,row10769
10770,10770,row10770
10771,10771,row10771
10772,10772,row10772
10773,10773,row10773
10774,10774,row10774
10775,10775,row10775
10776,10776,row10776
10777,10777,row10777
10778,10778,row10778
10779,10779,row10779
10780,10780,row10780
10781,10781,row10781
10782,10782,row10782
10783,10783,row10783
10784,10784,row10784
10785,10785,row10785
10786,10786,row10786
10787,10787,row10787
10788,10788,row10788
10789,10789,row10789
10790,10790,row10790
10791,10791,row10791
10792,10792,row10792
10793,10793,row10793
10794,10794,row10794
10795,10795,row10795
10796,10796,row10796
10797,10797,row10797
10798,10798,row10798
10799,10799,row10799
10800,10800,row10800
10801,10801,row10801
10802,10802,row10802
10803,10803,row10803
10804,10804,row10804
10805,10805,row10805
10806,10806,row10806
10807,10807,row10807
10808,10808,row10808
10809,10809,row10809
10810,10810,row10810
10811,10811,row10811
10812,10812,row10812
10813,10813,row10813
10814,10814,row10814
10815,10815,row10815
10816,10816,row10816
10817,10817,row10817
10818,10818,row10818
10819,10819,row10819
10820,10820,row10820
10821,10821,row10821
10822,10822,row10822
10823,10823,row10823
10824,10824,row10824
10825,10825,row10825
10826,10826,row10826
10827,10827,row10827
10828,10828,row10828
10829,10829,row10829
10830,10830,row10830
10831,10831,row10831
10832,10832,row10832
10833,10833,row10833
10834,10834,row10834
10835,10835,row10835
10836,10836,row10836
10837,10837,row10837
10838,10838,row10838
10839,10839,row10839
10840,10840,row10840
10841,10841,row10841
10842,10842,row10842
10843,10843,row10843
10844,10844,row10844
10845,10845,row10845
10846,10846,row10846
10847,10847,row10847
10848,10848,row10848
10849,10849,row10849
10850,10850,row10850
10851,10851,row10851
10852,10852,row10852
10853,10853,row10853
10854,10854,row10854
10855,10855,row10855
10856,10856,row10856
10857,10857,row10857
10858,10858,row10858
10859,10859,row10859
10860,10860,row10860
10861,10861,row10861
10862,10862,row10862
10863,10863,row10863
10864,10864,row10864
10865,10865,row10865
10866,10866,row10866
10867,10867,row10867
10868,10868,row10868
10869,10869,row10869
10870,10870,row10870
10871,10871,row10871
10872,10872,row10872
10873,10873,row10873
10874,10874,row10874
10875,10875,row10875
10876,10876,row10876
10877,10877,row10877
10878,10878,row10878
10879,10879,row10879
10880,10880,row10880
10881,10881,row10881
10882,10882,row10882
10883,10883,row10883
10884,10884,row10884
10885,10885,row10885
10886,10886,row10886
10887,10887,row10887
10888,10888,row10888
10889,10889,row10889
10890,10890,row10890
10891,10891,row10891
10892,10892,row10892
10893,10893,row10893
10894,10894,row10894
10895,10895,row10895
10896,10896,row10896
10897,10897,row10897
10898,10898,row10898
10899,10899,row10899
10900,10900,row10900
10901,10901,row10901
10902,10902,row10902
10903,10903,row10903
10904,10904,row10904
10905,10905,row10905
10906,10906,row10906
10907,10907,row10907
10908,10908,row10908
10909,10909,row10909
10910,10910,row10910
10911,10911,row10911
10912,10912,row10912
10913,10913,row10913
10914,10914,row10914
10915,10915,row10915
10916,10916,row10916
10917,10917,row10917
10918,10918,row10918
10919,10919,row10919
10920,10920,row10920
10921,10921,row10921
10922,10922,row10922
10923,10923,row10923
10924,10924,row10924
10925,10925,row10925
10926,10926,row10926
10927,10927,row10927
10928,10928,row10928
10929,10929,row10929
10930,10930,row10930
10931,10931,row10931
10932,10932,row10932
10933,10933,row10933
10934,10934,row10934
10935,10935,row10935
10936,10936,row10936
10937,10937,row10937
10938,10938,row10938
10939,10939,row10939
10940,10940,row10940
10941,10941,row10941
10942,10942,row10942
10943,10943,row10943
10944,10944,row10944
10945,10945,row10945
10946,10946,row10946
10947,10947,row10947
10948,10948,row10948
10949,10949,row10949
10950,10950,row10950
10951,10951,row10951
10952,10952,row10952
10953,10953,row10953
10954,10954,row10954
10955,10955,row10955
10956,10956,row10956
10957,10957,row10957
10958,10958,row10958
10959,10959,row10959
10960,10960,row10960
10961,10961,row10961
10962,10962,row10962
10963,10963,row10963
10964,10964,row10964
10965,10965,row10965
10966,10966,row10966
10967,10967,row10967
10968,10968,row10968
10969,10969,row10969
10970,10970,row10970
10971,10971,row10971
10972,10972,row10972
10973,10973,row10973
10974,10974,row10974
10975,10975,row10975
10976,10976,row10976
10977,10977,row10977
10978,10978,row10978
10979,10979,row10979
10980,10980,row10980
10981,10981,row10981
10982,10982,row10982
10983,10983,row10983
10984,10984,row10984
10985,10985,row10985
10986,10986,row10986
10987,10987,row10987
10988,10988,row10988
10989,10989,row10989
10990,10990,row10990
10991,10991,row10991
10992,10992,row10992
10993,10993,row10993
10994,10994,row10994
10995,10995,row10995
10996,10996,row10996
10997,10997,row10997
10998,10998,row10998
10999,10999,row10999
11000,11000,row11000
11001,11001,row11001
11002,11002,row11002
11003,11003,row11003
11004,11004,row11004
11005,11005,row11005
11006,11006,row11006
11007,11007,row11007
11008,11008,row11008
11009,11009,row11009
11010,11010,row11010
11011,11011,row11011
11012,11012,row11012
11013,11013,row11013
11014,11014,row11014
11015,11015,row11015
11016,11016,row11016
11017,11017,row11017
11018,11018,row11018
11019,11019,row11019
11020,11020,row11020
11021,11021,row11021
11022,11022,row11022
11023,11023,row11023
11024,11024,row11024
11025,11025,row11025
11026,11026,row11026
11027,11027,row11027
11028,11028,row11028
11029,11029,row11029
11030,11030,row11030
11031,11031,row11031
11032,11032,row11032
11033,11033,row11033
11034,11034,row11034
11035,11035,row11035
11036,11036,row11036
11037,11037,row11037
11038,11038,row11038
11039,11039,row11039
11040,11040,row11040
11041,11041,row11041
11042,11042,row11042
11043,11043,row11043
11044,11044,row11044
11045,11045,row11045
11046,11046,row11046
11047,11047,row11047
11048,11048,row11048
11049,11049,row11049
11050,11050,row11050
11051,11051,row11051
11052,11052,row11052
11053,11053,row11053
11054,11054,row11054
11055,11055,row11055
11056,11056,row11056
11057,11057,row11057
11058,11058,row11058
11059,11059,row11059
11060,11060,row11060
11061,11061,row11061
11062,11062,row11062
11063,11063,row11063
11064,11064,row11064
11065,11065,row11065
11066,11066,row11066
11067,11067,row11067
11068,11068,row11068
11069,11069,row11069
11070,11070,row11070
11071,11071,row11071
11072,11072,row11072
11073,11073,row11073
11074,11074,row11074
11075,11075,row11075
11076,11076,row11076
11077,11077,row11077
11078,11078,row11078
11079,11079,row11079
11080,11080,row11080
11081,11081,row11081
11082,11082,row11082
11083,11083,row11083
11084,11084,row11084
11085,11085,row11085
11086,11086,row11086
11087,11087,row11087
11088,11088,row11088
11089,11089,row11089
11090,11090,row11090
11091,11091,row11091
11092,11092,row11092
11093,11093,row11093
11094,11094,row11094
11095,11095,row11095
11096,11096,row11096
11097,11097,row11097
11098,11098,row11098
11099,11099,row11099
11100,11100,row11100
11101,11101,row11101
11102,11102,row11102
11103,11103,row11103
11104,11104,row11104
11105,11105,row11105
11106,11106,row11106
11107,11107,row11107
11108,11108,row11108
11109,11109,row11109
11110,11110,row11110
11111,11111,row11111
11112,11112,row11112
11113,11113,row11113
11114,11114,row11114
11115,11115,row11115
11116,11116,row11116
11117,11117,row11117
11118,11118,row11118
11119,11119,row11119
11120,11120,row11120
11121,11121,row11121
11122,11122,row11122
11123,11123,row11123
11124,11124,row11124
11125,11125,row11125
11126,11126,row11126
11127,11127,row11127
11128,11128,row11128
11129,11129,row11129
11130,11130,row11130
11131,11131,row11131
11132,11132,row11132
11133,11133,row11133
11134,11134,row11134
11135,11135,row11135
11136,11136,row11136
11137,11137,row11137
11138,11138,row11138
11139,11139,row11139
11140,11140,row11140
11141,11141,row11141
11142,11142,row11142
11143,11143,row11143
11144,11144,row11144
11145,11145,row11145
11146,11146,row11146
11147,11147,row11147
11148,11148,row11148
11149,11149,row11149
11150,11150,row11150
11151,11151,row11151
11152,11152,row11152
11153,11153,row11153
11154,11154,row11154
11155,11155,row11155
11156,11156,row11156
11157,11157,row11157
11158,11158,row11158
11159,11159,row11159
11160,11160,row11160
11161,11161,row11161
11162,11162,row11162
11163,11163,row11163
11164,11164,row11164
11165,11165,row11165
11166,11166,row11166
11167,11167,row11167
11168,11168,row11168
11169,11169,row11169
11170,11170,row11170
11171,11171,row11171
11172,11172,row11172
11173,11173,row11173
11174,11174,row11174
11175,11175,row11175
11176,11176,row11176
11177,11177,row11177
11178,11178,row11178
11179,11179,row11179
11180,11180,row11180
11181,11181,row11181
11182,11182,row11182
11183,11183,row11183
11184,11184,row11184
11185,11185,row11185
11186,11186,row11186
11187,11187,row11187
11188,11188,row11188
11189,11189,row11189
11190,11190,row11190
11191,11191,row11191
11192,11192,row11192
11193,11193,row11193
11194,11194,row11194
11195,11195,row11195
11196,11196,row11196
11197,11197,row11197
11198,11198,row11198
11199,11199,row11199
11200,11200,row11200
11201,11201,row11201
11202,11202,row11202
11203,11203,row11203
11204,11204,row11204
11205,11205,row11205
11206,11206,row11206
11207,11207,row11207
11208,11208,row11208
11209,11209,row11209
11210,11210,row11210
11211,11211,row11211
11212,11212,row11212
11213,11213,row11213
11214,11214,row11214
11215,11215,row11215
11216,11216,row11216
11217,11217,row11217
11218,11218,row11218
11219,11219,row11219
11220,11220,row11220
11221,11221,row11221
11222,11222,row11222
11223,11223,row11223
11224,11224,row11224
11225,11225,row11225
11226,11226,row11226
11227,11227,row11227
11228,11228,row11228
11229,11229,row11229
11230,11230,row11230
11231,11231,row11231
11232,11232,row11232
11233,11233,row11233
11234,11234,row11234
11235,11235,row11235
11236,11236,row11236
11237,11237,row11237
11238,11238,row11238
11239,11239,row11239
11240,11240,row11240
11241,11241,row11241
11242,11242,row11242
11243,11243,row11243
11244,11244,row11244
11245,11245,row11245
11246,11246,row11246
11247,11247,row11247
11248,11248,row11248
11249,11249,row11249
11250,11250,row11250
11251,11251,row11251
11252,11252,row11252
11253,11253,row11253
11254,11254,row11254
11255,11255,row11255
11256,11256,row11256
11257,11257,row11257
11258,11258,row11258
11259,11259,row11259
11260,11260,row11260
11261,11261,row11261
11262,11262,row11262
11263,11263,row11263
11264,11264,row11264
11265,11265,row11265
11266,11266,row11266
11267,11267,row11267
11268,11268,row11268
11269,11269,row11269
11270,11270,row11270
11271,11271,row11271
11272,11272,row11272
11273,11273,row11273
11274,11274,row11274
11275,11275,row11275
11276,11276,row11276
11277,11277,row11277
11278,11278,row11278
11279,11279,row11279
11280,11280,row11280
11281,11281,row11281
11282,11282,row11282
11283,11283,row11283
11284,11284,row11284
11285,11285,row11285
11286,11286,row11286
11287,11287,row11287
11288,11288,row11288
11289,11289,row11289
11290,11290,row11290
11291,11291,row11291
11292,11292,row11292
11293,11293,row11293
11294,11294,row11294
11295,11295,row11295
11296,11296,row11296
11297,11297,row11297
11298,11298,row11298
11299,11299,row11299
11300,11300,row11300
11301,11301,row11301
11302,11302,row11302
11303,11303,row11303
11304,11304,row11304
11305,11305,row11305
11306,11306,row11306
11307,11307,row11307
11308,11308,row11308
11309,11309,row11309
11310,11310,row11310
11311,11311,row11311
11312,11312,row11312
11313,11313,row11313
11314,11314,row11314
11315,11315,row11315
11316,11316,row11316
11317,11317,row11317
11318,11318,row11318
11319,11319,row11319
11320,11320,row11320
11321,11321,row11321
11322,11322,row11322
11323,11323,row11323
11324,11324,row11324
11325,11325,row11325
11326,11326,row11326
11327,11327,row11327
11328,11328,row11328
11329,11329,row11329
11330,11330,row11330
11331,11331,row11331
11332,11332,row11332
11333,11333,row11333
11334,11334,row11334
11335,11335,row11335
11336,11336,row11336
11337,11337,row11337
11338,11338,row11338
11339,11339,row11339
11340,11340,row11340
11341,11341,row11341
11342,11342,row11342
11343,11343,row11343
11344,11344,row11344
11345,11345,row11345
11346,11346,row11346
11347,11347,row11347
11348,11348,row11348
11349,11349,row11349
11350,11350,row11350
11351,11351,row11351
11352,11352,row11352
11353,11353,row11353
11354,11354,row11354
11355,11355,row11355
11356,11356,row11356
11357,11357,row11357
11358,11358,row11358
11359,11359,row11359
11360,11360,row11360
11361,11361,row11361
11362,11362,row11362
11363,11363,row11363
11364,11364,row11364
11365,11365,row11365
11366,11366,row11366
11367,11367,row11367
11368,11368,row11368
11369,11369,row11369
11370,11370,row11370
11371,11371,row11371
11372,11372,row11372
11373,11373,row11373
11374,11374,row11374
11375,11375,row11375
11376,11376,row11376
11377,11377,row11377
11378,11378,row11378
11379,11379,row11379
11380,11380,row11380
11381,11381,row11381
11382,11382,row11382
11383,11383,row11383
11384,11384,row11384
11385,11385,row11385
11386,11386,row11386
11387,11387,row11387
11388,11388,row11388
11389,11389,row11389
11390,11390,row11390
11391,11391,row11391
11392,11392,row11392
11393,11393,row11393
11394,11394,row11394
11395,11395,row11395
11396,11396,row11396
11397,11397,row11397
11398,11398,row11398
11399,11399,row11399
11400,11400,row11400
11401,11401,row11401
11402,11402,row11402
11403,11403,row11403
11404,11404,row11404
11405,11405,row11405
11406,11406,row11406
11407,11407,row11407
11408,11408,row11408
11409,11409,row11409
11410,11410,row11410
11411,11411,row11411
11412,11412,row11412
11413,11413,row11413
11414,11414,row11414
11415,11415,row11415
11416,11416,row11416
11417,11417,row11417
11418,11418,row11418
11419,11419,row11419
11420,11420,row11420
11421,11421,row11421
11422,11422,row11422
11423,11423,row11423
11424,11424,row11424
11425,11425,row11425
11426,11426,row11426
11427,11427,row11427
11428,11428,row11428
11429,11429,row11429
11430,11430,row11430
11431,11431,row11431
11432,11432,row11432
11433,11433,row11433
11434,11434,row11434
11435,11435,row11435
11436,11436,row11436
11437,11437,row11437
11438,11438,row11438
11439,11439,row11439
11440,11440,row11440
11441,11441,row11441
11442,11442,row11442
11443,11443,row11443
11444,11444,row11444
11445,11445,row11445
11446,11446,row11446
11447,11447,row11447
11448,11448,row11448
11449,11449,row11449
11450,11450,row11450
11451,11451,row11451
11452,11452,row11452
11453,11453,row11453
11454,11454,row11454
11455,11455,row11455
11456,11456,row11456
11457,11457,row11457
11458,11458,row11458
11459,11459,row11459
11460,11460,row11460
11461,11461,row11461
11462,11462,row11462
11463,11463,row11463
11464,11464,row11464
11465,11465,row11465
11466,11466,row11466
11467,11467,row11467
11468,11468,row11468
11469,11469,row11469
11470,11470,row11470
11471,11471,row11471
11472,11472,row11472
11473,11473,row11473
11474,11474,row11474
11475,11475,row11475
11476,11476,row11476
11477,11477,row11477
11478,11478,row11478
11479,11479,row11479
11480,11480,row11480
11481,11481,row11481
11482,11482,row11482
11483,11483,row11483
11484,11484,row11484
11485,11485,row11485
11486,11486,row11486
11487,11487,row11487
11488,11488,row11488
11489,11489,row11489
11490,11490,row11490
11491,11491,row11491
11492,11492,row11492
11493,11493,row11493
11494,11494,row11494
11495,11495,row11495
11496,11496,row11496
11497,11497,row11497
11498,11498,row11498
11499,11499,row11499
11500,11500,row11500
11501,11501,row11501
11502,11502,row11502
11503,11503,row11503
11504,11504,row11504
11505,11505,row11505
11506,11506,row11506
11507,11507,row11507
11508,11508,row11508
11509,11509,row11509
11510,11510,row11510
11511,11511,row11511
11512,11512,row11512
11513,11513,row11513
11514,11514,row11514
11515,11515,row11515
11516,11516,row11516
11517,11517,row11517
11518,11518,row11518
11519,11519,row11519
11520,11520,row11520
11521,11521,row11521
11522,11522,row11522
11523,11523,row11523
11524,11524,row11524
11525,11525,row11525
11526,11526,row11526
11527,11527,row11527
11528,11528,row11528
11529,11529,row11529
11530,11530,row11530
11531,11531,row11531
11532,11532,row11532
11533,11533,row11533
11534,11534,row11534
11535,11535,row11535
11536,11536,row11536
11537,11537,row11537
11538,11538,row11538
11539,11539,row11539
11540,11540,row11540
11541,11541,row11541
11542,11542,row11542
11543,11543,row11543
11544,11544,row11544
11545,11545,row11545
11546,11546,row11546
11547,11547,row11547
11548,11548,row11548
11549,11549,row11549
11550,11550,row11550
11551,11551,row11551
11552,11552,row11552
11553,11553,row11553
11554,11554,row11554
11555,11555,row11555
11556,11556,row11556
11557,11557,row11557
11558,11558,row11558
11559,11559,row11559
11560,11560,row11560
11561,11561,row11561
11562,11562,row11562
11563,11563,row11563
11564,11564,row11564
11565,11565,row11565
11566,11566,row11566
11567,11567,row11567
11568,11568,row11568
11569,11569,row11569
11570,11570,row11570
11571,11571,row11571
11572,11572,row11572
11573,11573,row11573
11574,11574,row11574
11575,11575,row11575
11576,11576,row11576
11577,11577,row11577
11578,11578,row11578
11579,11579,row11579
11580,11580,row11580
11581,11581,row11581
11582,11582,row11582
11583,11583,row11583
11584,11584,row11584
11585,11585,row11585
11586,11586,row11586
11587,11587,row11587
11588,11588,row11588
11589,11589,row11589
11590,11590,row11590
11591,11591,row11591
11592,11592,row11592
11593,11593,row11593
11594,11594,row11594
11595,11595,row11595
11596,11596,row11596
11597,11597,row11597
11598,11598,row11598
11599,11599,row11599
11600,11600,row11600
11601,11601,row11601
11602,11602,row11602
11603,11603,row11603
11604,11604,row11604
11605,11605,row11605
11606,11606,row11606
11607,11607,row11607
11608,11608,row11608
11609,11609,row11609
11610,11610,row11610
11611,11611,row11611
11612,11612,row11612
11613,11613,row11613
11614,11614,row11614
11615,11615,row11615
11616,11616,row11616
11617,11617,row11617
11618,11618,row11618
11619,11619,row11619
11620,11620,row11620
11621,11621,row11621
11622,11622,row11622
11623,11623,row11623
11624,11624,row11624
11625,11625,row11625
11626,11626,row11626
11627,11627,row11627
11628,11628,row11628
11629,11629,row11629
11630,11630,row11630
11631,11631,row11631
11632,11632,row11632
11633,11633,row11633
11634,11634,row11634
11635,11635,row11635
11636,11636,row11636
11637,11637,row11637
11638,11638,row11638
11639,11639,row11639
11640,11640,row11640
11641,11641,row11641
11642,11642,row11642
11643,11643,row11643
11644,11644,row11644
11645,11645,row11645
11646,11646,row11646
11647,11647,row11647
11648,11648,row11648
11649,11649,row11649
11650,11650,row11650
11651,11651,row11651
11652,11652,row11652
11653,11653,row11653
11654,11654,row11654
11655,11655,row11655
11656,11656,row11656
11657,11657,row11657
11658,11658,row11658
11659,11659,row11659
11660,11660,row11660
11661,11661,row11661
11662,11662,row11662
11663,11663,row11663
11664,11664,row11664
11665,11665,row11665
11666,11666,row11666
11667,11667,row11667
11668,11668,row11668
11669,11669,row11669
11670,11670,row11670
11671,11671,row11671
11672,11672,row11672
11673,11673,row11673
11674,11674,row11674
11675,11675,row11675
11676,11676,row11676
11677,11677,row11677
11678,11678,row11678
11679,11679,row11679
11680,11680,row11680
11681,11681,row11681
11682,11682,row11682
11683,11683,row11683
11684,11684,row11684
11685,11685,row11685
11686,11686,row11686
11687,11687,row11687
11688,11688,row11688
11689,11689,row11689
11690,11690,row11690
11691,11691,row11691
11692,11692,row11692
11693,11693,row11693
11694,11694,row11694
11695,11695,row11695
11696,11696,row11696
11697,11697,row11697
11698,11698,row11698
11699,11699,row11699
11700,11700,row11700
11701,11701,row11701
11702,11702,row11702
11703,11703,row11703
11704,11704,row11704
11705,11705,row11705
11706,11706,row11706
11707,11707,row11707
11708,11708,row11708
11709,11709,row11709
11710,11710,row11710
11711,11711,row11711
11712,11712,row11712
11713,11713,row11713
11714,11714,row11714
11715,11715,row11715
11716,11716,row11716
11717,11717,row11717
11718,11718,row11718
11719,11719,row11719
11720,11720,row11720
11721,11721,row11721
11722,11722,row11722
11723,11723,row11723
11724,11724,row11724
11725,11725,row11725
11726,11726,row11726
11727,11727,row11727
11728,11728,row11728
11729,11729,row11729
11730,11730,row11730
11731,11731,row11731
11732,11732,row11732
11733,11733,row11733
11734,11734,row11734
11735,11735,row11735
11736,11736,row11736
11737,11737,row11737
11738,11738,row11738
11739,11739,row11739
11740,11740,row11740
11741,11741,row11741
11742,11742,row11742
11743,11743,row11743
11744,11744,row11744
11745,11745,row11745
11746,11746,row11746
11747,11747,row11747
11748,11748,row11748
11749,11749,row11749
11750,11750,row11750
11751,11751,row11751
11752,11752,row11752
11753,11753,row11753
11754,11754,row11754
11755,11755,row11755
11756,11756,row11756
11757,11757,row11757
11758,11758,row11758
11759,11759,row11759
11760,11760,row11760
11761,11761,row11761
11762,11762,row11762
11763,11763,row11763
11764,11764,row11764
11765,11765,row11765
11766,11766,row11766
11767,11767,row11767
11768,11768,row11768
11769,11769,row11769
11770,11770,row11770
11771,11771,row11771
11772,11772,row11772
11773,11773,row11773
11774,11774,row11774
11775,11775,row11775
11776,11776,row11776
11777,11777,row11777
11778,11778,row11778
11779,11779,row11779
11780,11780,row11780
11781,11781,row11781
11782,11782,row11782
11783,11783,row11783
11784,11784,row11784
11785,11785,row11785
11786,11786,row11786
11787,11787,row11787
11788,11788,row11788
11789,11789,row11789
11790,11790,row11790
11791,11791,row11791
11792,11792,row11792
11793,11793,row11793
11794,11794,row11794
11795,11795,row11795
11796,11796,row11796
11797,11797,row11797
11798,11798,row11798
11799,11799,row11799
11800,11800,row11800
11801,11801,row11801
11802,11802,row11802
11803,11803,row11803
11804,11804,row11804
11805,11805,row11805
11806,11806,row11806
11807,11807,row11807
11808,11808,row11808
11809,11809,row11809
11810,11810,row11810
11811,11811,row11811
11812,11812,row11812
11813,11813,row11813
11814,11814,row11814
11815,11815,row11815
11816,11816,row11816
11817,11817,row11817
11818,11818,row11818
11819,11819,row11819
11820,11820,row11820
11821,11821,row11821
11822,11822,row11822
11823,11823,row11823
11824,11824,row11824
11825,11825,row11825
11826,11826,row11826
11827,11827,row11827
11828,11828,row11828
11829,11829,row11829
11830,11830,row11830
11831,11831,row11831
11832,11832,row11832
11833,11833,row11833
11834,11834,row11834
11835,11835,row11835
11836,11836,row11836
11837,11837,row11837
11838,11838,row11838
11839,11839,row11839
11840,11840,row11840
11841,11841,row11841
11842,11842,row11842
11843,11843,row11843
11844,11844,row11844
11845,11845,row11845
11846,11846,row11846
11847,11847,row11847
11848,11848,row11848
11849,11849,row11849
11850,11850,row11850
11851,11851,row11851
11852,11852,row11852
11853,11853,row11853
11854,11854,row11854
11855,11855,row11855
11856,11856,row11856
11857,11857,row11857
11858,11858,row11858
11859,11859,row11859
11860,11860,row11860
11861,11861,row11861
11862,11862,row11862
11863,11863,row11863
11864,11864,row11864
11865,11865,row11865
11866,11866,row11866
11867,11867,row11867
11868,11868,row11868
11869,11869,row11869
11870,11870,row11870
11871,11871,row11871
11872,11872,row11872
11873,11873,row11873
11874,11874,row11874
11875,11875,row11875
11876,11876,row11876
11877,11877,row11877
11878,11878,row11878
11879,11879,row11879
11880,11880,row11880
11881,11881,row11881
11882,11882,row11882
11883,11883,row11883
11884,11884,row11884
11885,11885,row11885
11886,11886,row11886
11887,11887,row11887
11888,11888,row11888
11889,11889,row11889
11890,11890,row11890
11891,11891,row11891
11892,11892,row11892
11893,11893,row11893
11894,11894,row11894
11895,11895,row11895
11896,11896,row11896
11897,11897,row11897
11898,11898,row11898
11899,11899,row11899
11900,11900,row11900
11901,11901,row11901
11902,11902,row11902
11903,11903,row11903
11904,11904,row11904
11905,11905,row11905
11906,11906,row11906
11907,11907,row11907
11908,11908,row11908
11909,11909,row11909
11910,11910,row11910
11911,11911,row11911
11912,11912,row11912
11913,11913,row11913
11914,11914,row11914
11915,11915,row11915
11916,11916,row11916
11917,11917,row11917
11918,11918,row11918
11919,11919,row11919
11920,11920,row11920
11921,11921,row11921
11922,11922,row11922
11923,11923,row11923
11924,11924,row11924
11925,11925,row11925
11926,11926,row11926
11927,11927,row11927
11928,11928,row11928
11929,11929,row11929
11930,11930,row11930
11931,11931,row11931
11932,11932,row11932
11933,11933,row11933
11934,11934,row11934
11935,11935,row11935
11936,11936,row11936
11937,11937,row11937
11938,11938,row11938
11939,11939,row11939
11940,11940,row11940
11941,11941,row11941
11942,11942,row11942
11943,11943,row11943
11944,11944,row11944
11945,11945,row11945
11946,11946,row11946
11947,11947,row11947
11948,11948,row11948
11949,11949,row11949
11950,11950,row11950
11951,11951,row11951
11952,11952,row11952
11953,11953,row11953
11954,11954,row11954
11955,11955,row11955
11956,11956,row11956
11957,11957,row11957
11958,11958,row11958
11959,11959,row11959
11960,11960,row11960
11961,11961,row11961
11962,11962,row11962
11963,11963,row11963
11964,11964,row11964
11965,11965,row11965
11966,11966,row11966
11967,11967,row11967
11968,11968,row11968
11969,11969,row11969
11970,11970,row11970
11971,11971,row11971
11972,11972,row11972
11973,11973,row11973
11974,11974,row11974
11975,11975,row11975
11976,11976,row11976
11977,11977,row11977
11978,11978,row11978
11979,11979,row11979
11980,11980,row11980
11981,11981,row11981
11982,11982,row11982
11983,11983,row11983
11984,11984,row11984
11985,11985,row11985
11986,11986,row11986
11987,11987,row11987
11988,11988,row11988
11989,11989,row11989
11990,11990,row11990
11991,11991,row11991
11992,11992,row11992
11993,11993,row11993
11994,11994,row11994
11995,11995,row11995
11996,11996,row11996
11997,11997,row11997
11998,11998,row11998
11999,11999,row11999
12000,12000,row12000
12001,12001,row12001
12002,12002,row12002
12003,12003,row12003
12004,12004,row12004
12005,12005,row12005
12006,12006,row12006
12007,12007,row12007
12008,12008,row12008
12009,12009,row12009
12010,12010,row12010
12011,12011,row12011
12012,12012,row12012
12013,12013,row12013
12014,12014,row12014
12015,12015,row12015
12016,12016,row12016
12017,12017,row12017
12018,12018,row12018
12019,12019,row12019
12020,12020,row12020
12021,12021,row12021
12022,12022,row12022
12023,12023,row12023
12024,12024,row12024
12025,12025,row12025
12026,12026,row12026
12027,12027,row12027
12028,12028,row12028
12029,12029,row12029
12030,12030,row12030
12031,12031,row12031
12032,12032,row12032
12033,12033,row12033
12034,12034,row12034
12035,12035,row12035
12036,12036,row12036
12037,12037,row12037
12038,12038,row12038
12039,12039,row12039
12040,12040,row12040
12041,12041,row12041
12042,12042,row12042
12043,12043,row12043
12044,12044,row12044
12045,12045,row12045
12046,12046,row12046
12047,12047,row12047
12048,12048,row12048
12049,12049,row12049
12050,12050,row12050
12051,12051,row12051
12052,12052,row12052
12053,12053,row12053
12054,12054,row12054
12055,12055,row12055
12056,12056,row12056
12057,12057,row12057
12058,12058,row12058
12059,12059,row12059
12060,12060,row12060
12061,12061,row12061
12062,12062,row12062
12063,12063,row12063
12064,12064,row12064
12065,12065,row12065
12066,12066,row12066
12067,12067,row12067
12068,12068,row12068
12069,12069,row12069
12070,12070,row12070
12071,12071,row12071
12072,12072,row12072
12073,12073,row12073
12074,12074,row12074
12075,12075,row12075
12076,12076,row12076
12077,12077,row12077
12078,12078,row12078
12079,12079,row12079
12080,12080,row12080
12081,12081,row12081
12082,12082,row12082
12083,12083,row12083
12084,12084,row12084
12085,12085,row12085
12086,12086,row12086
12087,12087,row12087
12088,12088,row12088
12089,12089,row12089
12090,12090,row12090
12091,12091,row12091
12092,12092,row12092
12093,12093,row12093
12094,12094,row12094
12095,12095,row12095
12096,12096,row12096
12097,12097,row12097
12098,12098,row12098
12099,12099,row12099
12100,12100,row12100
12101,12101,row12101
12102,12102,row12102
12103,12103,row12103
12104,12104,row12104
12105,12105,row12105
12106,12106,row12106
12107,12107,row12107
12108,12108,row12108
12109,12109,row12109
12110,12110,row12110
12111,12111,row12111
12112,12112,row12112
12113,12113,row12113
12114,12114,row12114
12115,12115,row12115
12116,12116,row12116
12117,12117,row12117
12118,12118,row12118
12119,12119,row12119
12120,12120,row12120
12121,12121,row12121
12122,12122,row12122
12123,12123,row12123
12124,12124,row12124
12125,12125,row12125
12126,12126,row12126
12127,12127,row12127
12128,12128,row12128
12129,12129,row12129
12130,12130,row12130
12131,12131,row12131
12132,12132,row12132
12133,12133,row12133
12134,12134,row12134
12135,12135,row12135
12136,12136,row12136
12137,12137,row12137
12138,12138,row12138
12139,12139,row12139
12140,12140,row12140
12141,12141,row12141
12142,12142,row12142
12143,12143,row12143
12144,12144,row12144
12145,12145,row12145
12146,12146,row12146
12147,12147,row12147
12148,12148,row12148
12149,12149,row12149
12150,12150,row12150
12151,12151,row12151
12152,12152,row12152
12153,12153,row12153
12154,12154,row12154
12155,12155,row12155
12156,12156,row12156
12157,12157,row12157
12158,12158,row12158
12159,12159,row12159
12160,12160,row12160
12161,12161,row12161
12162,12162,row12162
12163,12163,row12163
12164,12164,row12164
12165,12165,row12165
12166,12166,row12166
12167,12167,row12167
12168,12168,row12168
12169,12169,row12169
12170,12170,row12170
12171,12171,row12171
12172,12172,row12172
12173,12173,row12173
12174,12174,row12174
12175,12175,row12175
12176,12176,row12176
12177,12177,row12177
12178,12178,row12178
12179,12179,row12179
12180,12180,row12180
12181,12181,row12181
12182,12182,row12182
12183,12183,row12183
12184,12184,row12184
12185,12185,row12185
12186,12186,row12186
12187,12187,row12187
12188,12188,row12188
12189,12189,row12189
12190,12190,row12190
12191,12191,row12191
12192,12192,row12192
12193,12193,row12193
12194,12194,row12194
12195,12195,row12195
12196,12196,row12196
12197,12197,row12197
12198,12198,row12198
12199,12199,row12199
12200,12200,row12200
12201,12201,row12201
12202,12202,row12202
12203,12203,row12203
12204,12204,row12204
12205,12205,row12205
12206,12206,row12206
12207,12207,row12207
12208,12208,row12208
12209,12209,row12209
12210,12210,row12210
12211,12211,row12211
12212,12212,row12212
12213,12213,row12213
12214,12214,row12214
12215,12215,row12215
12216,12216,row12216
12217,12217,row12217
12218,12218,row12218
12219,12219,row12219
12220,12220,row12220
12221,12221,row12221
12222,12222,row12222
12223,12223,row12223
12224,12224,row12224
12225,12225,row12225
12226,12226,row12226
12227,12227,row12227
12228,12228,row12228
12229,12229,row12229
12230,12230,row12230
12231,12231,row12231
12232,12232,row12232
12233,12233,row12233
12234,12234,row12234
12235,12235,row12235
12236,12236,row12236
12237,12237,row12237
12238,12238,row12238
12239,12239,row12239
12240,12240,row12240
12241,12241,row12241
12242,12242,row12242
12243,12243,row12243
12244,12244,row12244
12245,12245,row12245
12246,12246,row12246
12247,12247,row12247
12248,12248,row12248
12249,12249,row12249
12250,12250,row12250
12251,12251,row12251
12252,12252,row12252
12253,12253,row12253
12254,12254,row12254
12255,12255,row12255
12256,12256,row12256
12257,12257,row12257
12258,12258,row12258
12259,12259,row12259
12260,12260,row12260
12261,12261,row12261
12262,12262,row12262
12263,12263,row12263
12264,12264,row12264
12265,12265,row12265
12266,12266,row12266
12267,12267,row12267
12268,12268,row12268
12269,12269,row12269
12270,12270,row12270
12271,12271,row12271
12272,12272,row12272
12273,12273,row12273
12274,12274,row12274
12275,12275,row12275
12276,12276,row12276
12277,12277,row12277
12278,12278,row12278
12279,12279,row12279
12280,12280,row12280
12281,12281,row12281
12282,12282,row12282
12283,12283,row12283
12284,12284,row12284
12285,12285,row12285
12286,12286,row12286
12287,12287,row12287
12288,12288,row12288
12289,12289,row12289
12290,12290,row12290
12291,12291,row12291
12292,12292,row12292
12293,12293,row12293
12294,12294,row12294
12295,12295,row12295
12296,12296,row12296
12297,12297,row12297
12298,12298,row12298
12299,12299,row12299
12300,12300,row12300
12301,12301,row12301
12302,12302,row12302
12303,12303,row12303
12304,12304,row12304
12305,12305,row12305
12306,12306,row12306
12307,12307,row12307
12308,12308,row12308
12309,12309,row12309
12310,12310,row12310
12311,12311,row12311
12312,12312,row12312
12313,12313,row12313
12314,12314,row12314
12315,12315,row12315
12316,12316,row12316
12317,12317,row12317
12318,12318,row12318
12319,12319,row12319
12320,12320,row12320
12321,12321,row12321
12322,12322,row12322
12323,12323,row12323
12324,12324,row12324
12325,12325,row12325
12326,12326,row12326
12327,12327,row12327
12328,12328,row12328
12329,12329,row12329
12330,12330,row12330
12331,12331,row12331
12332,12332,row12332
12333,12333,row12333
12334,12334,row12334
12335,12335,row12335
12336,12336,row12336
12337,12337,row12337
12338,12338,row12338
12339,12339,row12339
12340,12340,row12340
12341,12341,row12341
12342,12342,row12342
12343,12343,row12343
12344,12344,row12344
12345,12345,row12345
12346,12346,row12346
12347,12347,row12347
12348,12348,row12348
12349,12349,row12349
12350,12350,row12350
12351,12351,row12351
12352,12352,row12352
12353,12353,row12353
12354,12354,row12354
12355,12355,row12355
12356,12356,row12356
12357,12357,row12357
12358,12358,row12358
12359,12359,row12359
12360,12360,row12360
12361,12361,row12361
12362,12362,row12362
12363,12363,row12363
12364,12364,row12364
12365,12365,row12365
12366,12366,row12366
12367,12367,row12367
12368,12368,row12368
12369,12369,row12369
12370,12370,row12370
12371,12371,row12371
12372,12372,row12372
12373,12373,row12373
12374,12374,row12374
12375,12375,row12375
12376,12376,row12376
12377,12377,row12377
12378,12378,row12378
12379,12379,row12379
12380,12380,row12380
12381,12381,row12381
12382,12382,row12382
12383,12383,row12383
12384,12384,row12384
12385,12385,row12385
12386,12386,row12386
12387,12387,row12387
12388,12388,row12388
12389,12389,row12389
12390,12390,row12390
12391,12391,row12391
12392,12392,row12392
12393,12393,row12393
12394,12394,row12394
12395,12395,row12395
12396,12396,row12396
12397,12397,row12397
12398,12398,row12398
12399,12399,row12399
12400,12400,row12400
12401,12401,row12401
12402,12402,row12402
12403,12403,row12403
12404,12404,row12404
12405,12405,row12405
12406,12406,row12406
12407,12407,row12407
12408,12408,row12408
12409,12409,row12409
12410,12410,row12410
12411,12411,row12411
12412,12412,row12412
12413,12413,row12413
12414,12414,row12414
12415,12415,row12415
12416,12416,row12416
12417,12417,row12417
12418,12418,row12418
12419,12419,row12419
12420,12420,row12420
12421,12421,row12421
12422,12422,row12422
12423,12423,row12423
12424,12424,row12424
12425,12425,row12425
12426,12426,row12426
12427,12427,row12427
12428,12428,row12428
12429,12429,row12429
12430,12430,row12430
12431,12431,row12431
12432,12432,row12432
12433,12433,row12433
12434,12434,row12434
12435,12435,row12435
12436,12436,row12436
12437,12437,row12437
12438,12438,row12438
12439,12439,row12439
12440,12440,row12440
12441,12441,row12441
12442,12442,row12442
12443,12443,row12443
12444,12444,row12444
12445,12445,row12445
12446,12446,row12446
12447,12447,row12447
12448,12448,row12448
12449,12449,row12449
12450,12450,row12450
12451,12451,row12451
12452,12452,row12452
12453,12453,row12453
12454,12454,row12454
12455,12455,row12455
12456,12456,row12456
12457,12457,row12457
12458,12458,row12458
12459,12459,row12459
12460,12460,row12460
12461,12461,row12461
12462,12462,row12462
12463,12463,row12463
12464,12464,row12464
12465,12465,row12465
12466,12466,row12466
12467,12467,row12467
12468,12468,row12468
12469,12469,row12469
12470,12470,row12470
12471,12471,row12471
12472,12472,row12472
12473,12473,row12473
12474,12474,row12474
12475,12475,row12475
12476,12476,row12476
12477,12477,row12477
12478,12478,row12478
12479,12479,row12479
12480,12480,row12480
12481,12481,row12481
12482,12482,row12482
12483,12483,row12483
12484,12484,row12484
12485,12485,row12485
12486,12486,row12486
12487,12487,row12487
12488,12488,row12488
12489,12489,row12489
12490,12490,row12490
12491,12491,row12491
12492,12492,row12492
12493,12493,row12493
12494,12494,row12494
12495,12495,row12495
12496,12496,row12496
12497,12497,row12497
12498,12498,row12498
12499,12499,row12499
12500,12500,row12500
12501,12501,row12501
12502,12502,row12502
12503,12503,row12503
12504,12504,row12504
12505,12505,row12505
12506,12506,row12506
12507,12507,row12507
12508,12508,row12508
12509,12509,row12509
12510,12510,row12510
12511,12511,row12511
12512,12512,row12512
12513,12513,row12513
12514,12514,row12514
12515,12515,row12515
12516,12516,row12516
12517,12517,row12517
12518,12518,row12518
12519,12519,row12519
12520,12520,row12520
12521,12521,row12521
12522,12522,row12522
12523,12523,row12523
12524,12524,row12524
12525,12525,row12525
12526,12526,row12526
12527,12527,row12527
12528,12528,row12528
12529,12529,row12529
12530,12530,row12530
12531,12531,row12531
12532,12532,row12532
12533,12533,row12533
12534,12534,row12534
12535,12535,row12535
12536,12536,row12536
12537,12537,row12537
12538,12538,row12538
12539,12539,row12539
12540,12540,row12540
12541,12541,row12541
12542,12542,row12542
12543,12543,row12543
12544,12544,row12544
12545,12545,row12545
12546,12546,row12546
12547,12547,row12547
12548,12548,row12548
12549,12549,row12549
12550,12550,row12550
12551,12551,row12551
12552,12552,row12552
12553,12553,row12553
12554,12554,row12554
12555,12555,row12555
12556,12556,row12556
12557,12557,row12557
12558,12558,row12558
12559,12559,row12559
12560,12560,row12560
12561,12561,row12561
12562,12562,row12562
12563,12563,row12563
12564,12564,row12564
12565,12565,row12565
12566,12566,row12566
12567,12567,row12567
12568,12568,row12568
12569,12569,row12569
12570,12570,row12570
12571,12571,row12571
12572,12572,row12572
12573,12573,row12573
12574,12574,row12574
12575,12575,row12575
12576,12576,row12576
12577,12577,row12577
12578,12578,row12578
12579,12579,row12579
12580,12580,row12580
12581,12581,row12581
12582,12582,row12582
12583,12583,row12583
12584,12584,row12584
12585,12585,row12585
12586,12586,row12586
12587,12587,row12587
12588,12588,row12588
12589,12589,row12589
12590,12590,row12590
12591,12591,row12591
12592,12592,row12592
12593,12593,row12593
12594,12594,row12594
12595,12595,row12595
12596,12596,row12596
12597,12597,row12597
12598,12598,row12598
12599,12599,row12599
12600,12600,row12600
12601,12601,row12601
12602,12602,row12602
12603,12603,row12603
12604,12604,row12604
12605,12605,row12605
12606,12606,row12606
12607,12607,row12607
12608,12608,row12608
12609,12609,row12609
12610,12610,row12610
12611,12611,row12611
12612,12612,row12612
12613,12613,row12613
12614,12614,row12614
12615,12615,row12615
12616,12616,row12616
12617,12617,row12617
12618,12618,row12618
12619,12619,row12619
12620,12620,row12620
12621,12621,row12621
12622,12622,row12622
12623,12623,row12623
12624,12624,row12624
12625,12625,row12625
12626,12626,row12626
12627,12627,row12627
12628,12628,row12628
12629,12629,row12629
12630,12630,row12630
12631,12631,row12631
12632,12632,row12632
12633,12633,row12633
12634,12634,row12634
12635,12635,row12635
12636,12636,row12636
12637,12637,row12637
12638,12638,row12638
12639,12639,row12639
12640,12640,row12640
12641,12641,row12641
12642,12642,row12642
12643,12643,row12643
12644,12644,row12644
12645,12645,row12645
12646,12646,row12646
12647,12647,row12647
12648,12648,row12648
12649,12649,row12649
12650,12650,row12650
12651,12651,row12651
12652,12652,row12652
12653,12653,row12653
12654,12654,row12654
12655,12655,row12655
12656,12656,row12656
12657,12657,row12657
12658,12658,row12658
12659,12659,row12659
12660,12660,row12660
12661,12661,row12661
12662,12662,row12662
12663,12663,row12663
12664,12664,row12664
12665,12665,row12665
12666,12666,row12666
12667,12667,row12667
12668,12668,row12668
12669,12669,row12669
12670,12670,row12670
12671,12671,row12671
12672,12672,row12672
12673,12673,row12673
12674,12674,row12674
12675,12675,row12675
12676,12676,row12676
12677,12677,row12677
12678,12678,row12678
12679,12679,row12679
12680,12680,row12680
12681,12681,row12681
12682,12682,row12682
12683,12683,row12683
12684,12684,row12684
12685,12685,row12685
12686,12686,row12686
12687,12687,row12687
12688,12688,row12688
12689,12689,row12689
12690,12690,row12690
12691,12691,row12691
12692,12692,row12692
12693,12693,row12693
12694,12694,row12694
12695,12695,row12695
12696,12696,row12696
12697,12697,row12697
12698,12698,row12698
12699,12699,row12699
12700,12700,row12700
12701,12701,row12701
12702,12702,row12702
12703,12703,row12703
12704,12704,row12704
12705,12705,row12705
12706,12706,row12706
12707,12707,row12707
12708,12708,row12708
12709,12709,row12709
12710,12710,row12710
12711,12711,row12711
12712,12712,row12712
12713,12713,row12713
12714,12714,row12714
12715,12715,row12715
12716,12716,row12716
12717,12717,row12717
12718,12718,row12718
12719,12719,row12719
12720,12720,row12720
12721,12721,row12721
12722,12722,row12722
12723,12723,row12723
12724,12724,row12724
12725,12725,row12725
12726,12726,row12726
12727,12727,row12727
12728,12728,row12728
12729,12729,row12729
12730,12730,row12730
12731,12731,row12731
12732,12732,row12732
12733,12733,row12733
12734,12734,row12734
12735,12735,row12735
12736,12736,row12736
12737,12737,row12737
12738,12738,row12738
12739,12739,row12739
12740,12740,row12740
12741,12741,row12741
12742,12742,row12742
12743,12743,row12743
12744,12744,row12744
12745,12745,row12745
12746,12746,row12746
12747,12747,row12747
12748,12748,row12748
12749,12749,row12749
12750,12750,row12750
12751,12751,row12751
12752,12752,row12752
12753,12753,row12753
12754,12754,row12754
12755,12755,row12755
12756,12756,row12756
12757,12757,row12757
12758,12758,row12758
12759,12759,row12759
12760,12760,row12760
12761,12761,row12761
12762,12762,row12762
12763,12763,row12763
12764,12764,row12764
12765,12765,row12765
12766,12766,row12766
12767,12767,row12767
12768,12768,row12768
12769,12769,row12769
12770,12770,row12770
12771,12771,row12771
12772,12772,row12772
12773,12773,row12773
12774,12774,row12774
12775,12775,row12775
12776,12776,row12776
12777,12777,row12777
12778,12778,row12778
12779,12779,row12779
12780,12780,row12780
12781,12781,row12781
12782,12782,row12782
12783,12783,row12783
12784,12784,row12784
12785,12785,row12785
12786,12786,row12786
12787,12787,row12787
12788,12788,row12788
12789,12789,row12789
12790,12790,row12790
12791,12791,row12791
12792,12792,row12792
12793,12793,row12793
12794,12794,row12794
12795,12795,row12795
12796,12796,row12796
12797,12797,row12797
12798,12798,row12798
12799,12799,row12799
12800,12800,row12800
12801,12801,row12801
12802,12802,row12802
12803,12803,row12803
12804,12804,row12804
12805,12805,row12805
12806,12806,row12806
12807,12807,row12807
12808,12808,row12808
12809,12809,row12809
12810,12810,row12810
12811,12811,row12811
12812,12812,row12812
12813,12813,row12813
12814,12814,row12814
12815,12815,row12815
12816,12816,row12816
12817,12817,row12817
12818,12818,row12818
12819,12819,row12819
12820,12820,row12820
12821,12821,row12821
12822,12822,row12822
12823,12823,row12823
12824,12824,row12824
12825,12825,row12825
12826,12826,row12826
12827,12827,row12827
12828,12828,row12828
12829,12829,row12829
12830,12830,row12830
12831,12831,row12831
12832,12832,row12832
12833,12833,row12833
12834,12834,row12834
12835,12835,row12835
12836,12836,row12836
12837,12837,row12837
12838,12838,row12838
12839,12839,row12839
12840,12840,row12840
12841,12841,row12841
12842,12842,row12842
12843,12843,row12843
12844,12844,row12844
12845,12845,row12845
12846,12846,row12846
12847,12847,row12847
12848,12848,row12848
12849,12849,row12849
12850,12850,row12850
12851,12851,row12851
12852,12852,row12852
12853,12853,row12853
12854,12854,row12854
12855,12855,row12855
12856,12856,row12856
12857,12857,row12857
12858,12858,row12858
12859,12859,row12859
12860,12860,row12860
12861,12861,row12861
12862,12862,row12862
12863,12863,row12863
12864,12864,row12864
12865,12865,row12865
12866,12866,row12866
12867,12867,row12867
12868,12868,row12868
12869,12869,row12869
12870,12870,row12870
12871,12871,row12871
12872,12872,row12872
12873,12873,row12873
12874,12874,row12874
12875,12875,row12875
12876,12876,row12876
12877,12877,row12877
12878,12878,row12878
12879,12879,row12879
12880,12880,row12880
12881,12881,row12881
12882,12882,row12882
12883,12883,row12883
12884,12884,row12884
12885,12885,row12885
12886,12886,row12886
12887,12887,row12887
12888,12888,row12888
12889,12889,row12889
12890,12890,row12890
12891,12891,row12891
12892,12892,row12892
12893,12893,row12893
12894,12894,row12894
12895,12895,row12895
12896,12896,row12896
12897,12897,row12897
12898,12898,row12898
12899,12899,row12899
12900,12900,row12900
12901,12901,row12901
12902,12902,row12902
12903,12903,row12903
12904,12904,row12904
12905,12905,row12905
12906,12906,row12906
12907,12907,row12907
12908,12908,row12908
12909,12909,row12909
12910,12910,row12910
12911,12911,row12911
12912,12912,row12912
12913,12913,row12913
12914,12914,row12914
12915,12915,row12915
12916,12916,row12916
12917,12917,row12917
12918,12918,row12918
12919,12919,row12919
12920,12920,row12920
12921,12921,row12921
12922,12922,row12922
12923,12923,row12923
12924,12924,row12924
12925,12925,row12925
12926,12926,row12926
12927,12927,row12927
12928,12928,row12928
12929,12929,row12929
12930,12930,row12930
12931,12931,row12931
12932,12932,row12932
12933,12933,row12933
12934,12934,row12934
12935,12935,row12935
12936,12936,row12936
12937,12937,row12937
12938,12938,row12938
12939,12939,row12939
12940,12940,row12940
12941,12941,row12941
12942,12942,row12942
12943,12943,row12943
12944,12944,row12944
12945,12945,row12945
12946,12946,row12946
12947,12947,row12947
12948,12948,row12948
12949,12949,row12949
12950,12950,row12950
12951,12951,row12951
12952,12952,row12952
12953,12953,row12953
12954,12954,row12954
12955,12955,row12955
12956,12956,row12956
12957,12957,row12957
12958,12958,row12958
12959,12959,row12959
12960,12960,row12960
12961,12961,row12961
12962,12962,row12962
12963,12963,row12963
12964,12964,row12964
12965,12965,row12965
12966,12966,row12966
12967,12967,row12967
12968,12968,row12968
12969,12969,row12969
12970,12970,row12970
12971,12971,row12971
12972,12972,row12972
12973,12973,row12973
12974,12974,row12974
12975,12975,row12975
12976,12976,row12976
12977,12977,row12977
12978,12978,row12978
12979,12979,row12979
12980,12980,row12980
12981,12981,row12981
12982,12982,row12982
12983,12983,row12983
12984,12984,row12984
12985,12985,row12985
12986,12986,row12986
12987,12987,row12987
12988,12988,row12988
12989,12989,row12989
12990,12990,row12990
12991,12991,row12991
12992,12992,row12992
12993,12993,row12993
12994,12994,row12994
12995,12995,row12995
12996,12996,row12996
12997,12997,row12997
12998,12998,row12998
12999,12999,row12999
13000,13000,row13000
13001,13001,row13001
13002,13002,row13002
13003,13003,row13003
13004,13004,row13004
13005,13005,row13005
13006,13006,row13006
13007,13007,row13007
13008,13008,row13008
13009,13009,row13009
13010,13010,row13010
13011,13011,row13011
13012,13012,row13012
13013,13013,row13013
13014,13014,row13014
13015,13015,row13015
13016,13016,row13016
13017,13017,row13017
13018,13018,row13018
13019,13019,row13019
13020,13020,row13020
13021,13021,row13021
13022,13022,row13022
13023,13023,row13023
13024,13024,row13024
13025,13025,row13025
13026,13026,row13026
13027,13027,row13027
13028,13028,row13028
13029,13029,row13029
13030,13030,row13030
13031,13031,row13031
13032,13032,row13032
13033,13033,row13033
13034,13034,row13034
13035,13035,row13035
13036,13036,row13036
13037,13037,row13037
13038,13038,row13038
13039,13039,row13039
13040,13040,row13040
13041,13041,row13041
13042,13042,row13042
13043,13043,row13043
13044,13044,row13044
13045,13045,row13045
13046,13046,row13046
13047,13047,row13047
13048,13048,row13048
13049,13049,row13049
13050,13050,row13050
13051,13051,row13051
13052,13052,row13052
13053,13053,row13053
13054,13054,row13054
13055,13055,row13055
13056,13056,row13056
13057,13057,row13057
13058,13058,row13058
13059,13059,row13059
13060,13060,row13060
13061,13061,row13061
13062,13062,row13062
13063,13063,row13063
13064,13064,row13064
13065,13065,row13065
13066,13066,row13066
13067,13067,row13067
13068,13068,row13068
13069,13069,row13069
13070,13070,row13070
13071,13071,row13071
13072,13072,row13072
13073,13073,row13073
13074,13074,row13074
13075,13075,row13075
13076,13076,row13076
13077,13077,row13077
13078,13078,row13078
13079,13079,row13079
13080,13080,row13080
13081,13081,row13081
13082,13082,row13082
13083,13083,row13083
13084,13084,row13084
13085,13085,row13085
13086,13086,row13086
13087,13087,row13087
13088,13088,row13088
13089,13089,row13089
13090,13090,row13090
13091,13091,row13091
13092,13092,row13092
13093,13093,row13093
13094,13094,row13094
13095,13095,row13095
13096,13096,row13096
13097,13097,row13097
13098,13098,row13098
13099,13099,row13099
13100,13100,row13100
13101,13101,row13101
13102,13102,row13102
13103,13103,row13103
13104,13104,row13104
13105,13105,row13105
13106,13106,row13106
13107,13107,row13107
13108,13108,row13108
13109,13109,row13109
13110,13110,row13110
13111,13111,row13111
13112,13112,row13112
13113,13113,row13113
13114,13114,row13114
13115,13115,row13115
13116,13116,row13116
13117,13117,row13117
13118,13118,row13118
13119,13119,row13119
13120,13120,row13120
13121,13121,row13121
13122,13122,row13122
13123,13123,row13123
13124,13124,row13124
13125,13125,row13125
13126,13126,row13126
13127,13127,row13127
13128,13128,row13128
13129,13129,row13129
13130,13130,row13130
13131,13131,row13131
13132,13132,row13132
13133,13133,row13133
13134,13134,row13134
13135,13135,row13135
13136,13136,row13136
13137,13137,row13137
13138,13138,row13138
13139,13139,row13139
13140,13140,row13140
13141,13141,row13141
13142,13142,row13142
13143,13143,row13143
13144,13144,row13144
13145,13145,row13145
13146,13146,row13146
13147,13147,row13147
13148,13148,row13148
13149,13149,row13149
13150,13150,row13150
13151,13151,row13151
13152,13152,row13152
13153,13153,row13153
13154,13154,row13154
13155,13155,row13155
13156,13156,row13156
13157,13157,row13157
13158,13158,row13158
13159,13159,row13159
13160,13160,row13160
13161,13161,row13161
13162,13162,row13162
13163,13163,row13163
13164,13164,row13164
13165,13165,row13165
13166,13166,row13166
13167,13167,row13167
13168,13168,row13168
13169,13169,row13169
13170,13170,row13170
13171,13171,row13171
13172,13172,row13172
13173,13173,row13173
13174,13174,row13174
13175,13175,row13175
13176,13176,row13176
13177,13177,row13177
13178,13178,row13178
13179,13179,row13179
13180,13180,row13180
13181,13181,row13181
13182,13182,row13182
13183,13183,row13183
13184,13184,row13184
13185,13185,row13185
13186,13186,row13186
13187,13187,row13187
13188,13188,row13188
13189,13189,row13189
13190,13190,row13190
13191,13191,row13191
13192,13192,row13192
13193,13193,row13193
13194,13194,row13194
13195,13195,row13195
13196,13196,row13196
13197,13197,row13197
13198,13198,row13198
13199,13199,row13199
13200,13200,row13200
13201,13201,row13201
13202,13202,row13202
13203,13203,row13203
13204,13204,row13204
13205,13205,row13205
13206,13206,row13206
13207,13207,row13207
13208,13208,row13208
13209,13209,row13209
13210,13210,row13210
13211,13211,row13211
13212,13212,row13212
13213,13213,row13213
13214,13214,row13214
13215,13215,row13215
13216,13216,row13216
13217,13217,row13217
13218,13218,row13218
13219,13219,row13219
13220,13220,row13220
13221,13221,row13221
13222,13222,row13222
13223,13223,row13223
13224,13224,row13224
13225,13225,row13225
13226,13226,row13226
13227,13227,row13227
13228,13228,row13228
13229,13229,row13229
13230,13230,row13230
13231,13231,row13231
13232,13232,row13232
13233,13233,row13233
13234,13234,row13234
13235,13235,row13235
13236,13236,row13236
13237,13237,row13237
13238,13238,row13238
13239,13239,row13239
13240,13240,row13240
13241,13241,row13241
13242,13242,row13242
13243,13243,row13243
13244,13244,row13244
13245,13245,row13245
13246,13246,row13246
13247,13247,row13247
13248,13248,row13248
13249,13249,row13249
13250,13250,row13250
13251,13251,row13251
13252,13252,row13252
13253,13253,row13253
13254,13254,row13254
13255,13255,row13255
13256,13256,row13256
13257,13257,row13257
13258,13258,row13258
13259,13259,row13259
13260,13260,row13260
13261,13261,row13261
13262,13262,row13262
13263,13263,row13263
13264,13264,row13264
13265,13265,row13265
13266,13266,row13266
13267,13267,row13267
13268,13268,row13268
13269,13269,row13269
13270,13270,row13270
13271,13271,row13271
13272,13272,row13272
13273,13273,row13273
13274,13274,row13274
13275,13275,row13275
13276,13276,row13276
13277,13277,row13277
13278,13278,row13278
13279,13279,row13279
13280,13280,row13280
13281,13281,row13281
13282,13282,row13282
13283,13283,row13283
13284,13284,row13284
13285,13285,row13285
13286,13286,row13286
13287,13287,row13287
13288,13288,row13288
13289,13289,row13289
13290,13290,row13290
13291,13291,row13291
13292,13292,row13292
13293,13293,row13293
13294,13294,row13294
13295,13295,row13295
13296,13296,row13296
13297,13297,row13297
13298,13298,row13298
13299,13299,row13299
13300,13300,row13300
13301,13301,row13301
13302,13302,row13302
13303,13303,row13303
13304,13304,row13304
13305,13305,row13305
13306,13306,row13306
13307,13307,row13307
13308,13308,row13308
13309,13309,row13309
13310,13310,row13310
13311,13311,row13311
13312,13312,row13312
13313,13313,row13313
13314,13314,row13314
13315,13315,row13315
13316,13316,row13316
13317,13317,row13317
13318,13318,row13318
13319,13319,row13319
13320,13320,row13320
13321,13321,row13321
13322,13322,row13322
13323,13323,row13323
13324,13324,row13324
13325,13325,row13325
13326,13326,row13326
13327,13327,row13327
13328,13328,row13328
13329,13329,row13329
13330,13330,row13330
13331,13331,row13331
13332,13332,row13332
13333,13333,row13333
13334,13334,row13334
13335,13335,row13335
13336,13336,row13336
13337,13337,row13337
13338,13338,row13338
13339,13339,row13339
13340,13340,row13340
13341,13341,row13341
13342,13342,row13342
13343,13343,row13343
13344,13344,row13344
13345,13345,row13345
13346,13346,row13346
13347,13347,row13347
13348,13348,row13348
13349,13349,row13349
13350,13350,row13350
13351,13351,row13351
13352,13352,row13352
13353,13353,row13353
13354,13354,row13354
13355,13355,row13355
13356,13356,row13356
13357,13357,row13357
13358,13358,row13358
13359,13359,row13359
13360,13360,row13360
13361,13361,row13361
13362,13362,row13362
13363,13363,row13363
13364,13364,row13364
13365,13365,row13365
13366,13366,row13366
13367,13367,row13367
13368,13368,row13368
13369,13369,row13369
13370,13370,row13370
13371,13371,row13371
13372,13372,row13372
13373,13373,row13373
13374,13374,row13374
13375,13375,row13375
13376,13376,row13376
13377,13377,row13377
13378,13378,row13378
13379,13379,row13379
13380,13380,row13380
13381,13381,row13381
13382,13382,row13382
13383,13383,row13383
13384,13384,row13384
13385,13385,row13385
13386,13386,row13386
13387,13387,row13387
13388,13388,row13388
13389,13389,row13389
13390,13390,row13390
13391,13391,row13391
13392,13392,row13392
13393,13393,row13393
13394,13394,row13394
13395,13395,row13395
13396,13396,row13396
13397,13397,row13397
13398,13398,row13398
13399,13399,row13399
13400,13400,row13400
13401,13401,row13401
13402,13402,row13402
13403,13403,row13403
13404,13404,row13404
13405,13405,row13405
13406,13406,row13406
13407,13407,row13407
13408,13408,row13408
13409,13409,row13409
13410,13410,row13410
13411,13411,row13411
13412,13412,row13412
13413,13413,row13413
13414,13414,row13414
13415,13415,row13415
13416,13416,row13416
13417,13417,row13417
13418,13418,row13418
13419,13419,row13419
13420,13420,row13420
13421,13421,row13421
13422,13422,row13422
13423,13423,row13423
13424,13424,row13424
13425,13425,row13425
13426,13426,row13426
13427,13427,row13427
13428,13428,row13428
13429,13429,row13429
13430,13430,row13430
13431,13431,row13431
13432,13432,row13432
13433,13433,row13433
13434,13434,row13434
13435,13435,row13435
13436,13436,row13436
13437,13437,row13437
13438,13438,row13438
13439,13439,row13439
13440,13440,row13440
13441,13441,row13441
13442,13442,row13442
13443,13443,row13443
13444,13444,row13444
13445,13445,row13445
13446,13446,row13446
13447,13447,row13447
13448,13448,row13448
13449,13449,row13449
13450,13450,row13450
13451,13451,row13451
13452,13452,row13452
13453,13453,row13453
13454,13454,row13454
13455,13455,row13455
13456,13456,row13456
13457,13457,row13457
13458,13458,row13458
13459,13459,row13459
13460,13460,row13460
13461,13461,row13461
13462,13462,row13462
13463,13463,row13463
13464,13464,row13464
13465,13465,row13465
13466,13466,row13466
13467,13467,row13467
13468,13468,row13468
13469,13469,row13469
13470,13470,row13470
13471,13471,row13471
13472,13472,row13472
13473,13473,row13473
13474,13474,row13474
13475,13475,row13475
13476,13476,row13476
13477,13477,row13477
13478,13478,row13478
13479,13479,row13479
13480,13480,row13480
13481,13481,row13481
13482,13482,row13482
13483,13483,row13483
13484,13484,row13484
13485,13485,row13485
13486,13486,row13486
13487,13487,row13487
13488,13488,row13488
13489,13489,row13489
13490,13490,row13490
13491,13491,row13491
13492,13492,row13492
13493,13493,row13493
13494,13494,row13494
13495,13495,row13495
13496,13496,row13496
13497,13497,row13497
13498,13498,row13498
13499,13499,row13499
13500,13500,row13500
13501,13501,row13501
13502,13502,row13502
13503,13503,row13503
13504,13504,row13504
13505,13505,row13505
13506,13506,row13506
13507,13507,row13507
13508,13508,row13508
13509,13509,row13509
13510,13510,row13510
13511,13511,row13511
13512,13512,row13512
13513,13513,row13513
13514,13514,row13514
13515,13515,row13515
13516,13516,row13516
13517,13517,row13517
13518,13518,row13518
13519,13519,row13519
13520,13520,row13520
13521,13521,row13521
13522,13522,row13522
13523,13523,row13523
13524,13524,row13524
13525,13525,row13525
13526,13526,row13526
13527,13527,row13527
13528,13528,row13528
13529,13529,row13529
13530,13530,row13530
13531,13531,row13531
13532,13532,row13532
13533,13533,row13533
13534,13534,row13534
13535,13535,row13535
13536,13536,row13536
13537,13537,row13537
13538,13538,row13538
13539,13539,row13539
13540,13540,row13540
13541,13541,row13541
13542,13542,row13542
13543,13543,row13543
13544,13544,row13544
13545,13545,row13545
13546,13546,row13546
13547,13547,row13547
13548,13548,row13548
13549,13549,row13549
13550,13550,row13550
13551,13551,row13551
13552,13552,row13552
13553,13553,row13553
13554,13554,row13554
13555,13555,row13555
13556,13556,row13556
13557,13557,row13557
13558,13558,row13558
13559,13559,row13559
13560,13560,row13560
13561,13561,row13561
13562,13562,row13562
13563,13563,row13563
13564,13564,row13564
13565,13565,row13565
13566,13566,row13566
13567,13567,row13567
13568,13568,row13568
13569,13569,row13569
13570,13570,row13570
13571,13571,row13571
13572,13572,row13572
13573,13573,row13573
13574,13574,row13574
13575,13575,row13575
13576,13576,row13576
13577,13577,row13577
13578,13578,row13578
13579,13579,row13579
13580,13580,row13580
13581,13581,row13581
13582,13582,row13582
13583,13583,row13583
13584,13584,row13584
13585,13585,row13585
13586,13586,row13586
13587,13587,row13587
13588,13588,row13588
13589,13589,row13589
13590,13590,row13590
13591,13591,row13591
13592,13592,row13592
13593,13593,row13593
13594,13594,row13594
13595,13595,row13595
13596,13596,row13596
13597,13597,row13597
13598,13598,row13598
13599,13599,row13599
13600,13600,row13600
13601,13601,row13601
13602,13602,row13602
13603,13603,row13603
13604,13604,row13604
13605,13605,row13605
13606,13606,row13606
13607,13607,row13607
13608,13608,row13608
13609,13609,row13609
13610,13610,row13610
13611,13611,row13611
13612,13612,row13612
13613,13613,row13613
13614,13614,row13614
13615,13615,row13615
13616,13616,row13616
13617,13617,row13617
13618,13618,row13618
13619,13619,row13619
13620,13620,row13620
13621,13621,row13621
13622,13622,row13622
13623,13623,row13623
13624,13624,row13624
13625,13625,row13625
13626,13626,row13626
13627,13627,row13627
13628,13628,row13628
13629,13629,row13629
13630,13630,row13630
13631,13631,row13631
13632,13632,row13632
13633,13633,row13633
13634,13634,row13634
13635,13635,row13635
13636,13636,row13636
13637,13637,row13637
13638,13638,row13638
13639,13639,row13639
13640,13640,row13640
13641,13641,row13641
13642,13642,row13642
13643,13643,row13643
13644,13644,row13644
13645,13645,row13645
13646,13646,row13646
13647,13647,row13647
13648,13648,row13648
13649,13649,row13649
13650,13650,row13650
13651,13651,row13651
13652,13652,row13652
13653,13653,row13653
13654,13654,row13654
13655,13655,row13655
13656,13656,row13656
13657,13657,row13657
13658,13658,row13658
13659,13659,row13659
13660,13660,row13660
13661,13661,row13661
13662,13662,row13662
13663,13663,row13663
13664,13664,row13664
13665,13665,row13665
13666,13666,row13666
13667,13667,row13667
13668,13668,row13668
13669,13669,row13669
13670,13670,row13670
13671,13671,row13671
13672,13672,row13672
13673,13673,row13673
13674,13674,row13674
13675,13675,row13675
13676,13676,row13676
13677,13677,row13677
13678,13678,row13678
13679,13679,row13679
13680,13680,row13680
13681,13681,row13681
13682,13682,row13682
13683,13683,row13683
13684,13684,row13684
13685,13685,row13685
13686,13686,row13686
13687,13687,row13687
13688,13688,row13688
13689,13689,row13689
13690,13690,row13690
13691,13691,row13691
13692,13692,row13692
13693,13693,row13693
13694,13694,row13694
13695,13695,row13695
13696,13696,row13696
13697,13697,row13697
13698,13698,row13698
13699,13699,row13699
13700,13700,row13700
13701,13701,row13701
13702,13702,row13702
13703,13703,row13703
13704,13704,row13704
13705,13705,row13705
13706,13706,row13706
13707,13707,row13707
13708,13708,row13708
13709,13709,row13709
13710,13710,row13710
13711,13711,row13711
13712,13712,row13712
13713,13713,row13713
13714,13714,row13714
13715,13715,row13715
13716,13716,row13716
13717,13717,row13717
13718,13718,row13718
13719,13719,row13719
13720,13720,row13720
13721,13721,row13721
13722,13722,row13722
13723,13723,row13723
13724,13724,row13724
13725,13725,row13725
13726,13726,row13726
13727,13727,row13727
13728,13728,row13728
13729,13729,row13729
13730,13730,row13730
13731,13731,row13731
13732,13732,row13732
13733,13733,row13733
13734,13734,row13734
13735,13735,row13735
13736,13736,row13736
13737,13737,row13737
13738,13738,row13738
13739,13739,row13739
13740,13740,row13740
13741,13741,row13741
13742,13742,row13742
13743,13743,row13743
13744,13744,row13744
13745,13745,row13745
13746,13746,row13746
13747,13747,row13747
13748,13748,row13748
13749,13749,row13749
13750,13750,row13750
13751,13751,row13751
13752,13752,row13752
13753,13753,row13753
13754,13754,row13754
13755,13755,row13755
13756,13756,row13756
13757,13757,row13757
13758,13758,row13758
13759,13759,row13759
13760,13760,row13760
13761,13761,row13761
13762,13762,row13762
13763,13763,row13763
13764,13764,row13764
13765,13765,row13765
13766,13766,row13766
13767,13767,row13767
13768,13768,row13768
13769,13769,row13769
13770,13770,row13770
13771,13771,row13771
13772,13772,row13772
13773,13773,row13773
13774,13774,row13774
13775,13775,row13775
13776,13776,row13776
13777,13777,row13777
13778,13778,row13778
13779,13779,row13779
13780,13780,row13780
13781,13781,row13781
13782,13782,row13782
13783,13783,row13783
13784,13784,row13784
13785,13785,row13785
13786,13786,row13786
13787,13787,row13787
13788,13788,row13788
13789,13789,row13789
13790,13790,row13790
13791,13791,row13791
13792,13792,row13792
13793,13793,row13793
13794,13794,row13794
13795,13795,row13795
13796,13796,row13796
13797,13797,row13797
13798,13798,row13798
13799,13799,row13799
13800,13800,row13800
13801,13801,row13801
13802,13802,row13802
13803,13803,row13803
13804,13804,row13804
13805,13805,row13805
13806,13806,row13806
13807,13807,row13807
13808,13808,row13808
13809,13809,row13809
13810,13810,row13810
13811,13811,row13811
13812,13812,row13812
13813,13813,row13813
13814,13814,row13814
13815,13815,row13815
13816,13816,row13816
13817,13817,row13817
13818,13818,row13818
13819,13819,row13819
13820,13820,row13820
13821,13821,row13821
13822,13822,row13822
13823,13823,row13823
13824,13824,row13824
13825,13825,row13825
13826,13826,row13826
13827,13827,row13827
13828,13828,row13828
13829,13829,row13829
13830,13830,row13830
13831,13831,row13831
13832,13832,row13832
13833,13833,row13833
13834,13834,row13834
13835,13835,row13835
13836,13836,row13836
13837,13837,row13837
13838,13838,row13838
13839,13839,row13839
13840,13840,row13840
13841,13841,row13841
13842,13842,row13842
13843,13843,row13843
13844,13844,row13844
13845,13845,row13845
13846,13846,row13846
13847,13847,row13847
13848,13848,row13848
13849,13849,row13849
13850,13850,row13850
13851,13851,row13851
13852,13852,row13852
13853,13853,row13853
13854,13854,row13854
13855,13855,row13855
13856,13856,row13856
13857,13857,row13857
13858,13858,row13858
13859,13859,row13859
13860,13860,row13860
13861,13861,row13861
13862,13862,row13862
13863,13863,row13863
13864,13864,row13864
13865,13865,row13865
13866,13866,row13866
13867,13867,row13867
13868,13868,row13868
13869,13869,row13869
13870,13870,row13870
13871,13871,row13871
13872,13872,row13872
13873,13873,row13873
13874,13874,row13874
13875,13875,row13875
13876,13876,row13876
13877,13877,row13877
13878,13878,row13878
13879,13879,row13879
13880,13880,row13880
13881,13881,row13881
13882,13882,row13882
13883,13883,row13883
13884,13884,row13884
13885,13885,row13885
13886,13886,row13886
13887,13887,row13887
13888,13888,row13888
13889,13889,row13889
13890,13890,row13890
13891,13891,row13891
13892,13892,row13892
13893,13893,row13893
13894,13894,row13894
13895,13895,row13895
13896,13896,row13896
13897,13897,row13897
13898,13898,row13898
13899,13899,row13899
13900,13900,row13900
13901,13901,row13901
13902,13902,row13902
13903,13903,row13903
13904,13904,row13904
13905,13905,row13905
13906,13906,row13906
13907,13907,row13907
13908,13908,row13908
13909,13909,row13909
13910,13910,row13910
13911,13911,row13911
13912,13912,row13912
13913,13913,row13913
13914,13914,row13914
13915,13915,row13915
13916,13916,row13916
13917,13917,row13917
13918,13918,row13918
13919,13919,row13919
13920,13920,row13920
13921,13921,row13921
13922,13922,row13922
13923,13923,row13923
13924,13924,row13924
13925,13925,row13925
13926,13926,row13926
13927,13927,row13927
13928,13928,row13928
13929,13929,row13929
13930,13930,row13930
13931,13931,row13931
13932,13932,row13932
13933,13933,row13933
13934,13934,row13934
13935,13935,row13935
13936,13936,row13936
13937,13937,row13937
13938,13938,row13938
13939,13939,row13939
13940,13940,row13940
13941,13941,row13941
13942,13942,row13942
13943,13943,row13943
13944,13944,row13944
13945,13945,row13945
13946,13946,row13946
13947,13947,row13947
13948,13948,row13948
13949,13949,row13949
13950,13950,row13950
13951,13951,row13951
13952,13952,row13952
13953,13953,row13953
13954,13954,row13954
13955,13955,row13955
13956,13956,row13956
13957,13957,row13957
13958,13958,row13958
13959,13959,row13959
13960,13960,row13960
13961,13961,row13961
13962,13962,row13962
13963,13963,row13963
13964,13964,row13964
13965,13965,row13965
13966,13966,row13966
13967,13967,row13967
13968,13968,row13968
13969,13969,row13969
13970,13970,row13970
13971,13971,row13971
13972,13972,row13972
13973,13973,row13973
13974,13974,row13974
13975,13975,row13975
13976,13976,row13976
13977,13977,row13977
13978,13978,row13978
13979,13979,row13979
13980,13980,row13980
13981,13981,row13981
13982,13982,row13982
13983,13983,row13983
13984,13984,row13984
13985,13985,row13985
13986,13986,row13986
13987,13987,row13987
13988,13988,row13988
13989,13989,row13989
13990,13990,row13990
13991,13991,row13991
13992,13992,row13992
13993,13993,row13993
13994,13994,row13994
13995,13995,row13995
13996,13996,row13996
13997,13997,row13997
13998,13998,row13998
13999,13999,row13999
14000,14000,row14000
14001,14001,row14001
14002,14002,row14002
14003,14003,row14003
14004,14004,row14004
14005,14005,row14005
14006,14006,row14006
14007,14007,row14007
14008,14008,row14008
14009,14009,row14009
14010,14010,row14010
14011,14011,row14011
14012,14012,row14012
14013,14013,row14013
14014,14014,row14014
14015,14015,row14015
14016,14016,row14016
14017,14017,row14017
14018,14018,row14018
14019,14019,row14019
14020,14020,row14020
14021,14021,row14021
14022,14022,row14022
14023,14023,row14023
14024,14024,row14024
14025,14025,row14025
14026,14026,row14026
14027,14027,row14027
14028,14028,row14028
14029,14029,row14029
14030,14030,row14030
14031,14031,row14031
14032,14032,row14032
14033,14033,row14033
14034,14034,row14034
14035,14035,row14035
14036,14036,row14036
14037,14037,row14037
14038,14038,row14038
14039,14039,row14039
14040,14040,row14040
14041,14041,row14041
14042,14042,row14042
14043,14043,row14043
14044,14044,row14044
14045,14045,row14045
14046,14046,row14046
14047,14047,row14047
14048,14048,row14048
14049,14049,row14049
14050,14050,row14050
14051,14051,row14051
14052,14052,row14052
14053,14053,row14053
14054,14054,row14054
14055,14055,row14055
14056,14056,row14056
14057,14057,row14057
14058,14058,row14058
14059,14059,row14059
14060,14060,row14060
14061,14061,row14061
14062,14062,row14062
14063,14063,row14063
14064,14064,row14064
14065,14065,row14065
14066,14066,row14066
14067,14067,row14067
14068,14068,row14068
14069,14069,row14069
14070,14070,row14070
14071,14071,row14071
14072,14072,row14072
14073,14073,row14073
14074,14074,row14074
14075,14075,row14075
14076,14076,row14076
14077,14077,row14077
14078,14078,row14078
14079,14079,row14079
14080,14080,row14080
14081,14081,row14081
14082,14082,row14082
14083,14083,row14083
14084,14084,row14084
14085,14085,row14085
14086,14086,row14086
14087,14087,row14087
14088,14088,row14088
14089,14089,row14089
14090,14090,row14090
14091,14091,row14091
14092,14092,row14092
14093,14093,row14093
14094,14094,row14094
14095,14095,row14095
14096,14096,row14096
14097,14097,row14097
14098,14098,row14098
14099,14099,row14099
14100,14100,row14100
14101,14101,row14101
14102,14102,row14102
14103,14103,row14103
14104,14104,row14104
14105,14105,row14105
14106,14106,row14106
14107,14107,row14107
14108,14108,row14108
14109,14109,row14109
14110,14110,row14110
14111,14111,row14111
14112,14112,row14112
14113,14113,row14113
14114,14114,row14114
14115,14115,row14115
14116,14116,row14116
14117,14117,row14117
14118,14118,row14118
14119,14119,row14119
14120,14120,row14120
14121,14121,row14121
14122,14122,row14122
14123,14123,row14123
14124,14124,row14124
14125,14125,row14125
14126,14126,row14126
14127,14127,row14127
14128,14128,row14128
14129,14129,row14129
14130,14130,row14130
14131,14131,row14131
14132,14132,row14132
14133,14133,row14133
14134,14134,row14134
14135,14135,row14135
14136,14136,row14136
14137,14137,row14137
14138,14138,row14138
14139,14139,row14139
14140,14140,row14140
14141,14141,row14141
14142,14142,row14142
14143,14143,row14143
14144,14144,row14144
14145,14145,row14145
14146,14146,row14146
14147,14147,row14147
14148,14148,row14148
14149,14149,row14149
14150,14150,row14150
14151,14151,row14151
14152,14152,row14152
14153,14153,row14153
14154,14154,row14154
14155,14155,row14155
14156,14156,row14156
14157,14157,row14157
14158,14158,row14158
14159,14159,row14159
14160,14160,row14160
14161,14161,row14161
14162,14162,row14162
14163,14163,row14163
14164,14164,row14164
14165,14165,row14165
14166,14166,row14166
14167,14167,row14167
14168,14168,row14168
14169,14169,row14169
14170,14170,row14170
14171,14171,row14171
14172,14172,row14172
14173,14173,row14173
14174,14174,row14174
14175,14175,row14175
14176,14176,row14176
14177,14177,row14177
14178,14178,row14178
14179,14179,row14179
14180,14180,row14180
14181,14181,row14181
14182,14182,row14182
14183,14183,row14183
14184,14184,row14184
14185,14185,row14185
14186,14186,row14186
14187,14187,row14187
14188,14188,row14188
14189,14189,row14189
14190,14190,row14190
14191,14191,row14191
14192,14192,row14192
14193,14193,row14193
14194,14194,row14194
14195,14195,row14195
14196,14196,row14196
14197,14197,row14197
14198,14198,row14198
14199,14199,row14199
14200,14200,row14200
14201,14201,row14201
14202,14202,row14202
14203,14203,row14203
14204,14204,row14204
14205,14205,row14205
14206,14206,row14206
14207,14207,row14207
14208,14208,row14208
14209,14209,row14209
14210,14210,row14210
14211,14211,row14211
14212,14212,row14212
14213,14213,row14213
14214,14214,row14214
14215,14215,row14215
14216,14216,row14216
14217,14217,row14217
14218,14218,row14218
14219,14219,row14219
14220,14220,row14220
14221,14221,row14221
14222,14222,row14222
14223,14223,row14223
14224,14224,row14224
14225,14225,row14225
14226,14226,row14226
14227,14227,row14227
14228,14228,row14228
14229,14229,row14229
14230,14230,row14230
14231,14231,row14231
14232,14232,row14232
14233,14233,row14233
14234,14234,row14234
14235,14235,row14235
14236,14236,row14236
14237,14237,row14237
14238,14238,row14238
14239,14239,row14239
14240,14240,row14240
14241,14241,row14241
14242,14242,row14242
14243,14243,row14243
14244,14244,row14244
14245,14245,row14245
14246,14246,row14246
14247,14247,row14247
14248,14248,row14248
14249,14249,row14249
14250,14250,row14250
14251,14251,row14251
14252,14252,row14252
14253,14253,row14253
14254,14254,row14254
14255,14255,row14255
14256,14256,row14256
14257,14257,row14257
14258,14258,row14258
14259,14259,row14259
14260,14260,row14260
14261,14261,row14261
14262,14262,row14262
14263,14263,row14263
14264,14264,row14264
14265,14265,row14265
14266,14266,row14266
14267,14267,row14267
14268,14268,row14268
14269,14269,row14269
14270,14270,row14270
14271,14271,row14271
14272,14272,row14272
14273,14273,row14273
14274,14274,row14274
14275,14275,row14275
14276,14276,row14276
14277,14277,row14277
14278,14278,row14278
14279,14279,row14279
14280,14280,row14280
14281,14281,row14281
14282,14282,row14282
14283,14283,row14283
14284,14284,row14284
14285,14285,row14285
14286,14286,row14286
14287,14287,row14287
14288,14288,row14288
14289,14289,row14289
14290,14290,row14290
14291,14291,row14291
14292,14292,row14292
14293,14293,row14293
14294,14294,row14294
14295,14295,row14295
14296,14296,row14296
14297,14297,row14297
14298,14298,row14298
14299,14299,row14299
14300,14300,row14300
14301,14301,row14301
14302,14302,row14302
14303,14303,row14303
14304,14304,row14304
14305,14305,row14305
14306,14306,row14306
14307,14307,row14307
14308,14308,row14308
14309,14309,row14309
14310,14310,row14310
14311,14311,row14311
14312,14312,row14312
14313,14313,row14313
14314,14314,row14314
14315,14315,row14315
14316,14316,row14316
14317,14317,row14317
14318,14318,row14318
14319,14319,row14319
14320,14320,row14320
14321,14321,row14321
14322,14322,row14322
14323,14323,row14323
14324,14324,row14324
14325,14325,row14325
14326,14326,row14326
14327,14327,row14327
14328,14328,row14328
14329,14329,row14329
14330,14330,row14330
14331,14331,row14331
14332,14332,row14332
14333,14333,row14333
14334,14334,row14334
14335,14335,row14335
14336,14336,row14336
14337,14337,row14337
14338,14338,row14338
14339,14339,row14339
14340,14340,row14340
14341,14341,row14341
14342,14342,row14342
14343,14343,row14343
14344,14344,row14344
14345,14345,row14345
14346,14346,row14346
14347,14347,row14347
14348,14348,row14348
14349,14349,row14349
14350,14350,row14350
14351,14351,row14351
14352,14352,row14352
14353,14353,row14353
14354,14354,row14354
14355,14355,row14355
14356,14356,row14356
14357,14357,row14357
14358,14358,row14358
14359,14359,row14359
14360,14360,row14360
14361,14361,row14361
14362,14362,row14362
14363,14363,row14363
14364,14364,row14364
14365,14365,row14365
14366,14366,row14366
14367,14367,row14367
14368,14368,row14368
14369,14369,row14369
14370,14370,row14370
14371,14371,row14371
14372,14372,row14372
14373,14373,row14373
14374,14374,row14374
14375,14375,row14375
14376,14376,row14376
14377,14377,row14377
14378,14378,row14378
14379,14379,row14379
14380,14380,row14380
14381,14381,row14381
14382,14382,row14382
14383,14383,row14383
14384,14384,row14384
14385,14385,row14385
14386,14386,row14386
14387,14387,row14387
14388,14388,row14388
14389,14389,row14389
14390,14390,row14390
14391,14391,row14391
14392,14392,row14392
14393,14393,row14393
14394,14394,row14394
14395,14395,row14395
14396,14396,row14396
14397,14397,row14397
14398,14398,row14398
14399,14399,row14399
14400,14400,row14400
14401,14401,row14401
14402,14402,row14402
14403,14403,row14403
14404,14404,row14404
14405,14405,row14405
14406,14406,row14406
14407,14407,row14407
14408,14408,row14408
14409,14409,row14409
14410,14410,row14410
14411,14411,row14411
14412,14412,row14412
14413,14413,row14413
14414,14414,row14414
14415,14415,row14415
14416,14416,row14416
14417,14417,row14417
14418,14418,row14418
14419,14419,row14419
14420,14420,row14420
14421,14421,row14421
14422,14422,row14422
14423,14423,row14423
14424,14424,row14424
14425,14425,row14425
14426,14426,row14426
14427,14427,row14427
14428,14428,row14428
14429,14429,row14429
14430,14430,row14430
14431,14431,row14431
14432,14432,row14432
14433,14433,row14433
14434,14434,row14434
14435,14435,row14435
14436,14436,row14436
14437,14437,row14437
14438,14438,row14438
14439,14439,row14439
14440,14440,row14440
14441,14441,row14441
14442,14442,row14442
14443,14443,row14443
14444,14444,row14444
14445,14445,row14445
14446,14446,row14446
14447,14447,row14447
14448,14448,row14448
14449,14449,row14449
14450,14450,row14450
14451,14451,row14451
14452,14452,row14452
14453,14453,row14453
14454,14454,row14454
14455,14455,row14455
14456,14456,row14456
14457,14457,row14457
14458,14458,row14458
14459,14459,row14459
14460,14460,row14460
14461,14461,row14461
14462,14462,row14462
14463,14463,row14463
14464,14464,row14464
14465,14465,row14465
14466,14466,row14466
14467,14467,row14467
14468,14468,row14468
14469,14469,row14469
14470,14470,row14470
14471,14471,row14471
14472,14472,row14472
14473,14473,row14473
14474,14474,row14474
14475,14475,row14475
14476,14476,row14476
14477,14477,row14477
14478,14478,row14478
14479,14479,row14479
14480,14480,row14480
14481,14481,row14481
14482,14482,row14482
14483,14483,row14483
14484,14484,row14484
14485,14485,row14485
14486,14486,row14486
14487,14487,row14487
14488,14488,row14488
14489,14489,row14489
14490,14490,row14490
14491,14491,row14491
14492,14492,row14492
14493,14493,row14493
14494,14494,row14494
14495,14495,row14495
14496,14496,row14496
14497,14497,row14497
14498,14498,row14498
14499,14499,row14499
14500,14500,row14500
14501,14501,row14501
14502,14502,row14502
14503,14503,row14503
14504,14504,row14504
14505,14505,row14505
14506,14506,row14506
14507,14507,row14507
14508,14508,row14508
14509,14509,row14509
14510,14510,row14510
14511,14511,row14511
14512,14512,row14512
14513,14513,row14513
14514,14514,row14514
14515,14515,row14515
14516,14516,row14516
14517,14517,row14517
14518,14518,row14518
14519,14519,row14519
14520,14520,row14520
14521,14521,row14521
14522,14522,row14522
14523,14523,row14523
14524,14524,row14524
14525,14525,row14525
14526,14526,row14526
14527,14527,row14527
14528,14528,row14528
14529,14529,row14529
14530,14530,row14530
14531,14531,row14531
14532,14532,row14532
14533,14533,row14533
14534,14534,row14534
14535,14535,row14535
14536,14536,row14536
14537,14537,row14537
14538,14538,row14538
14539,14539,row14539
14540,14540,row14540
14541,14541,row14541
14542,14542,row14542
14543,14543,row14543
14544,14544,row14544
14545,14545,row14545
14546,14546,row14546
14547,14547,row14547
14548,14548,row14548
14549,14549,row14549
14550,14550,row14550
14551,14551,row14551
14552,14552,row14552
14553,14553,row14553
14554,14554,row14554
14555,14555,row14555
14556,14556,row14556
14557,14557,row14557
14558,14558,row14558
14559,14559,row14559
14560,14560,row14560
14561,14561,row14561
14562,14562,row14562
14563,14563,row14563
14564,14564,row14564
14565,14565,row14565
14566,14566,row14566
14567,14567,row14567
14568,14568,row14568
14569,14569,row14569
14570,14570,row14570
14571,14571,row14571
14572,14572,row14572
14573,14573,row14573
14574,14574,row14574
14575,14575,row14575
14576,14576,row14576
14577,14577,row14577
14578,14578,row14578
14579,14579,row14579
14580,14580,row14580
14581,14581,row14581
14582,14582,row14582
14583,14583,row14583
14584,14584,row14584
14585,14585,row14585
14586,14586,row14586
14587,14587,row14587
14588,14588,row14588
14589,14589,row14589
14590,14590,row14590
14591,14591,row14591
14592,14592,row14592
14593,14593,row14593
14594,14594,row14594
14595,14595,row14595
14596,14596,row14596
14597,14597,row14597
14598,14598,row14598
14599,14599,row14599
14600,14600,row14600
14601,14601,row14601
14602,14602,row14602
14603,14603,row14603
14604,14604,row14604
14605,14605,row14605
14606,14606,row14606
14607,14607,row14607
14608,14608,row14608
14609,14609,row14609
14610,14610,row14610
14611,14611,row14611
14612,14612,row14612
14613,14613,row14613
14614,14614,row14614
14615,14615,row14615
14616,14616,row14616
14617,14617,row14617
14618,14618,row14618
14619,14619,row14619
14620,14620,row14620
14621,14621,row14621
14622,14622,row14622
14623,14623,row14623
14624,14624,row14624
14625,14625,row14625
14626,14626,row14626
14627,14627,row14627
14628,14628,row14628
14629,14629,row14629
14630,14630,row14630
14631,14631,row14631
14632,14632,row14632
14633,14633,row14633
14634,14634,row14634
14635,14635,row14635
14636,14636,row14636
14637,14637,row14637
14638,14638,row14638
14639,14639,row14639
14640,14640,row14640
14641,14641,row14641
14642,14642,row14642
14643,14643,row14643
14644,14644,row14644
14645,14645,row14645
14646,14646,row14646
14647,14647,row14647
14648,14648,row14648
14649,14649,row14649
14650,14650,row14650
14651,14651,row14651
14652,14652,row14652
14653,14653,row14653
14654,14654,row14654
14655,14655,row14655
14656,14656,row14656
14657,14657,row14657
14658,14658,row14658
14659,14659,row14659
14660,14660,row14660
14661,14661,row14661
14662,14662,row14662
14663,14663,row14663
14664,14664,row14664
14665,14665,row14665
14666,14666,row14666
14667,14667,row14667
14668,14668,row14668
14669,14669,row14669
14670,14670,row14670
14671,14671,row14671
14672,14672,row14672
14673,14673,row14673
14674,14674,row14674
14675,14675,row14675
14676,14676,row14676
14677,14677,row14677
14678,14678,row14678
14679,14679,row14679
14680,14680,row14680
14681,14681,row14681
14682,14682,row14682
14683,14683,row14683
14684,14684,row14684
14685,14685,row14685
14686,14686,row14686
14687,14687,row14687
14688,14688,row14688
14689,14689,row14689
14690,14690,row14690
14691,14691,row14691
14692,14692,row14692
14693,14693,row14693
14694,14694,row14694
14695,14695,row14695
14696,14696,row14696
14697,14697,row14697
14698,14698,row14698
14699,14699,row14699
14700,14700,row14700
14701,14701,row14701
14702,14702,row14702
14703,14703,row14703
14704,14704,row14704
14705,14705,row14705
14706,14706,row14706
14707,14707,row14707
14708,14708,row14708
14709,14709,row14709
14710,14710,row14710
14711,14711,row14711
14712,14712,row14712
14713,14713,row14713
14714,14714,row14714
14715,14715,row14715
14716,14716,row14716
14717,14717,row14717
14718,14718,row14718
14719,14719,row14719
14720,14720,row14720
14721,14721,row14721
14722,14722,row14722
14723,14723,row14723
14724,14724,row14724
14725,14725,row14725
14726,14726,row14726
14727,14727,row14727
14728,14728,row14728
14729,14729,row14729
14730,14730,row14730
14731,14731,row14731
14732,14732,row14732
14733,14733,row14733
14734,14734,row14734
14735,14735,row14735
14736,14736,row14736
14737,14737,row14737
14738,14738,row14738
14739,14739,row14739
14740,14740,row14740
14741,14741,row14741
14742,14742,row14742
14743,14743,row14743
14744,14744,row14744
14745,14745,row14745
14746,14746,row14746
14747,14747,row14747
14748,14748,row14748
14749,14749,row14749
14750,14750,row14750
14751,14751,row14751
14752,14752,row14752
14753,14753,row14753
14754,14754,row14754
14755,14755,row14755
14756,14756,row14756
14757,14757,row14757
14758,14758,row14758
14759,14759,row14759
14760,14760,row14760
14761,14761,row14761
14762,14762,row14762
14763,14763,row14763
14764,14764,row14764
14765,14765,row14765
14766,14766,row14766
14767,14767,row14767
14768,14768,row14768
14769,14769,row14769
14770,14770,row14770
14771,14771,row14771
14772,14772,row14772
14773,14773,row14773
14774,14774,row14774
14775,14775,row14775
14776,14776,row14776
14777,14777,row14777
14778,14778,row14778
14779,14779,row14779
14780,14780,row14780
14781,14781,row14781
14782,14782,row14782
14783,14783,row14783
14784,14784,row14784
14785,14785,row14785
14786,14786,row14786
14787,14787,row14787
14788,14788,row14788
14789,14789,row14789
14790,14790,row14790
14791,14791,row14791
14792,14792,row14792
14793,14793,row14793
14794,14794,row14794
14795,14795,row14795
14796,14796,row14796
14797,14797,row14797
14798,14798,row14798
14799,14799,row14799
14800,14800,row14800
14801,14801,row14801
14802,14802,row14802
14803,14803,row14803
14804,14804,row14804
14805,14805,row14805
14806,14806,row14806
14807,14807,row14807
14808,14808,row14808
14809,14809,row14809
14810,14810,row14810
14811,14811,row14811
14812,14812,row14812
14813,14813,row14813
14814,14814,row14814
14815,14815,row14815
14816,14816,row14816
14817,14817,row14817
14818,14818,row14818
14819,14819,row14819
14820,14820,row14820
14821,14821,row14821
14822,14822,row14822
14823,14823,row14823
14824,14824,row14824
14825,14825,row14825
14826,14826,row14826
14827,14827,row14827
14828,14828,row14828
14829,14829,row14829
14830,14830,row14830
14831,14831,row14831
14832,14832,row14832
14833,14833,row14833
14834,14834,row14834
14835,14835,row14835
14836,14836,row14836
14837,14837,row14837
14838,14838,row14838
14839,14839,row14839
14840,14840,row14840
14841,14841,row14841
14842,14842,row14842
14843,14843,row14843
14844,14844,row14844
14845,14845,row14845
14846,14846,row14846
14847,14847,row14847
14848,14848,row14848
14849,14849,row14849
14850,14850,row14850
14851,14851,row14851
14852,14852,row14852
14853,14853,row14853
14854,14854,row14854
14855,14855,row14855
14856,14856,row14856
14857,14857,row14857
14858,14858,row14858
14859,14859,row14859
14860,14860,row14860
14861,14861,row14861
14862,14862,row14862
14863,14863,row14863
14864,14864,row14864
14865,14865,row14865
14866,14866,row14866
14867,14867,row14867
14868,14868,row14868
14869,14869,row14869
14870,14870,row14870
14871,14871,row14871
14872,14872,row14872
14873,14873,row14873
14874,14874,row14874
14875,14875,row14875
14876,14876,row14876
14877,14877,row14877
14878,14878,row14878
14879,14879,row14879
14880,14880,row14880
14881,14881,row14881
14882,14882,row14882
14883,14883,row14883
14884,14884,row14884
14885,14885,row14885
14886,14886,row14886
14887,14887,row14887
14888,14888,row14888
14889,14889,row14889
14890,14890,row14890
14891,14891,row14891
14892,14892,row14892
14893,14893,row14893
14894,14894,row14894
14895,14895,row14895
14896,14896,row14896
14897,14897,row14897
14898,14898,row14898
14899,14899,row14899
14900,14900,row14900
14901,14901,row14901
14902,14902,row14902
14903,14903,row14903
14904,14904,row14904
14905,14905,row14905
14906,14906,row14906
14907,14907,row14907
14908,14908,row14908
14909,14909,row14909
14910,14910,row14910
14911,14911,row14911
14912,14912,row14912
14913,14913,row14913
14914,14914,row14914
14915,14915,row14915
14916,14916,row14916
14917,14917,row14917
14918,14918,row14918
14919,14919,row14919
14920,14920,row14920
14921,14921,row14921
14922,14922,row14922
14923,14923,row14923
14924,14924,row14924
14925,14925,row14925
14926,14926,row14926
14927,14927,row14927
14928,14928,row14928
14929,14929,row14929
14930,14930,row14930
14931,14931,row14931
14932,14932,row14932
14933,14933,row14933
14934,14934,row14934
14935,14935,row14935
14936,14936,row14936
14937,14937,row14937
14938,14938,row14938
14939,14939,row14939
14940,14940,row14940
14941,14941,row14941
14942,14942,row14942
14943,14943,row14943
14944,14944,row14944
14945,14945,row14945
14946,14946,row14946
14947,14947,row14947
14948,14948,row14948
14949,14949,row14949
14950,14950,row14950
14951,14951,row14951
14952,14952,row14952
14953,14953,row14953
14954,14954,row14954
14955,14955,row14955
14956,14956,row14956
14957,14957,row14957
14958,14958,row14958
14959,14959,row14959
14960,14960,row14960
14961,14961,row14961
14962,14962,row14962
14963,14963,row14963
14964,14964,row14964
14965,14965,row14965
14966,14966,row14966
14967,14967,row14967
14968,14968,row14968
14969,14969,row14969
14970,14970,row14970
14971,14971,row14971
14972,14972,row14972
14973,14973,row14973
14974,14974,row14974
14975,14975,row14975
14976,14976,row14976
14977,14977,row14977
14978,14978,row14978
14979,14979,row14979
14980,14980,row14980
14981,14981,row14981
14982,14982,row14982
14983,14983,row14983
14984,14984,row14984
14985,14985,row14985
14986,14986,row14986
14987,14987,row14987
14988,14988,row14988
14989,14989,row14989
14990,14990,row14990
14991,14991,row14991
14992,14992,row14992
14993,14993,row14993
14994,14994,row14994
14995,14995,row14995
14996,14996,row14996
14997,14997,row14997
14998,14998,row14998
14999,14999,row14999
15000,15000,row15000
15001,15001,row15001
15002,15002,row15002
15003,15003,row15003
15004,15004,row15004
15005,15005,row15005
15006,15006,row15006
15007,15007,row15007
15008,15008,row15008
15009,15009,row15009
15010,15010,row15010
15011,15011,row15011
15012,15012,row15012
15013,15013,row15013
15014,15014,row15014
15015,15015,row15015
15016,15016,row15016
15017,15017,row15017
15018,15018,row15018
15019,15019,row15019
15020,15020,row15020
15021,15021,row15021
15022,15022,row15022
15023,15023,row15023
15024,15024,row15024
15025,15025,row15025
15026,15026,row15026
15027,15027,row15027
15028,15028,row15028
15029,15029,row15029
15030,15030,row15030
15031,15031,row15031
15032,15032,row15032
15033,15033,row15033
15034,15034,row15034
15035,15035,row15035
15036,15036,row15036
15037,15037,row15037
15038,15038,row15038
15039,15039,row15039
15040,15040,row15040
15041,15041,row15041
15042,15042,row15042
15043,15043,row15043
15044,15044,row15044
15045,15045,row15045
15046,15046,row15046
15047,15047,row15047
15048,15048,row15048
15049,15049,row15049
15050,15050,row15050
15051,15051,row15051
15052,15052,row15052
15053,15053,row15053
15054,15054,row15054
15055,15055,row15055
15056,15056,row15056
15057,15057,row15057
15058,15058,row15058
15059,15059,row15059
15060,15060,row15060
15061,15061,row15061
15062,15062,row15062
15063,15063,row15063
15064,15064,row15064
15065,15065,row15065
15066,15066,row15066
15067,15067,row15067
15068,15068,row15068
15069,15069,row15069
15070,15070,row15070
15071,15071,row15071
15072,15072,row15072
15073,15073,row15073
15074,15074,row15074
15075,15075,row15075
15076,15076,row15076
15077,15077,row15077
15078,15078,row15078
15079,15079,row15079
15080,15080,row15080
15081,15081,row15081
15082,15082,row15082
15083,15083,row15083
15084,15084,row15084
15085,15085,row15085
15086,15086,row15086
15087,15087,row15087
15088,15088,row15088
15089,15089,row15089
15090,15090,row15090
15091,15091,row15091
15092,15092,row15092
15093,15093,row15093
15094,15094,row15094
15095,15095,row15095
15096,15096,row15096
15097,15097,row15097
15098,15098,row15098
15099,15099,row15099
15100,15100,row15100
15101,15101,row15101
15102,15102,row15102
15103,15103,row15103
15104,15104,row15104
15105,15105,row15105
15106,15106,row15106
15107,15107,row15107
15108,15108,row15108
15109,15109,row15109
15110,15110,row15110
15111,15111,row15111
15112,15112,row15112
15113,15113,row15113
15114,15114,row15114
15115,15115,row15115
15116,15116,row15116
15117,15117,row15117
15118,15118,row15118
15119,15119,row15119
15120,15120,row15120
15121,15121,row15121
15122,15122,row15122
15123,15123,row15123
15124,15124,row15124
15125,15125,row15125
15126,15126,row15126
15127,15127,row15127
15128,15128,row15128
15129,15129,row15129
15130,15130,row15130
15131,15131,row15131
15132,15132,row15132
15133,15133,row15133
15134,15134,row15134
15135,15135,row15135
15136,15136,row15136
15137,15137,row15137
15138,15138,row15138
15139,15139,row15139
15140,15140,row15140
15141,15141,row15141
15142,15142,row15142
15143,15143,row15143
15144,15144,row15144
15145,15145,row15145
15146,15146,row15146
15147,15147,row15147
15148,15148,row15148
15149,15149,row15149
15150,15150,row15150
15151,15151,row15151
15152,15152,row15152
15153,15153,row15153
15154,15154,row15154
15155,15155,row15155
15156,15156,row15156
15157,15157,row15157
15158,15158,row15158
15159,15159,row15159
15160,15160,row15160
15161,15161,row15161
15162,15162,row15162
15163,15163,row15163
15164,15164,row15164
15165,15165,row15165
15166,15166,row15166
15167,15167,row15167
15168,15168,row15168
15169,15169,row15169
15170,15170,row15170
15171,15171,row15171
15172,15172,row15172
15173,15173,row15173
15174,15174,row15174
15175,15175,row15175
15176,15176,row15176
15177,15177,row15177
15178,15178,row15178
15179,15179,row15179
15180,15180,row15180
15181,15181,row15181
15182,15182,row15182
15183,15183,row15183
15184,15184,row15184
15185,15185,row15185
15186,15186,row15186
15187,15187,row15187
15188,15188,row15188
15189,15189,row15189
15190,15190,row15190
15191,15191,row15191
15192,15192,row15192
15193,15193,row15193
15194,15194,row15194
15195,15195,row15195
15196,15196,row15196
15197,15197,row15197
15198,15198,row15198
15199,15199,row15199
15200,15200,row15200
15201,15201,row15201
15202,15202,row15202
15203,15203,row15203
15204,15204,row15204
15205,15205,row15205
15206,15206,row15206
15207,15207,row15207
15208,15208,row15208
15209,15209,row15209
15210,15210,row15210
15211,15211,row15211
15212,15212,row15212
15213,15213,row15213
15214,15214,row15214
15215,15215,row15215
15216,15216,row15216
15217,15217,row15217
15218,15218,row15218
15219,15219,row15219
15220,15220,row15220
15221,15221,row15221
15222,15222,row15222
15223,15223,row15223
15224,15224,row15224
15225,15225,row15225
15226,15226,row15226
15227,15227,row15227
15228,15228,row15228
15229,15229,row15229
15230,15230,row15230
15231,15231,row15231
15232,15232,row15232
15233,15233,row15233
15234,15234,row15234
15235,15235,row15235
15236,15236,row15236
15237,15237,row15237
15238,15238,row15238
15239,15239,row15239
15240,15240,row15240
15241,15241,row15241
15242,15242,row15242
15243,15243,row15243
15244,15244,row15244
15245,15245,row15245
15246,15246,row15246
15247,15247,row15247
15248,15248,row15248
15249,15249,row15249
15250,15250,row15250
15251,15251,row15251
15252,15252,row15252
15253,15253,row15253
15254,15254,row15254
15255,15255,row15255
15256,15256,row15256
15257,15257,row15257
15258,15258,row15258
15259,15259,row15259
15260,15260,row15260
15261,15261,row15261
15262,15262,row15262
15263,15263,row15263
15264,15264,row15264
15265,15265,row15265
15266,15266,row15266
15267,15267,row15267
15268,15268,row15268
15269,15269,row15269
15270,15270,row15270
15271,15271,row15271
15272,15272,row15272
15273,15273,row15273
15274,15274,row15274
15275,15275,row15275
15276,15276,row15276
15277,15277,row15277
15278,15278,row15278
15279,15279,row15279
15280,15280,row15280
15281,15281,row15281
15282,15282,row15282
15283,15283,row15283
15284,15284,row15284
15285,15285,row15285
15286,15286,row15286
15287,15287,row15287
15288,15288,row15288
15289,15289,row15289
15290,15290,row15290
15291,15291,row15291
15292,15292,row15292
15293,15293,row15293
15294,15294,row15294
15295,15295,row15295
15296,15296,row15296
15297,15297,row15297
15298,15298,row15298
15299,15299,row15299
15300,15300,row15300
15301,15301,row15301
15302,15302,row15302
15303,15303,row15303
15304,15304,row15304
15305,15305,row15305
15306,15306,row15306
15307,15307,row15307
15308,15308,row15308
15309,15309,row15309
15310,15310,row15310
15311,15311,row15311
15312,15312,row15312
15313,15313,row15313
15314,15314,row15314
15315,15315,row15315
15316,15316,row15316
15317,15317,row15317
15318,15318,row15318
15319,15319,row15319
15320,15320,row15320
15321,15321,row15321
15322,15322,row15322
15323,15323,row15323
15324,15324,row15324
15325,15325,row15325
15326,15326,row15326
15327,15327,row15327
15328,15328,row15328
15329,15329,row15329
15330,15330,row15330
15331,15331,row15331
15332,15332,row15332
15333,15333,row15333
15334,15334,row15334
15335,15335,row15335
15336,15336,row15336
15337,15337,row15337
15338,15338,row15338
15339,15339,row15339
15340,15340,row15340
15341,15341,row15341
15342,15342,row15342
15343,15343,row15343
15344,15344,row15344
15345,15345,row15345
15346,15346,row15346
15347,15347,row15347
15348,15348,row15348
15349,15349,row15349
15350,15350,row15350
15351,15351,row15351
15352,15352,row15352
15353,15353,row15353
15354,15354,row15354
15355,15355,row15355
15356,15356,row15356
15357,15357,row15357
15358,15358,row15358
15359,15359,row15359
15360,15360,row15360
15361,15361,row15361
15362,15362,row15362
15363,15363,row15363
15364,15364,row15364
15365,15365,row15365
15366,15366,row15366
15367,15367,row15367
15368,15368,row15368
15369,15369,row15369
15370,15370,row15370
15371,15371,row15371
15372,15372,row15372
15373,15373,row15373
15374,15374,row15374
15375,15375,row15375
15376,15376,row15376
15377,15377,row15377
15378,15378,row15378
15379,15379,row15379
15380,15380,row15380
15381,15381,row15381
15382,15382,row15382
15383,15383,row15383
15384,15384,row15384
15385,15385,row15385
15386,15386,row15386
15387,15387,row15387
15388,15388,row15388
15389,15389,row15389
15390,15390,row15390
15391,15391,row15391
15392,15392,row15392
15393,15393,row15393
15394,15394,row15394
15395,15395,row15395
15396,15396,row15396
15397,15397,row15397
15398,15398,row15398
15399,15399,row15399
15400,15400,row15400
15401,15401,row15401
15402,15402,row15402
15403,15403,row15403
15404,15404,row15404
15405,15405,row15405
15406,15406,row15406
15407,15407,row15407
15408,15408,row15408
15409,15409,row15409
15410,15410,row15410
15411,15411,row15411
15412,15412,row15412
15413,15413,row15413
15414,15414,row15414
15415,15415,row15415
15416,15416,row15416
15417,15417,row15417
15418,15418,row15418
15419,15419,row15419
15420,15420,row15420
15421,15421,row15421
15422,15422,row15422
15423,15423,row15423
15424,15424,row15424
15425,15425,row15425
15426,15426,row15426
15427,15427,row15427
15428,15428,row15428
15429,15429,row15429
15430,15430,row15430
15431,15431,row15431
15432,15432,row15432
15433,15433,row15433
15434,15434,row15434
15435,15435,row15435
15436,15436,row15436
15437,15437,row15437
15438,15438,row15438
15439,15439,row15439
15440,15440,row15440
15441,15441,row15441
15442,15442,row15442
15443,15443,row15443
15444,15444,row15444
15445,15445,row15445
15446,15446,row15446
15447,15447,row15447
15448,15448,row15448
15449,15449,row15449
15450,15450,row15450
15451,15451,row15451
15452,15452,row15452
15453,15453,row15453
15454,15454,row15454
15455,15455,row15455
15456,15456,row15456
15457,15457,row15457
15458,15458,row15458
15459,15459,row15459
15460,15460,row15460
15461,15461,row15461
15462,15462,row15462
15463,15463,row15463
15464,15464,row15464
15465,15465,row15465
15466,15466,row15466
15467,15467,row15467
15468,15468,row15468
15469,15469,row15469
15470,15470,row15470
15471,15471,row15471
15472,15472,row15472
15473,15473,row15473
15474,15474,row15474
15475,15475,row15475
15476,15476,row15476
15477,15477,row15477
15478,15478,row15478
15479,15479,row15479
15480,15480,row15480
15481,15481,row15481
15482,15482,row15482
15483,15483,row15483
15484,15484,row15484
15485,15485,row15485
15486,15486,row15486
15487,15487,row15487
15488,15488,row15488
15489,15489,row15489
15490,15490,row15490
15491,15491,row15491
15492,15492,row15492
15493,15493,row15493
15494,15494,row15494
15495,15495,row15495
15496,15496,row15496
15497,15497,row15497
15498,15498,row15498
15499,15499,row15499
15500,15500,row15500
15501,15501,row15501
15502,15502,row15502
15503,15503,row15503
15504,15504,row15504
15505,15505,row15505
15506,15506,row15506
15507,15507,row15507
15508,15508,row15508
15509,15509,row15509
15510,15510,row15510
15511,15511,row15511
15512,15512,row15512
15513,15513,row15513
15514,15514,row15514
15515,15515,row15515
15516,15516,row15516
15517,15517,row15517
15518,15518,row15518
15519,15519,row15519
15520,15520,row15520
15521,15521,row15521
15522,15522,row15522
15523,15523,row15523
15524,15524,row15524
15525,15525,row15525
15526,15526,row15526
15527,15527,row15527
15528,15528,row15528
15529,15529,row15529
15530,15530,row15530
15531,15531,row15531
15532,15532,row15532
15533,15533,row15533
15534,15534,row15534
15535,15535,row15535
15536,15536,row15536
15537,15537,row15537
15538,15538,row15538
15539,15539,row15539
15540,15540,row15540
15541,15541,row15541
15542,15542,row15542
15543,15543,row15543
15544,15544,row15544
15545,15545,row15545
15546,15546,row15546
15547,15547,row15547
15548,15548,row15548
15549,15549,row15549
15550,15550,row15550
15551,15551,row15551
15552,15552,row15552
15553,15553,row15553
15554,15554,row15554
15555,15555,row15555
15556,15556,row15556
15557,15557,row15557
15558,15558,row15558
15559,15559,row15559
15560,15560,row15560
15561,15561,row15561
15562,15562,row15562
15563,15563,row15563
15564,15564,row15564
15565,15565,row15565
15566,15566,row15566
15567,15567,row15567
15568,15568,row15568
15569,15569,row15569
15570,15570,row15570
15571,15571,row15571
15572,15572,row15572
15573,15573,row15573
15574,15574,row15574
15575,15575,row15575
15576,15576,row15576
15577,15577,row15577
15578,15578,row15578
15579,15579,row15579
15580,15580,row15580
15581,15581,row15581
15582,15582,row15582
15583,15583,row15583
15584,15584,row15584
15585,15585,row15585
15586,15586,row15586
15587,15587,row15587
15588,15588,row15588
15589,15589,row15589
15590,15590,row15590
15591,15591,row15591
15592,15592,row15592
15593,15593,row15593
15594,15594,row15594
15595,15595,row15595
15596,15596,row15596
15597,15597,row15597
15598,15598,row15598
15599,15599,row15599
15600,15600,row15600
15601,15601,row15601
15602,15602,row15602
15603,15603,row15603
15604,15604,row15604
15605,15605,row15605
15606,15606,row15606
15607,15607,row15607
15608,15608,row15608
15609,15609,row15609
15610,15610,row15610
15611,15611,row15611
15612,15612,row15612
15613,15613,row15613
15614,15614,row15614
15615,15615,row15615
15616,15616,row15616
15617,15617,row15617
15618,15618,row15618
15619,15619,row15619
15620,15620,row15620
15621,15621,row15621
15622,15622,row15622
15623,15623,row15623
15624,15624,row15624
15625,15625,row15625
15626,15626,row15626
15627,15627,row15627
15628,15628,row15628
15629,15629,row15629
15630,15630,row15630
15631,15631,row15631
15632,15632,row15632
15633,15633,row15633
15634,15634,row15634
15635,15635,row15635
15636,15636,row15636
15637,15637,row15637
15638,15638,row15638
15639,15639,row15639
15640,15640,row15640
15641,15641,row15641
15642,15642,row15642
15643,15643,row15643
15644,15644,row15644
15645,15645,row15645
15646,15646,row15646
15647,15647,row15647
15648,15648,row15648
15649,15649,row15649
15650,15650,row15650
15651,15651,row15651
15652,15652,row15652
15653,15653,row15653
15654,15654,row15654
15655,15655,row15655
15656,15656,row15656
15657,15657,row15657
15658,15658,row15658
15659,15659,row15659
15660,15660,row15660
15661,15661,row15661
15662,15662,row15662
15663,15663,row15663
15664,15664,row15664
15665,15665,row15665
15666,15666,row15666
15667,15667,row15667
15668,15668,row15668
15669,15669,row15669
15670,15670,row15670
15671,15671,row15671
15672,15672,row15672
15673,15673,row15673
15674,15674,row15674
15675,15675,row15675
15676,15676,row15676
15677,15677,row15677
15678,15678,row15678
15679,15679,row15679
15680,15680,row15680
15681,15681,row15681
15682,15682,row15682
15683,15683,row15683
15684,15684,row15684
15685,15685,row15685
15686,15686,row15686
15687,15687,row15687
15688,15688,row15688
15689,15689,row15689
15690,15690,row15690
15691,15691,row15691
15692,15692,row15692
15693,15693,row15693
15694,15694,row15694
15695,15695,row15695
15696,15696,row15696
15697,15697,row15697
15698,15698,row15698
15699,15699,row15699
15700,15700,row15700
15701,15701,row15701
15702,15702,row15702
15703,15703,row15703
15704,15704,row15704
15705,15705,row15705
15706,15706,row15706
15707,15707,row15707
15708,15708,row15708
15709,15709,row15709
15710,15710,row15710
15711,15711,row15711
15712,15712,row15712
15713,15713,row15713
15714,15714,row15714
15715,15715,row15715
15716,15716,row15716
15717,15717,row15717
15718,15718,row15718
15719,15719,row15719
15720,15720,row15720
15721,15721,row15721
15722,15722,row15722
15723,15723,row15723
15724,15724,row15724
15725,15725,row15725
15726,15726,row15726
15727,15727,row15727
15728,15728,row15728
15729,15729,row15729
15730,15730,row15730
15731,15731,row15731
15732,15732,row15732
15733,15733,row15733
15734,15734,row15734
15735,15735,row15735
15736,15736,row15736
15737,15737,row15737
15738,15738,row15738
15739,15739,row15739
15740,15740,row15740
15741,15741,row15741
15742,15742,row15742
15743,15743,row15743
15744,15744,row15744
15745,15745,row15745
15746,15746,row15746
15747,15747,row15747
15748,15748,row15748
15749,15749,row15749
15750,15750,row15750
15751,15751,row15751
15752,15752,row15752
15753,15753,row15753
15754,15754,row15754
15755,15755,row15755
15756,15756,row15756
15757,15757,row15757
15758,15758,row15758
15759,15759,row15759
15760,15760,row15760
15761,15761,row15761
15762,15762,row15762
15763,15763,row15763
15764,15764,row15764
15765,15765,row15765
15766,15766,row15766
15767,15767,row15767
15768,15768,row15768
15769,15769,row15769
15770,15770,row15770
15771,15771,row15771
15772,15772,row15772
15773,15773,row15773
15774,15774,row15774
15775,15775,row15775
15776,15776,row15776
15777,15777,row15777
15778,15778,row15778
15779,15779,row15779
15780,15780,row15780
15781,15781,row15781
15782,15782,row15782
15783,15783,row15783
15784,15784,row15784
15785,15785,row15785
15786,15786,row15786
15787,15787,row15787
15788,15788,row15788
15789,15789,row15789
15790,15790,row15790
15791,15791,row15791
15792,15792,row15792
15793,15793,row15793
15794,15794,row15794
15795,15795,row15795
15796,15796,row15796
15797,15797,row15797
15798,15798,row15798
15799,15799,row15799
15800,15800,row15800
15801,15801,row15801
15802,15802,row15802
15803,15803,row15803
15804,15804,row15804
15805,15805,row15805
15806,15806,row15806
15807,15807,row15807
15808,15808,row15808
15809,15809,row15809
15810,15810,row15810
15811,15811,row15811
15812,15812,row15812
15813,15813,row15813
15814,15814,row15814
15815,15815,row15815
15816,15816,row15816
15817,15817,row15817
15818,15818,row15818
15819,15819,row15819
15820,15820,row15820
15821,15821,row15821
15822,15822,row15822
15823,15823,row15823
15824,15824,row15824
15825,15825,row15825
15826,15826,row15826
15827,15827,row15827
15828,15828,row15828
15829,15829,row15829
15830,15830,row15830
15831,15831,row15831
15832,15832,row15832
15833,15833,row15833
15834,15834,row15834
15835,15835,row15835
15836,15836,row15836
15837,15837,row15837
15838,15838,row15838
15839,15839,row15839
15840,15840,row15840
15841,15841,row15841
15842,15842,row15842
15843,15843,row15843
15844,15844,row15844
15845,15845,row15845
15846,15846,row15846
15847,15847,row15847
15848,15848,row15848
15849,15849,row15849
15850,15850,row15850
15851,15851,row15851
15852,15852,row15852
15853,15853,row15853
15854,15854,row15854
15855,15855,row15855
15856,15856,row15856
15857,15857,row15857
15858,15858,row15858
15859,15859,row15859
15860,15860,row15860
15861,15861,row15861
15862,15862,row15862
15863,15863,row15863
15864,15864,row15864
15865,15865,row15865
15866,15866,row15866
15867,15867,row15867
15868,15868,row15868
15869,15869,row15869
15870,15870,row15870
15871,15871,row15871
15872,15872,row15872
15873,15873,row15873
15874,15874,row15874
15875,15875,row15875
15876,15876,row15876
15877,15877,row15877
15878,15878,row15878
15879,15879,row15879
15880,15880,row15880
15881,15881,row15881
15882,15882,row15882
15883,15883,row15883
15884,15884,row15884
15885,15885,row15885
15886,15886,row15886
15887,15887,row15887
15888,15888,row15888
15889,15889,row15889
15890,15890,row15890
15891,15891,row15891
15892,15892,row15892
15893,15893,row15893
15894,15894,row15894
15895,15895,row15895
15896,15896,row15896
15897,15897,row15897
15898,15898,row15898
15899,15899,row15899
15900,15900,row15900
15901,15901,row15901
15902,15902,row15902
15903,15903,row15903
15904,15904,row15904
15905,15905,row15905
15906,15906,row15906
15907,15907,row15907
15908,15908,row15908
15909,15909,row15909
15910,15910,row15910
15911,15911,row15911
15912,15912,row15912
15913,15913,row15913
15914,15914,row15914
15915,15915,row15915
15916,15916,row15916
15917,15917,row15917
15918,15918,row15918
15919,15919,row15919
15920,15920,row15920
15921,15921,row15921
15922,15922,row15922
15923,15923,row15923
15924,15924,row15924
15925,15925,row15925
15926,15926,row15926
15927,15927,row15927
15928,15928,row15928
15929,15929,row15929
15930,15930,row15930
15931,15931,row15931
15932,15932,row15932
15933,15933,row15933
15934,15934,row15934
15935,15935,row15935
15936,15936,row15936
15937,15937,row15937
15938,15938,row15938
15939,15939,row15939
15940,15940,row15940
15941,15941,row15941
15942,15942,row15942
15943,15943,row15943
15944,15944,row15944
15945,15945,row15945
15946,15946,row15946
15947,15947,row15947
15948,15948,row15948
15949,15949,row15949
15950,15950,row15950
15951,15951,row15951
15952,15952,row15952
15953,15953,row15953
15954,15954,row15954
15955,15955,row15955
15956,15956,row15956
15957,15957,row15957
15958,15958,row15958
15959,15959,row15959
15960,15960,row15960
15961,15961,row15961
15962,15962,row15962
15963,15963,row15963
15964,15964,row15964
15965,15965,row15965
15966,15966,row15966
15967,15967,row15967
15968,15968,row15968
15969,15969,row15969
15970,15970,row15970
15971,15971,row15971
15972,15972,row15972
15973,15973,row15973
15974,15974,row15974
15975,15975,row15975
15976,15976,row15976
15977,15977,row15977
15978,15978,row15978
15979,15979,row15979
15980,15980,row15980
15981,15981,row15981
15982,15982,row15982
15983,15983,row15983
15984,15984,row15984
15985,15985,row15985
15986,15986,row15986
15987,15987,row15987
15988,15988,row15988
15989,15989,row15989
15990,15990,row15990
15991,15991,row15991
15992,15992,row15992
15993,15993,row15993
15994,15994,row15994
15995,15995,row15995
15996,15996,row15996
15997,15997,row15997
15998,15998,row15998
15999,15999,row15999
16000,16000,row16000
16001,16001,row16001
16002,16002,row16002
16003,16003,row16003
16004,16004,row16004
16005,16005,row16005
16006,16006,row16006
16007,16007,row16007
16008,16008,row16008
16009,16009,row16009
16010,16010,row16010
16011,16011,row16011
16012,16012,row16012
16013,16013,row16013
16014,16014,row16014
16015,16015,row16015
16016,16016,row16016
16017,16017,row16017
16018,16018,row16018
16019,16019,row16019
16020,16020,row16020
16021,16021,row16021
16022,16022,row16022
16023,16023,row16023
16024,16024,row16024
16025,16025,row16025
16026,16026,row16026
16027,16027,row16027
16028,16028,row16028
16029,16029,row16029
16030,16030,row16030
16031,16031,row16031
16032,16032,row16032
16033,16033,row16033
16034,16034,row16034
16035,16035,row16035
16036,16036,row16036
16037,16037,row16037
16038,16038,row16038
16039,16039,row16039
16040,16040,row16040
16041,16041,row16041
16042,16042,row16042
16043,16043,row16043
16044,16044,row16044
16045,16045,row16045
16046,16046,row16046
16047,16047,row16047
16048,16048,row16048
16049,16049,row16049
16050,16050,row16050
16051,16051,row16051
16052,16052,row16052
16053,16053,row16053
16054,16054,row16054
16055,16055,row16055
16056,16056,row16056
16057,16057,row16057
16058,16058,row16058
16059,16059,row16059
16060,16060,row16060
16061,16061,row16061
16062,16062,row16062
16063,16063,row16063
16064,16064,row16064
16065,16065,row16065
16066,16066,row16066
16067,16067,row16067
16068,16068,row16068
16069,16069,row16069
16070,16070,row16070
16071,16071,row16071
16072,16072,row16072
16073,16073,row16073
16074,16074,row16074
16075,16075,row16075
16076,16076,row16076
16077,16077,row16077
16078,16078,row16078
16079,16079,row16079
16080,16080,row16080
16081,16081,row16081
16082,16082,row16082
16083,16083,row16083
16084,16084,row16084
16085,16085,row16085
16086,16086,row16086
16087,16087,row16087
16088,16088,row16088
16089,16089,row16089
16090,16090,row16090
16091,16091,row16091
16092,16092,row16092
16093,16093,row16093
16094,16094,row16094
16095,16095,row16095
16096,16096,row16096
16097,16097,row16097
16098,16098,row16098
16099,16099,row16099
16100,16100,row16100
16101,16101,row16101
16102,16102,row16102
16103,16103,row16103
16104,16104,row16104
16105,16105,row16105
16106,16106,row16106
16107,16107,row16107
16108,16108,row16108
16109,16109,row16109
16110,16110,row16110
16111,16111,row16111
16112,16112,row16112
16113,16113,row16113
16114,16114,row16114
16115,16115,row16115
16116,16116,row16116
16117,16117,row16117
16118,16118,row16118
16119,16119,row16119
16120,16120,row16120
16121,16121,row16121
16122,16122,row16122
16123,16123,row16123
16124,16124,row16124
16125,16125,row16125
16126,16126,row16126
16127,16127,row16127
16128,16128,row16128
16129,16129,row16129
16130,16130,row16130
16131,16131,row16131
16132,16132,row16132
16133,16133,row16133
16134,16134,row16134
16135,16135,row16135
16136,16136,row16136
16137,16137,row16137
16138,16138,row16138
16139,16139,row16139
16140,16140,row16140
16141,16141,row16141
16142,16142,row16142
16143,16143,row16143
16144,16144,row16144
16145,16145,row16145
16146,16146,row16146
16147,16147,row16147
16148,16148,row16148
16149,16149,row16149
16150,16150,row16150
16151,16151,row16151
16152,16152,row16152
16153,16153,row16153
16154,16154,row16154
16155,16155,row16155
16156,16156,row16156
16157,16157,row16157
16158,16158,row16158
16159,16159,row16159
16160,16160,row16160
16161,16161,row16161
16162,16162,row16162
16163,16163,row16163
16164,16164,row16164
16165,16165,row16165
16166,16166,row16166
16167,16167,row16167
16168,16168,row16168
16169,16169,row16169
16170,16170,row16170
16171,16171,row16171
16172,16172,row16172
16173,16173,row16173
16174,16174,row16174
16175,16175,row16175
16176,16176,row16176
16177,16177,row16177
16178,16178,row16178
16179,16179,row16179
16180,16180,row16180
16181,16181,row16181
16182,16182,row16182
16183,16183,row16183
16184,16184,row16184
16185,16185,row16185
16186,16186,row16186
16187,16187,row16187
16188,16188,row16188
16189,16189,row16189
16190,16190,row16190
16191,16191,row16191
16192,16192,row16192
16193,16193,row16193
16194,16194,row16194
16195,16195,row16195
16196,16196,row16196
16197,16197,row16197
16198,16198,row16198
16199,16199,row16199
16200,16200,row16200
16201,16201,row16201
16202,16202,row16202
16203,16203,row16203
16204,16204,row16204
16205,16205,row16205
16206,16206,row16206
16207,16207,row16207
16208,16208,row16208
16209,16209,row16209
16210,16210,row16210
16211,16211,row16211
16212,16212,row16212
16213,16213,row16213
16214,16214,row16214
16215,16215,row16215
16216,16216,row16216
16217,16217,row16217
16218,16218,row16218
16219,16219,row16219
16220,16220,row16220
16221,16221,row16221
16222,16222,row16222
16223,16223,row16223
16224,16224,row16224
16225,16225,row16225
16226,16226,row16226
16227,16227,row16227
16228,16228,row16228
16229,16229,row16229
16230,16230,row16230
16231,16231,row16231
16232,16232,row16232
16233,16233,row16233
16234,16234,row16234
16235,16235,row16235
16236,16236,row16236
16237,16237,row16237
16238,16238,row16238
16239,16239,row16239
16240,16240,row16240
16241,16241,row16241
16242,16242,row16242
16243,16243,row16243
16244,16244,row16244
16245,16245,row16245
16246,16246,row16246
16247,16247,row16247
16248,16248,row16248
16249,16249,row16249
16250,16250,row16250
16251,16251,row16251
16252,16252,row16252
16253,16253,row16253
16254,16254,row16254
16255,16255,row16255
16256,16256,row16256
16257,16257,row16257
16258,16258,row16258
16259,16259,row16259
16260,16260,row16260
16261,16261,row16261
16262,16262,row16262
16263,16263,row16263
16264,16264,row16264
16265,16265,row16265
16266,16266,row16266
16267,16267,row16267
16268,16268,row16268
16269,16269,row16269
16270,16270,row16270
16271,16271,row16271
16272,16272,row16272
16273,16273,row16273
16274,16274,row16274
16275,16275,row16275
16276,16276,row16276
16277,16277,row16277
16278,16278,row16278
16279,16279,row16279
16280,16280,row16280
16281,16281,row16281
16282,16282,row16282
16283,16283,row16283
16284,16284,row16284
16285,16285,row16285
16286,16286,row16286
16287,16287,row16287
16288,16288,row16288
16289,16289,row16289
16290,16290,row16290
16291,16291,row16291
16292,16292,row16292
16293,16293,row16293
16294,16294,row16294
16295,16295,row16295
16296,16296,row16296
16297,16297,row16297
16298,16298,row16298
16299,16299,row16299
16300,16300,row16300
16301,16301,row16301
16302,16302,row16302
16303,16303,row16303
16304,16304,row16304
16305,16305,row16305
16306,16306,row16306
16307,16307,row16307
16308,16308,row16308
16309,16309,row16309
16310,16310,row16310
16311,16311,row16311
16312,16312,row16312
16313,16313,row16313
16314,16314,row16314
16315,16315,row16315
16316,16316,row16316
16317,16317,row16317
16318,16318,row16318
16319,16319,row16319
16320,16320,row16320
16321,16321,row16321
16322,16322,row16322
16323,16323,row16323
16324,16324,row16324
16325,16325,row16325
16326,16326,row16326
16327,16327,row16327
16328,16328,row16328
16329,16329,row16329
16330,16330,row16330
16331,16331,row16331
16332,16332,row16332
16333,16333,row16333
16334,16334,row16334
16335,16335,row16335
16336,16336,row16336
16337,16337,row16337
16338,16338,row16338
16339,16339,row16339
16340,16340,row16340
16341,16341,row16341
16342,16342,row16342
16343,16343,row16343
16344,16344,row16344
16345,16345,row16345
16346,16346,row16346
16347,16347,row16347
16348,16348,row16348
16349,16349,row16349
16350,16350,row16350
16351,16351,row16351
16352,16352,row16352
16353,16353,row16353
16354,16354,row16354
16355,16355,row16355
16356,16356,row16356
16357,16357,row16357
16358,16358,row16358
16359,16359,row16359
16360,16360,row16360
16361,16361,row16361
16362,16362,row16362
16363,16363,row16363
16364,16364,row16364
16365,16365,row16365
16366,16366,row16366
16367,16367,row16367
16368,16368,row16368
16369,16369,row16369
16370,16370,row16370
16371,16371,row16371
16372,16372,row16372
16373,16373,row16373
16374,16374,row16374
16375,16375,row16375
16376,16376,row16376
16377,16377,row16377
16378,16378,row16378
16379,16379,row16379
16380,16380,row16380
16381,16381,row16381
16382,16382,row16382
16383,16383,row16383
16384,16384,row16384
16385,16385,row16385
16386,16386,row16386
16387,16387,row16387
16388,16388,row16388
16389,16389,row16389
16390,16390,row16390
16391,16391,row16391
16392,16392,row16392
16393,16393,row16393
16394,16394,row16394
16395,16395,row16395
16396,16396,row16396
16397,16397,row16397
16398,16398,row16398
16399,16399,row16399
16400,16400,row16400
16401,16401,row16401
16402,16402,row16402
16403,16403,row16403
16404,16404,row16404
16405,16405,row16405
16406,16406,row16406
16407,16407,row16407
16408,16408,row16408
16409,16409,row16409
16410,16410,row16410
16411,16411,row16411
16412,16412,row16412
16413,16413,row16413
16414,16414,row16414
16415,16415,row16415
16416,16416,row16416
16417,16417,row16417
16418,16418,row16418
16419,16419,row16419
16420,16420,row16420
16421,16421,row16421
16422,16422,row16422
16423,16423,row16423
16424,16424,row16424
16425,16425,row16425
16426,16426,row16426
16427,16427,row16427
16428,16428,row16428
16429,16429,row16429
16430,16430,row16430
16431,16431,row16431
16432,16432,row16432
16433,16433,row16433
16434,16434,row16434
16435,16435,row16435
16436,16436,row16436
16437,16437,row16437
16438,16438,row16438
16439,16439,row16439
16440,16440,row16440
16441,16441,row16441
16442,16442,row16442
16443,16443,row16443
16444,16444,row16444
16445,16445,row16445
16446,16446,row16446
16447,16447,row16447
16448,16448,row16448
16449,16449,row16449
16450,16450,row16450
16451,16451,row16451
16452,16452,row16452
16453,16453,row16453
16454,16454,row16454
16455,16455,row16455
16456,16456,row16456
16457,16457,row16457
16458,16458,row16458
16459,16459,row16459
16460,16460,row16460
16461,16461,row16461
16462,16462,row16462
16463,16463,row16463
16464,16464,row16464
16465,16465,row16465
16466,16466,row16466
16467,16467,row16467
16468,16468,row16468
16469,16469,row16469
16470,16470,row16470
16471,16471,row16471
16472,16472,row16472
16473,16473,row16473
16474,16474,row16474
16475,16475,row16475
16476,16476,row16476
16477,16477,row16477
16478,16478,row16478
16479,16479,row16479
16480,16480,row16480
16481,16481,row16481
16482,16482,row16482
16483,16483,row16483
16484,16484,row16484
16485,16485,row16485
16486,16486,row16486
16487,16487,row16487
16488,16488,row16488
16489,16489,row16489
16490,16490,row16490
16491,16491,row16491
16492,16492,row16492
16493,16493,row16493
16494,16494,row16494
16495,16495,row16495
16496,16496,row16496
16497,16497,row16497
16498,16498,row16498
16499,16499,row16499
16500,16500,row16500
16501,16501,row16501
16502,16502,row16502
16503,16503,row16503
16504,16504,row16504
16505,16505,row16505
16506,16506,row16506
16507,16507,row16507
16508,16508,row16508
16509,16509,row16509
16510,16510,row16510
16511,16511,row16511
16512,16512,row16512
16513,16513,row16513
16514,16514,row16514
16515,16515,row16515
16516,16516,row16516
16517,16517,row16517
16518,16518,row16518
16519,16519,row16519
16520,16520,row16520
16521,16521,row16521
16522,16522,row16522
16523,16523,row16523
16524,16524,row16524
16525,16525,row16525
16526,16526,row16526
16527,16527,row16527
16528,16528,row16528
16529,16529,row16529
16530,16530,row16530
16531,16531,row16531
16532,16532,row16532
16533,16533,row16533
16534,16534,row16534
16535,16535,row16535
16536,16536,row16536
16537,16537,row16537
16538,16538,row16538
16539,16539,row16539
16540,16540,row16540
16541,16541,row16541
16542,16542,row16542
16543,16543,row16543
16544,16544,row16544
16545,16545,row16545
16546,16546,row16546
16547,16547,row16547
16548,16548,row16548
16549,16549,row16549
16550,16550,row16550
16551,16551,row16551
16552,16552,row16552
16553,16553,row16553
16554,16554,row16554
16555,16555,row16555
16556,16556,row16556
16557,16557,row16557
16558,16558,row16558
16559,16559,row16559
16560,16560,row16560
16561,16561,row16561
16562,16562,row16562
16563,16563,row16563
16564,16564,row16564
16565,16565,row16565
16566,16566,row16566
16567,16567,row16567
16568,16568,row16568
16569,16569,row16569
16570,16570,row16570
16571,16571,row16571
16572,16572,row16572
16573,16573,row16573
16574,16574,row16574
16575,16575,row16575
16576,16576,row16576
16577,16577,row16577
16578,16578,row16578
16579,16579,row16579
16580,16580,row16580
16581,16581,row16581
16582,16582,row16582
16583,16583,row16583
16584,16584,row16584
16585,16585,row16585
16586,16586,row16586
16587,16587,row16587
16588,16588,row16588
16589,16589,row16589
16590,16590,row16590
16591,16591,row16591
16592,16592,row16592
16593,16593,row16593
16594,16594,row16594
16595,16595,row16595
16596,16596,row16596
16597,16597,row16597
16598,16598,row16598
16599,16599,row16599
16600,16600,row16600
16601,16601,row16601
16602,16602,row16602
16603,16603,row16603
16604,16604,row16604
16605,16605,row16605
16606,16606,row16606
16607,16607,row16607
16608,16608,row16608
16609,16609,row16609
16610,16610,row16610
16611,16611,row16611
16612,16612,row16612
16613,16613,row16613
16614,16614,row16614
16615,16615,row16615
16616,16616,row16616
16617,16617,row16617
16618,16618,row16618
16619,16619,row16619
16620,16620,row16620
16621,16621,row16621
16622,16622,row16622
16623,16623,row16623
16624,16624,row16624
16625,16625,row16625
16626,16626,row16626
16627,16627,row16627
16628,16628,row16628
16629,16629,row16629
16630,16630,row16630
16631,16631,row16631
16632,16632,row16632
16633,16633,row16633
16634,16634,row16634
16635,16635,row16635
16636,16636,row16636
16637,16637,row16637
16638,16638,row16638
16639,16639,row16639
16640,16640,row16640
16641,16641,row16641
16642,16642,row16642
16643,16643,row16643
16644,16644,row16644
16645,16645,row16645
16646,16646,row16646
16647,16647,row16647
16648,16648,row16648
16649,16649,row16649
16650,16650,row16650
16651,16651,row16651
16652,16652,row16652
16653,16653,row16653
16654,16654,row16654
16655,16655,row16655
16656,16656,row16656
16657,16657,row16657
16658,16658,row16658
16659,16659,row16659
16660,16660,row16660
16661,16661,row16661
16662,16662,row16662
16663,16663,row16663
16664,16664,row16664
16665,16665,row16665
16666,16666,row16666
16667,16667,row16667
16668,16668,row16668
16669,16669,row16669
16670,16670,row16670
16671,16671,row16671
16672,16672,row16672
16673,16673,row16673
16674,16674,row16674
16675,16675,row16675
16676,16676,row16676
16677,16677,row16677
16678,16678,row16678
16679,16679,row16679
16680,16680,row16680
16681,16681,row16681
16682,16682,row16682
16683,16683,row16683
16684,16684,row16684
16685,16685,row16685
16686,16686,row16686
16687,16687,row16687
16688,16688,row16688
16689,16689,row16689
16690,16690,row16690
16691,16691,row16691
16692,16692,row16692
16693,16693,row16693
16694,16694,row16694
16695,16695,row16695
16696,16696,row16696
16697,16697,row16697
16698,16698,row16698
16699,16699,row16699
16700,16700,row16700
16701,16701,row16701
16702,16702,row16702
16703,16703,row16703
16704,16704,row16704
16705,16705,row16705
16706,16706,row16706
16707,16707,row16707
16708,16708,row16708
16709,16709,row16709
16710,16710,row16710
16711,16711,row16711
16712,16712,row16712
16713,16713,row16713
16714,16714,row16714
16715,16715,row16715
16716,16716,row16716
16717,16717,row16717
16718,16718,row16718
16719,16719,row16719
16720,16720,row16720
16721,16721,row16721
16722,16722,row16722
16723,16723,row16723
16724,16724,row16724
16725,16725,row16725
16726,16726,row16726
16727,16727,row16727
16728,16728,row16728
16729,16729,row16729
16730,16730,row16730
16731,16731,row16731
16732,16732,row16732
16733,16733,row16733
16734,16734,row16734
16735,16735,row16735
16736,16736,row16736
16737,16737,row16737
16738,16738,row16738
16739,16739,row16739
16740,16740,row16740
16741,16741,row16741
16742,16742,row16742
16743,16743,row16743
16744,16744,row16744
16745,16745,row16745
16746,16746,row16746
16747,16747,row16747
16748,16748,row16748
16749,16749,row16749
16750,16750,row16750
16751,16751,row16751
16752,16752,row16752
16753,16753,row16753
16754,16754,row16754
16755,16755,row16755
16756,16756,row16756
16757,16757,row16757
16758,16758,row16758
16759,16759,row16759
16760,16760,row16760
16761,16761,row16761
16762,16762,row16762
16763,16763,row16763
16764,16764,row16764
16765,16765,row16765
16766,16766,row16766
16767,16767,row16767
16768,16768,row16768
16769,16769,row16769
16770,16770,row16770
16771,16771,row16771
16772,16772,row16772
16773,16773,row16773
16774,16774,row16774
16775,16775,row16775
16776,16776,row16776
16777,16777,row16777
16778,16778,row16778
16779,16779,row16779
16780,16780,row16780
16781,16781,row16781
16782,16782,row16782
16783,16783,row16783
16784,16784,row16784
16785,16785,row16785
16786,16786,row16786
16787,16787,row16787
16788,16788,row16788
16789,16789,row16789
16790,16790,row16790
16791,16791,row16791
16792,16792,row16792
16793,16793,row16793
16794,16794,row16794
16795,16795,row16795
16796,16796,row16796
16797,16797,row16797
16798,16798,row16798
16799,16799,row16799
16800,16800,row16800
16801,16801,row16801
16802,16802,row16802
16803,16803,row16803
16804,16804,row16804
16805,16805,row16805
16806,16806,row16806
16807,16807,row16807
16808,16808,row16808
16809,16809,row16809
16810,16810,row16810
16811,16811,row16811
16812,16812,row16812
16813,16813,row16813
16814,16814,row16814
16815,16815,row16815
16816,16816,row16816
16817,16817,row16817
16818,16818,row16818
16819,16819,row16819
16820,16820,row16820
16821,16821,row16821
16822,16822,row16822
16823,16823,row16823
16824,16824,row16824
16825,16825,row16825
16826,16826,row16826
16827,16827,row16827
16828,16828,row16828
16829,16829,row16829
16830,16830,row16830
16831,16831,row16831
16832,16832,row16832
16833,16833,row16833
16834,16834,row16834
16835,16835,row16835
16836,16836,row16836
16837,16837,row16837
16838,16838,row16838
16839,16839,row16839
16840,16840,row16840
16841,16841,row16841
16842,16842,row16842
16843,16843,row16843
16844,16844,row16844
16845,16845,row16845
16846,16846,row16846
16847,16847,row16847
16848,16848,row16848
16849,16849,row16849
16850,16850,row16850
16851,16851,row16851
16852,16852,row16852
16853,16853,row16853
16854,16854,row16854
16855,16855,row16855
16856,16856,row16856
16857,16857,row16857
16858,16858,row16858
16859,16859,row16859
16860,16860,row16860
16861,16861,row16861
16862,16862,row16862
16863,16863,row16863
16864,16864,row16864
16865,16865,row16865
16866,16866,row16866
16867,16867,row16867
16868,16868,row16868
16869,16869,row16869
16870,16870,row16870
16871,16871,row16871
16872,16872,row16872
16873,16873,row16873
16874,16874,row16874
16875,16875,row16875
16876,16876,row16876
16877,16877,row16877
16878,16878,row16878
16879,16879,row16879
16880,16880,row16880
16881,16881,row16881
16882,16882,row16882
16883,16883,row16883
16884,16884,row16884
16885,16885,row16885
16886,16886,row16886
16887,16887,row16887
16888,16888,row16888
16889,16889,row16889
16890,16890,row16890
16891,16891,row16891
16892,16892,row16892
16893,16893,row16893
16894,16894,row16894
16895,16895,row16895
16896,16896,row16896
16897,16897,row16897
16898,16898,row16898
16899,16899,row16899
16900,16900,row16900
16901,16901,row16901
16902,16902,row16902
16903,16903,row16903
16904,16904,row16904
16905,16905,row16905
16906,16906,row16906
16907,16907,row16907
16908,16908,row16908
16909,16909,row16909
16910,16910,row16910
16911,16911,row16911
16912,16912,row16912
16913,16913,row16913
16914,16914,row16914
16915,16915,row16915
16916,16916,row16916
16917,16917,row16917
16918,16918,row16918
16919,16919,row16919
16920,16920,row16920
16921,16921,row16921
16922,16922,row16922
16923,16923,row16923
16924,16924,row16924
16925,16925,row16925
16926,16926,row16926
16927,16927,row16927
16928,16928,row16928
16929,16929,row16929
16930,16930,row16930
16931,16931,row16931
16932,16932,row16932
16933,16933,row16933
16934,16934,row16934
16935,16935,row16935
16936,16936,row16936
16937,16937,row16937
16938,16938,row16938
16939,16939,row16939
16940,16940,row16940
16941,16941,row16941
16942,16942,row16942
16943,16943,row16943
16944,16944,row16944
16945,16945,row16945
16946,16946,row16946
16947,16947,row16947
16948,16948,row16948
16949,16949,row16949
16950,16950,row16950
16951,16951,row16951
16952,16952,row16952
16953,16953,row16953
16954,16954,row16954
16955,16955,row16955
16956,16956,row16956
16957,16957,row16957
16958,16958,row16958
16959,16959,row16959
16960,16960,row16960
16961,16961,row16961
16962,16962,row16962
16963,16963,row16963
16964,16964,row16964
16965,16965,row16965
16966,16966,row16966
16967,16967,row16967
16968,16968,row16968
16969,16969,row16969
16970,16970,row16970
16971,16971,row16971
16972,16972,row16972
16973,16973,row16973
16974,16974,row16974
16975,16975,row16975
16976,16976,row16976
16977,16977,row16977
16978,16978,row16978
16979,16979,row16979
16980,16980,row16980
16981,16981,row16981
16982,16982,row16982
16983,16983,row16983
16984,16984,row16984
16985,16985,row16985
16986,16986,row16986
16987,16987,row16987
16988,16988,row16988
16989,16989,row16989
16990,16990,row16990
16991,16991,row16991
16992,16992,row16992
16993,16993,row16993
16994,16994,row16994
16995,16995,row16995
16996,16996,row16996
16997,16997,row16997
16998,16998,row16998
16999,16999,row16999
17000,17000,row17000
17001,17001,row17001
17002,17002,row17002
17003,17003,row17003
17004,17004,row17004
17005,17005,row17005
17006,17006,row17006
17007,17007,row17007
17008,17008,row17008
17009,17009,row17009
17010,17010,row17010
17011,17011,row17011
17012,17012,row17012
17013,17013,row17013
17014,17014,row17014
17015,17015,row17015
17016,17016,row17016
17017,17017,row17017
17018,17018,row17018
17019,17019,row17019
17020,17020,row17020
17021,17021,row17021
17022,17022,row17022
17023,17023,row17023
17024,17024,row17024
17025,17025,row17025
17026,17026,row17026
17027,17027,row17027
17028,17028,row17028
17029,17029,row17029
17030,17030,row17030
17031,17031,row17031
17032,17032,row17032
17033,17033,row17033
17034,17034,row17034
17035,17035,row17035
17036,17036,row17036
17037,17037,row17037
17038,17038,row17038
17039,17039,row17039
17040,17040,row17040
17041,17041,row17041
17042,17042,row17042
17043,17043,row17043
17044,17044,row17044
17045,17045,row17045
17046,17046,row17046
17047,17047,row17047
17048,17048,row17048
17049,17049,row17049
17050,17050,row17050
17051,17051,row17051
17052,17052,row17052
17053,17053,row17053
17054,17054,row17054
17055,17055,row17055
17056,17056,row17056
17057,17057,row17057
17058,17058,row17058
17059,17059,row17059
17060,17060,row17060
17061,17061,row17061
17062,17062,row17062
17063,17063,row17063
17064,17064,row17064
17065,17065,row17065
17066,17066,row17066
17067,17067,row17067
17068,17068,row17068
17069,17069,row17069
17070,17070,row17070
17071,17071,row17071
17072,17072,row17072
17073,17073,row17073
17074,17074,row17074
17075,17075,row17075
17076,17076,row17076
17077,17077,row17077
17078,17078,row17078
17079,17079,row17079
17080,17080,row17080
17081,17081,row17081
17082,17082,row17082
17083,17083,row17083
17084,17084,row17084
17085,17085,row17085
17086,17086,row17086
17087,17087,row17087
17088,17088,row17088
17089,17089,row17089
17090,17090,row17090
17091,17091,row17091
17092,17092,row17092
17093,17093,row17093
17094,17094,row17094
17095,17095,row17095
17096,17096,row17096
17097,17097,row17097
17098,17098,row17098
17099,17099,row17099
17100,17100,row17100
17101,17101,row17101
17102,17102,row17102
17103,17103,row17103
17104,17104,row17104
17105,17105,row17105
17106,17106,row17106
17107,17107,row17107
17108,17108,row17108
17109,17109,row17109
17110,17110,row17110
17111,17111,row17111
17112,17112,row17112
17113,17113,row17113
17114,17114,row17114
17115,17115,row17115
17116,17116,row17116
17117,17117,row17117
17118,17118,row17118
17119,17119,row17119
17120,17120,row17120
17121,17121,row17121
17122,17122,row17122
17123,17123,row17123
17124,17124,row17124
17125,17125,row17125
17126,17126,row17126
17127,17127,row17127
17128,17128,row17128
17129,17129,row17129
17130,17130,row17130
17131,17131,row17131
17132,17132,row17132
17133,17133,row17133
17134,17134,row17134
17135,17135,row17135
17136,17136,row17136
17137,17137,row17137
17138,17138,row17138
17139,17139,row17139
17140,17140,row17140
17141,17141,row17141
17142,17142,row17142
17143,17143,row17143
17144,17144,row17144
17145,17145,row17145
17146,17146,row17146
17147,17147,row17147
17148,17148,row17148
17149,17149,row17149
17150,17150,row17150
17151,17151,row17151
17152,17152,row17152
17153,17153,row17153
17154,17154,row17154
17155,17155,row17155
17156,17156,row17156
17157,17157,row17157
17158,17158,row17158
17159,17159,row17159
17160,17160,row17160
17161,17161,row17161
17162,17162,row17162
17163,17163,row17163
17164,17164,row17164
17165,17165,row17165
17166,17166,row17166
17167,17167,row17167
17168,17168,row17168
17169,17169,row17169
17170,17170,row17170
17171,17171,row17171
17172,17172,row17172
17173,17173,row17173
17174,17174,row17174
17175,17175,row17175
17176,17176,row17176
17177,17177,row17177
17178,17178,row17178
17179,17179,row17179
17180,17180,row17180
17181,17181,row17181
17182,17182,row17182
17183,17183,row17183
17184,17184,row17184
17185,17185,row17185
17186,17186,row17186
17187,17187,row17187
17188,17188,row17188
17189,17189,row17189
17190,17190,row17190
17191,17191,row17191
17192,17192,row17192
17193,17193,row17193
17194,17194,row17194
17195,17195,row17195
17196,17196,row17196
17197,17197,row17197
17198,17198,row17198
17199,17199,row17199
17200,17200,row17200
17201,17201,row17201
17202,17202,row17202
17203,17203,row17203
17204,17204,row17204
17205,17205,row17205
17206,17206,row17206
17207,17207,row17207
17208,17208,row17208
17209,17209,row17209
17210,17210,row17210
17211,17211,row17211
17212,17212,row17212
17213,17213,row17213
17214,17214,row17214
17215,17215,row17215
17216,17216,row17216
17217,17217,row17217
17218,17218,row17218
17219,17219,row17219
17220,17220,row17220
17221,17221,row17221
17222,17222,row17222
17223,17223,row17223
17224,17224,row17224
17225,17225,row17225
17226,17226,row17226
17227,17227,row17227
17228,17228,row17228
17229,17229,row17229
17230,17230,row17230
17231,17231,row17231
17232,17232,row17232
17233,17233,row17233
17234,17234,row17234
17235,17235,row17235
17236,17236,row17236
17237,17237,row17237
17238,17238,row17238
17239,17239,row17239
17240,17240,row17240
17241,17241,row17241
17242,17242,row17242
17243,17243,row17243
17244,17244,row17244
17245,17245,row17245
17246,17246,row17246
17247,17247,row17247
17248,17248,row17248
17249,17249,row17249
17250,17250,row17250
17251,17251,row17251
17252,17252,row17252
17253,17253,row17253
17254,17254,row17254
17255,17255,row17255
17256,17256,row17256
17257,17257,row17257
17258,17258,row17258
17259,17259,row17259
17260,17260,row17260
17261,17261,row17261
17262,17262,row17262
17263,17263,row17263
17264,17264,row17264
17265,17265,row17265
17266,17266,row17266
17267,17267,row17267
17268,17268,row17268
17269,17269,row17269
17270,17270,row17270
17271,17271,row17271
17272,17272,row17272
17273,17273,row17273
17274,17274,row17274
17275,17275,row17275
17276,17276,row17276
17277,17277,row17277
17278,17278,row17278
17279,17279,row17279
17280,17280,row17280
17281,17281,row17281
17282,17282,row17282
17283,17283,row17283
17284,17284,row17284
17285,17285,row17285
17286,17286,row17286
17287,17287,row17287
17288,17288,row17288
17289,17289,row17289
17290,17290,row17290
17291,17291,row17291
17292,17292,row17292
17293,17293,row17293
17294,17294,row17294
17295,17295,row17295
17296,17296,row17296
17297,17297,row17297
17298,17298,row17298
17299,17299,row17299
17300,17300,row17300
17301,17301,row17301
17302,17302,row17302
17303,17303,row17303
17304,17304,row17304
17305,17305,row17305
17306,17306,row17306
17307,17307,row17307
17308,17308,row17308
17309,17309,row17309
17310,17310,row17310
17311,17311,row17311
17312,17312,row17312
17313,17313,row17313
17314,17314,row17314
17315,17315,row17315
17316,17316,row17316
17317,17317,row17317
17318,17318,row17318
17319,17319,row17319
17320,17320,row17320
17321,17321,row17321
17322,17322,row17322
17323,17323,row17323
17324,17324,row17324
17325,17325,row17325
17326,17326,row17326
17327,17327,row17327
17328,17328,row17328
17329,17329,row17329
17330,17330,row17330
17331,17331,row17331
17332,17332,row17332
17333,17333,row17333
17334,17334,row17334
17335,17335,row17335
17336,17336,row17336
17337,17337,row17337
17338,17338,row17338
17339,17339,row17339
17340,17340,row17340
17341,17341,row17341
17342,17342,row17342
17343,17343,row17343
17344,17344,row17344
17345,17345,row17345
17346,17346,row17346
17347,17347,row17347
17348,17348,row17348
17349,17349,row17349
17350,17350,row17350
17351,17351,row17351
17352,17352,row17352
17353,17353,row17353
17354,17354,row17354
17355,17355,row17355
17356,17356,row17356
17357,17357,row17357
17358,17358,row17358
17359,17359,row17359
17360,17360,row17360
17361,17361,row17361
17362,17362,row17362
17363,17363,row17363
17364,17364,row17364
17365,17365,row17365
17366,17366,row17366
17367,17367,row17367
17368,17368,row17368
17369,17369,row17369
17370,17370,row17370
17371,17371,row17371
17372,17372,row17372
17373,17373,row17373
17374,17374,row17374
17375,17375,row17375
17376,17376,row17376
17377,17377,row17377
17378,17378,row17378
17379,17379,row17379
17380,17380,row17380
17381,17381,row17381
17382,17382,row17382
17383,17383,row17383
17384,17384,row17384
17385,17385,row17385
17386,17386,row17386
17387,17387,row17387
17388,17388,row17388
17389,17389,row17389
17390,17390,row17390
17391,17391,row17391
17392,17392,row17392
17393,17393,row17393
17394,17394,row17394
17395,17395,row17395
17396,17396,row17396
17397,17397,row17397
17398,17398,row17398
17399,17399,row17399
17400,17400,row17400
17401,17401,row17401
17402,17402,row17402
17403,17403,row17403
17404,17404,row17404
17405,17405,row17405
17406,17406,row17406
17407,17407,row17407
17408,17408,row17408
17409,17409,row17409
17410,17410,row17410
17411,17411,row17411
17412,17412,row17412
17413,17413,row17413
17414,17414,row17414
17415,17415,row17415
17416,17416,row17416
17417,17417,row17417
17418,17418,row17418
17419,17419,row17419
17420,17420,row17420
17421,17421,row17421
17422,17422,row17422
17423,17423,row17423
17424,17424,row17424
17425,17425,row17425
17426,17426,row17426
17427,17427,row17427
17428,17428,row17428
17429,17429,row17429
17430,17430,row17430
17431,17431,row17431
17432,17432,row17432
17433,17433,row17433
17434,17434,row17434
17435,17435,row17435
17436,17436,row17436
17437,17437,row17437
17438,17438,row17438
17439,17439,row17439
17440,17440,row17440
17441,17441,row17441
17442,17442,row17442
17443,17443,row17443
17444,17444,row17444
17445,17445,row17445
17446,17446,row17446
17447,17447,row17447
17448,17448,row17448
17449,17449,row17449
17450,17450,row17450
17451,17451,row17451
17452,17452,row17452
17453,17453,row17453
17454,17454,row17454
17455,17455,row17455
17456,17456,row17456
17457,17457,row17457
17458,17458,row17458
17459,17459,row17459
17460,17460,row17460
17461,17461,row17461
17462,17462,row17462
17463,17463,row17463
17464,17464,row17464
17465,17465,row17465
17466,17466,row17466
17467,17467,row17467
17468,17468,row17468
17469,17469,row17469
17470,17470,row17470
17471,17471,row17471
17472,17472,row17472
17473,17473,row17473
17474,17474,row17474
17475,17475,row17475
17476,17476,row17476
17477,17477,row17477
17478,17478,row17478
17479,17479,row17479
17480,17480,row17480
17481,17481,row17481
17482,17482,row17482
17483,17483,row17483
17484,17484,row17484
17485,17485,row17485
17486,17486,row17486
17487,17487,row17487
17488,17488,row17488
17489,17489,row17489
17490,17490,row17490
17491,17491,row17491
17492,17492,row17492
17493,17493,row17493
17494,17494,row17494
17495,17495,row17495
17496,17496,row17496
17497,17497,row17497
17498,17498,row17498
17499,17499,row17499
17500,17500,row17500
17501,17501,row17501
17502,17502,row17502
17503,17503,row17503
17504,17504,row17504
17505,17505,row17505
17506,17506,row17506
17507,17507,row17507
17508,17508,row17508
17509,17509,row17509
17510,17510,row17510
17511,17511,row17511
17512,17512,row17512
17513,17513,row17513
17514,17514,row17514
17515,17515,row17515
17516,17516,row17516
17517,17517,row17517
17518,17518,row17518
17519,17519,row17519
17520,17520,row17520
17521,17521,row17521
17522,17522,row17522
17523,17523,row17523
17524,17524,row17524
17525,17525,row17525
17526,17526,row17526
17527,17527,row17527
17528,17528,row17528
17529,17529,row17529
17530,17530,row17530
17531,17531,row17531
17532,17532,row17532
17533,17533,row17533
17534,17534,row17534
17535,17535,row17535
17536,17536,row17536
17537,17537,row17537
17538,17538,row17538
17539,17539,row17539
17540,17540,row17540
17541,17541,row17541
17542,17542,row17542
17543,17543,row17543
17544,17544,row17544
17545,17545,row17545
17546,17546,row17546
17547,17547,row17547
17548,17548,row17548
17549,17549,row17549
17550,17550,row17550
17551,17551,row17551
17552,17552,row17552
17553,17553,row17553
17554,17554,row17554
17555,17555,row17555
17556,17556,row17556
17557,17557,row17557
17558,17558,row17558
17559,17559,row17559
17560,17560,row17560
17561,17561,row17561
17562,17562,row17562
17563,17563,row17563
17564,17564,row17564
17565,17565,row17565
17566,17566,row17566
17567,17567,row17567
17568,17568,row17568
17569,17569,row17569
17570,17570,row17570
17571,17571,row17571
17572,17572,row17572
17573,17573,row17573
17574,17574,row17574
17575,17575,row17575
17576,17576,row17576
17577,17577,row17577
17578,17578,row17578
17579,17579,row17579
17580,17580,row17580
17581,17581,row17581
17582,17582,row17582
17583,17583,row17583
17584,17584,row17584
17585,17585,row17585
17586,17586,row17586
17587,17587,row17587
17588,17588,row17588
17589,17589,row17589
17590,17590,row17590
17591,17591,row17591
17592,17592,row17592
17593,17593,row17593
17594,17594,row17594
17595,17595,row17595
17596,17596,row17596
17597,17597,row17597
17598,17598,row17598
17599,17599,row17599
17600,17600,row17600
17601,17601,row17601
17602,17602,row17602
17603,17603,row17603
17604,17604,row17604
17605,17605,row17605
17606,17606,row17606
17607,17607,row17607
17608,17608,row17608
17609,17609,row17609
17610,17610,row17610
17611,17611,row17611
17612,17612,row17612
17613,17613,row17613
17614,17614,row17614
17615,17615,row17615
17616,17616,row17616
17617,17617,row17617
17618,17618,row17618
17619,17619,row17619
17620,17620,row17620
17621,17621,row17621
17622,17622,row17622
17623,17623,row17623
17624,17624,row17624
17625,17625,row17625
17626,17626,row17626
17627,17627,row17627
17628,17628,row17628
17629,17629,row17629
17630,17630,row17630
17631,17631,row17631
17632,17632,row17632
17633,17633,row17633
17634,17634,row17634
17635,17635,row17635
17636,17636,row17636
17637,17637,row17637
17638,17638,row17638
17639,17639,row17639
17640,17640,row17640
17641,17641,row17641
17642,17642,row17642
17643,17643,row17643
17644,17644,row17644
17645,17645,row17645
17646,17646,row17646
17647,17647,row17647
17648,17648,row17648
17649,17649,row17649
17650,17650,row17650
17651,17651,row17651
17652,17652,row17652
17653,17653,row17653
17654,17654,row17654
17655,17655,row17655
17656,17656,row17656
17657,17657,row17657
17658,17658,row17658
17659,17659,row17659
17660,17660,row17660
17661,17661,row17661
17662,17662,row17662
17663,17663,row17663
17664,17664,row17664
17665,17665,row17665
17666,17666,row17666
17667,17667,row17667
17668,17668,row17668
17669,17669,row17669
17670,17670,row17670
17671,17671,row17671
17672,17672,row17672
17673,17673,row17673
17674,17674,row17674
17675,17675,row17675
17676,17676,row17676
17677,17677,row17677
17678,17678,row17678
17679,17679,row17679
17680,17680,row17680
17681,17681,row17681
17682,17682,row17682
17683,17683,row17683
17684,17684,row17684
17685,17685,row17685
17686,17686,row17686
17687,17687,row17687
17688,17688,row17688
17689,17689,row17689
17690,17690,row17690
17691,17691,row17691
17692,17692,row17692
17693,17693,row17693
17694,17694,row17694
17695,17695,row17695
17696,17696,row17696
17697,17697,row17697
17698,17698,row17698
17699,17699,row17699
17700,17700,row17700
17701,17701,row17701
17702,17702,row17702
17703,17703,row17703
17704,17704,row17704
17705,17705,row17705
17706,17706,row17706
17707,17707,row17707
17708,17708,row17708
17709,17709,row17709
17710,17710,row17710
17711,17711,row17711
17712,17712,row17712
17713,17713,row17713
17714,17714,row17714
17715,17715,row17715
17716,17716,row17716
17717,17717,row17717
17718,17718,row17718
17719,17719,row17719
17720,17720,row17720
17721,17721,row17721
17722,17722,row17722
17723,17723,row17723
17724,17724,row17724
17725,17725,row17725
17726,17726,row17726
17727,17727,row17727
17728,17728,row17728
17729,17729,row17729
17730,17730,row17730
17731,17731,row17731
17732,17732,row17732
17733,17733,row17733
17734,17734,row17734
17735,17735,row17735
17736,17736,row17736
17737,17737,row17737
17738,17738,row17738
17739,17739,row17739
17740,17740,row17740
17741,17741,row17741
17742,17742,row17742
17743,17743,row17743
17744,17744,row17744
17745,17745,row17745
17746,17746,row17746
17747,17747,row17747
17748,17748,row17748
17749,17749,row17749
17750,17750,row17750
17751,17751,row17751
17752,17752,row17752
17753,17753,row17753
17754,17754,row17754
17755,17755,row17755
17756,17756,row17756
17757,17757,row17757
17758,17758,row17758
17759,17759,row17759
17760,17760,row17760
17761,17761,row17761
17762,17762,row17762
17763,17763,row17763
17764,17764,row17764
17765,17765,row17765
17766,17766,row17766
17767,17767,row17767
17768,17768,row17768
17769,17769,row17769
17770,17770,row17770
17771,17771,row17771
17772,17772,row17772
17773,17773,row17773
17774,17774,row17774
17775,17775,row17775
17776,17776,row17776
17777,17777,row17777
17778,17778,row17778
17779,17779,row17779
17780,17780,row17780
17781,17781,row17781
17782,17782,row17782
17783,17783,row17783
17784,17784,row17784
17785,17785,row17785
17786,17786,row17786
17787,17787,row17787
17788,17788,row17788
17789,17789,row17789
17790,17790,row17790
17791,17791,row17791
17792,17792,row17792
17793,17793,row17793
17794,17794,row17794
17795,17795,row17795
17796,17796,row17796
17797,17797,row17797
17798,17798,row17798
17799,17799,row17799
17800,17800,row17800
17801,17801,row17801
17802,17802,row17802
17803,17803,row17803
17804,17804,row17804
17805,17805,row17805
17806,17806,row17806
17807,17807,row17807
17808,17808,row17808
17809,17809,row17809
17810,17810,row17810
17811,17811,row17811
17812,17812,row17812
17813,17813,row17813
17814,17814,row17814
17815,17815,row17815
17816,17816,row17816
17817,17817,row17817
17818,17818,row17818
17819,17819,row17819
17820,17820,row17820
17821,17821,row17821
17822,17822,row17822
17823,17823,row17823
17824,17824,row17824
17825,17825,row17825
17826,17826,row17826
17827,17827,row17827
17828,17828,row17828
17829,17829,row17829
17830,17830,row17830
17831,17831,row17831
17832,17832,row17832
17833,17833,row17833
17834,17834,row17834
17835,17835,row17835
17836,17836,row17836
17837,17837,row17837
17838,17838,row17838
17839,17839,row17839
17840,17840,row17840
17841,17841,row17841
17842,17842,row17842
17843,17843,row17843
17844,17844,row17844
17845,17845,row17845
17846,17846,row17846
17847,17847,row17847
17848,17848,row17848
17849,17849,row17849
17850,17850,row17850
17851,17851,row17851
17852,17852,row17852
17853,17853,row17853
17854,17854,row17854
17855,17855,row17855
17856,17856,row17856
17857,17857,row17857
17858,17858,row17858
17859,17859,row17859
17860,17860,row17860
17861,17861,row17861
17862,17862,row17862
17863,17863,row17863
17864,17864,row17864
17865,17865,row17865
17866,17866,row17866
17867,17867,row17867
17868,17868,row17868
17869,17869,row17869
17870,17870,row17870
17871,17871,row17871
17872,17872,row17872
17873,17873,row17873
17874,17874,row17874
17875,17875,row17875
17876,17876,row17876
17877,17877,row17877
17878,17878,row17878
17879,17879,row17879
17880,17880,row17880
17881,17881,row17881
17882,17882,row17882
17883,17883,row17883
17884,17884,row17884
17885,17885,row17885
17886,17886,row17886
17887,17887,row17887
17888,17888,row17888
17889,17889,row17889
17890,17890,row17890
17891,17891,row17891
17892,17892,row17892
17893,17893,row17893
17894,17894,row17894
17895,17895,row17895
17896,17896,row17896
17897,17897,row17897
17898,17898,row17898
17899,17899,row17899
17900,17900,row17900
17901,17901,row17901
17902,17902,row17902
17903,17903,row17903
17904,17904,row17904
17905,17905,row17905
17906,17906,row17906
17907,17907,row17907
17908,17908,row17908
17909,17909,row17909
17910,17910,row17910
17911,17911,row17911
17912,17912,row17912
17913,17913,row17913
17914,17914,row17914
17915,17915,row17915
17916,17916,row17916
17917,17917,row17917
17918,17918,row17918
17919,17919,row17919
17920,17920,row17920
17921,17921,row17921
17922,17922,row17922
17923,17923,row17923
17924,17924,row17924
17925,17925,row17925
17926,17926,row17926
17927,17927,row17927
17928,17928,row17928
17929,17929,row17929
17930,17930,row17930
17931,17931,row17931
17932,17932,row17932
17933,17933,row17933
17934,17934,row17934
17935,17935,row17935
17936,17936,row17936
17937,17937,row17937
17938,17938,row17938
17939,17939,row17939
17940,17940,row17940
17941,17941,row17941
17942,17942,row17942
17943,17943,row17943
17944,17944,row17944
17945,17945,row17945
17946,17946,row17946
17947,17947,row17947
17948,17948,row17948
17949,17949,row17949
17950,17950,row17950
17951,17951,row17951
17952,17952,row17952
17953,17953,row17953
17954,17954,row17954
17955,17955,row17955
17956,17956,row17956
17957,17957,row17957
17958,17958,row17958
17959,17959,row17959
17960,17960,row17960
17961,17961,row17961
17962,17962,row17962
17963,17963,row17963
17964,17964,row17964
17965,17965,row17965
17966,17966,row17966
17967,17967,row17967
17968,17968,row17968
17969,17969,row17969
17970,17970,row17970
17971,17971,row17971
17972,17972,row17972
17973,17973,row17973
17974,17974,row17974
17975,17975,row17975
17976,17976,row17976
17977,17977,row17977
17978,17978,row17978
17979,17979,row17979
17980,17980,row17980
17981,17981,row17981
17982,17982,row17982
17983,17983,row17983
17984,17984,row17984
17985,17985,row17985
17986,17986,row17986
17987,17987,row17987
17988,17988,row17988
17989,17989,row17989
17990,17990,row17990
17991,17991,row17991
17992,17992,row17992
17993,17993,row17993
17994,17994,row17994
17995,17995,row17995
17996,17996,row17996
17997,17997,row17997
17998,17998,row17998
17999,17999,row17999
18000,18000,row18000
18001,18001,row18001
18002,18002,row18002
18003,18003,row18003
18004,18004,row18004
18005,18005,row18005
18006,18006,row18006
18007,18007,row18007
18008,18008,row18008
18009,18009,row18009
18010,18010,row18010
18011,18011,row18011
18012,18012,row18012
18013,18013,row18013
18014,18014,row18014
18015,18015,row18015
18016,18016,row18016
18017,18017,row18017
18018,18018,row18018
18019,18019,row18019
18020,18020,row18020
18021,18021,row18021
18022,18022,row18022
18023,18023,row18023
18024,18024,row18024
18025,18025,row18025
18026,18026,row18026
18027,18027,row18027
18028,18028,row18028
18029,18029,row18029
18030,18030,row18030
18031,18031,row18031
18032,18032,row18032
18033,18033,row18033
18034,18034,row18034
18035,18035,row18035
18036,18036,row18036
18037,18037,row18037
18038,18038,row18038
18039,18039,row18039
18040,18040,row18040
18041,18041,row18041
18042,18042,row18042
18043,18043,row18043
18044,18044,row18044
18045,18045,row18045
18046,18046,row18046
18047,18047,row18047
18048,18048,row18048
18049,18049,row18049
18050,18050,row18050
18051,18051,row18051
18052,18052,row18052
18053,18053,row18053
18054,18054,row18054
18055,18055,row18055
18056,18056,row18056
18057,18057,row18057
18058,18058,row18058
18059,18059,row18059
18060,18060,row18060
18061,18061,row18061
18062,18062,row18062
18063,18063,row18063
18064,18064,row18064
18065,18065,row18065
18066,18066,row18066
18067,18067,row18067
18068,18068,row18068
18069,18069,row18069
18070,18070,row18070
18071,18071,row18071
18072,18072,row18072
18073,18073,row18073
18074,18074,row18074
18075,18075,row18075
18076,18076,row18076
18077,18077,row18077
18078,18078,row18078
18079,18079,row18079
18080,18080,row18080
18081,18081,row18081
18082,18082,row18082
18083,18083,row18083
18084,18084,row18084
18085,18085,row18085
18086,18086,row18086
18087,18087,row18087
18088,18088,row18088
18089,18089,row18089
18090,18090,row18090
18091,18091,row18091
18092,18092,row18092
18093,18093,row18093
18094,18094,row18094
18095,18095,row18095
18096,18096,row18096
18097,18097,row18097
18098,18098,row18098
18099,18099,row18099
18100,18100,row18100
18101,18101,row18101
18102,18102,row18102
18103,18103,row18103
18104,18104,row18104
18105,18105,row18105
18106,18106,row18106
18107,18107,row18107
18108,18108,row18108
18109,18109,row18109
18110,18110,row18110
18111,18111,row18111
18112,18112,row18112
18113,18113,row18113
18114,18114,row18114
18115,18115,row18115
18116,18116,row18116
18117,18117,row18117
18118,18118,row18118
18119,18119,row18119
18120,18120,row18120
18121,18121,row18121
18122,18122,row18122
18123,18123,row18123
18124,18124,row18124
18125,18125,row18125
18126,18126,row18126
18127,18127,row18127
18128,18128,row18128
18129,18129,row18129
18130,18130,row18130
18131,18131,row18131
18132,18132,row18132
18133,18133,row18133
18134,18134,row18134
18135,18135,row18135
18136,18136,row18136
18137,18137,row18137
18138,18138,row18138
18139,18139,row18139
18140,18140,row18140
18141,18141,row18141
18142,18142,row18142
18143,18143,row18143
18144,18144,row18144
18145,18145,row18145
18146,18146,row18146
18147,18147,row18147
18148,18148,row18148
18149,18149,row18149
18150,18150,row18150
18151,18151,row18151
18152,18152,row18152
18153,18153,row18153
18154,18154,row18154
18155,18155,row18155
18156,18156,row18156
18157,18157,row18157
18158,18158,row18158
18159,18159,row18159
18160,18160,row18160
18161,18161,row18161
18162,18162,row18162
18163,18163,row18163
18164,18164,row18164
18165,18165,row18165
18166,18166,row18166
18167,18167,row18167
18168,18168,row18168
18169,18169,row18169
18170,18170,row18170
18171,18171,row18171
18172,18172,row18172
18173,18173,row18173
18174,18174,row18174
18175,18175,row18175
18176,18176,row18176
18177,18177,row18177
18178,18178,row18178
18179,18179,row18179
18180,18180,row18180
18181,18181,row18181
18182,18182,row18182
18183,18183,row18183
18184,18184,row18184
18185,18185,row18185
18186,18186,row18186
18187,18187,row18187
18188,18188,row18188
18189,18189,row18189
18190,18190,row18190
18191,18191,row18191
18192,18192,row18192
18193,18193,row18193
18194,18194,row18194
18195,18195,row18195
18196,18196,row18196
18197,18197,row18197
18198,18198,row18198
18199,18199,row18199
18200,18200,row18200
18201,18201,row18201
18202,18202,row18202
18203,18203,row18203
18204,18204,row18204
18205,18205,row18205
18206,18206,row18206
18207,18207,row18207
18208,18208,row18208
18209,18209,row18209
18210,18210,row18210
18211,18211,row18211
18212,18212,row18212
18213,18213,row18213
18214,18214,row18214
18215,18215,row18215
18216,18216,row18216
18217,18217,row18217
18218,18218,row18218
18219,18219,row18219
18220,18220,row18220
18221,18221,row18221
18222,18222,row18222
18223,18223,row18223
18224,18224,row18224
18225,18225,row18225
18226,18226,row18226
18227,18227,row18227
18228,18228,row18228
18229,18229,row18229
18230,18230,row18230
18231,18231,row18231
18232,18232,row18232
18233,18233,row18233
18234,18234,row18234
18235,18235,row18235
18236,18236,row18236
18237,18237,row18237
18238,18238,row18238
18239,18239,row18239
18240,18240,row18240
18241,18241,row18241
18242,18242,row18242
18243,18243,row18243
18244,18244,row18244
18245,18245,row18245
18246,18246,row18246
18247,18247,row18247
18248,18248,row18248
18249,18249,row18249
18250,18250,row18250
18251,18251,row18251
18252,18252,row18252
18253,18253,row18253
18254,18254,row18254
18255,18255,row18255
18256,18256,row18256
18257,18257,row18257
18258,18258,row18258
18259,18259,row18259
18260,18260,row18260
18261,18261,row18261
18262,18262,row18262
18263,18263,row18263
18264,18264,row18264
18265,18265,row18265
18266,18266,row18266
18267,18267,row18267
18268,18268,row18268
18269,18269,row18269
18270,18270,row18270
18271,18271,row18271
18272,18272,row18272
18273,18273,row18273
18274,18274,row18274
18275,18275,row18275
18276,18276,row18276
18277,18277,row18277
18278,18278,row18278
18279,18279,row18279
18280,18280,row18280
18281,18281,row18281
18282,18282,row18282
18283,18283,row18283
18284,18284,row18284
18285,18285,row18285
18286,18286,row18286
18287,18287,row18287
18288,18288,row18288
18289,18289,row18289
18290,18290,row18290
18291,18291,row18291
18292,18292,row18292
18293,18293,row18293
18294,18294,row18294
18295,18295,row18295
18296,18296,row18296
18297,18297,row18297
18298,18298,row18298
18299,18299,row18299
18300,18300,row18300
18301,18301,row18301
18302,18302,row18302
18303,18303,row18303
18304,18304,row18304
18305,18305,row18305
18306,18306,row18306
18307,18307,row18307
18308,18308,row18308
18309,18309,row18309
18310,18310,row18310
18311,18311,row18311
18312,18312,row18312
18313,18313,row18313
18314,18314,row18314
18315,18315,row18315
18316,18316,row18316
18317,18317,row18317
18318,18318,row18318
18319,18319,row18319
18320,18320,row18320
18321,18321,row18321
18322,18322,row18322
18323,18323,row18323
18324,18324,row18324
18325,18325,row18325
18326,18326,row18326
18327,18327,row18327
18328,18328,row18328
18329,18329,row18329
18330,18330,row18330
18331,18331,row18331
18332,18332,row18332
18333,18333,row18333
18334,18334,row18334
18335,18335,row18335
18336,18336,row18336
18337,18337,row18337
18338,18338,row18338
18339,18339,row18339
18340,18340,row18340
18341,18341,row18341
18342,18342,row18342
18343,18343,row18343
18344,18344,row18344
18345,18345,row18345
18346,18346,row18346
18347,18347,row18347
18348,18348,row18348
18349,18349,row18349
18350,18350,row18350
18351,18351,row18351
18352,18352,row18352
18353,18353,row18353
18354,18354,row18354
18355,18355,row18355
18356,18356,row18356
18357,18357,row18357
18358,18358,row18358
18359,18359,row18359
18360,18360,row18360
18361,18361,row18361
18362,18362,row18362
18363,18363,row18363
18364,18364,row18364
18365,18365,row18365
18366,18366,row18366
18367,18367,row18367
18368,18368,row18368
18369,18369,row18369
18370,18370,row18370
18371,18371,row18371
18372,18372,row18372
18373,18373,row18373
18374,18374,row18374
18375,18375,row18375
18376,18376,row18376
18377,18377,row18377
18378,18378,row18378
18379,18379,row18379
18380,18380,row18380
18381,18381,row18381
18382,18382,row18382
18383,18383,row18383
18384,18384,row18384
18385,18385,row18385
18386,18386,row18386
18387,18387,row18387
18388,18388,row18388
18389,18389,row18389
18390,18390,row18390
18391,18391,row18391
18392,18392,row18392
18393,18393,row18393
18394,18394,row18394
18395,18395,row18395
18396,18396,row18396
18397,18397,row18397
18398,18398,row18398
18399,18399,row18399
18400,18400,row18400
18401,18401,row18401
18402,18402,row18402
18403,18403,row18403
18404,18404,row18404
18405,18405,row18405
18406,18406,row18406
18407,18407,row18407
18408,18408,row18408
18409,18409,row18409
18410,18410,row18410
18411,18411,row18411
18412,18412,row18412
18413,18413,row18413
18414,18414,row18414
18415,18415,row18415
18416,18416,row18416
18417,18417,row18417
18418,18418,row18418
18419,18419,row18419
18420,18420,row18420
18421,18421,row18421
18422,18422,row18422
18423,18423,row18423
18424,18424,row18424
18425,18425,row18425
18426,18426,row18426
18427,18427,row18427
18428,18428,row18428
18429,18429,row18429
18430,18430,row18430
18431,18431,row18431
18432,18432,row18432
18433,18433,row18433
18434,18434,row18434
18435,18435,row18435
18436,18436,row18436
18437,18437,row18437
18438,18438,row18438
18439,18439,row18439
18440,18440,row18440
18441,18441,row18441
18442,18442,row18442
18443,18443,row18443
18444,18444,row18444
18445,18445,row18445
18446,18446,row18446
18447,18447,row18447
18448,18448,row18448
18449,18449,row18449
18450,18450,row18450
18451,18451,row18451
18452,18452,row18452
18453,18453,row18453
18454,18454,row18454
18455,18455,row18455
18456,18456,row18456
18457,18457,row18457
18458,18458,row18458
18459,18459,row18459
18460,18460,row18460
18461,18461,row18461
18462,18462,row18462
18463,18463,row18463
18464,18464,row18464
18465,18465,row18465
18466,18466,row18466
18467,18467,row18467
18468,18468,row18468
18469,18469,row18469
18470,18470,row18470
18471,18471,row18471
18472,18472,row18472
18473,18473,row18473
18474,18474,row18474
18475,18475,row18475
18476,18476,row18476
18477,18477,row18477
18478,18478,row18478
18479,18479,row18479
18480,18480,row18480
18481,18481,row18481
18482,18482,row18482
18483,18483,row18483
18484,18484,row18484
18485,18485,row18485
18486,18486,row18486
18487,18487,row18487
18488,18488,row18488
18489,18489,row18489
18490,18490,row18490
18491,18491,row18491
18492,18492,row18492
18493,18493,row18493
18494,18494,row18494
18495,18495,row18495
18496,18496,row18496
18497,18497,row18497
18498,18498,row18498
18499,18499,row18499
18500,18500,row18500
18501,18501,row18501
18502,18502,row18502
18503,18503,row18503
18504,18504,row18504
18505,18505,row18505
18506,18506,row18506
18507,18507,row18507
18508,18508,row18508
18509,18509,row18509
18510,18510,row18510
18511,18511,row18511
18512,18512,row18512
18513,18513,row18513
18514,18514,row18514
18515,18515,row18515
18516,18516,row18516
18517,18517,row18517
18518,18518,row18518
18519,18519,row18519
18520,18520,row18520
18521,18521,row18521
18522,18522,row18522
18523,18523,row18523
18524,18524,row18524
18525,18525,row18525
18526,18526,row18526
18527,18527,row18527
18528,18528,row18528
18529,18529,row18529
18530,18530,row18530
18531,18531,row18531
18532,18532,row18532
18533,18533,row18533
18534,18534,row18534
18535,18535,row18535
18536,18536,row18536
18537,18537,row18537
18538,18538,row18538
18539,18539,row18539
18540,18540,row18540
18541,18541,row18541
18542,18542,row18542
18543,18543,row18543
18544,18544,row18544
18545,18545,row18545
18546,18546,row18546
18547,18547,row18547
18548,18548,row18548
18549,18549,row18549
18550,18550,row18550
18551,18551,row18551
18552,18552,row18552
18553,18553,row18553
18554,18554,row18554
18555,18555,row18555
18556,18556,row18556
18557,18557,row18557
18558,18558,row18558
18559,18559,row18559
18560,18560,row18560
18561,18561,row18561
18562,18562,row18562
18563,18563,row18563
18564,18564,row18564
18565,18565,row18565
18566,18566,row18566
18567,18567,row18567
18568,18568,row18568
18569,18569,row18569
18570,18570,row18570
18571,18571,row18571
18572,18572,row18572
18573,18573,row18573
18574,18574,row18574
18575,18575,row18575
18576,18576,row18576
18577,18577,row18577
18578,18578,row18578
18579,18579,row18579
18580,18580,row18580
18581,18581,row18581
18582,18582,row18582
18583,18583,row18583
18584,18584,row18584
18585,18585,row18585
18586,18586,row18586
18587,18587,row18587
18588,18588,row18588
18589,18589,row18589
18590,18590,row18590
18591,18591,row18591
18592,18592,row18592
18593,18593,row18593
18594,18594,row18594
18595,18595,row18595
18596,18596,row18596
18597,18597,row18597
18598,18598,row18598
18599,18599,row18599
18600,18600,row18600
18601,18601,row18601
18602,18602,row18602
18603,18603,row18603
18604,18604,row18604
18605,18605,row18605
18606,18606,row18606
18607,18607,row18607
18608,18608,row18608
18609,18609,row18609
18610,18610,row18610
18611,18611,row18611
18612,18612,row18612
18613,18613,row18613
18614,18614,row18614
18615,18615,row18615
18616,18616,row18616
18617,18617,row18617
18618,18618,row18618
18619,18619,row18619
18620,18620,row18620
18621,18621,row18621
18622,18622,row18622
18623,18623,row18623
18624,18624,row18624
18625,18625,row18625
18626,18626,row18626
18627,18627,row18627
18628,18628,row18628
18629,18629,row18629
18630,18630,row18630
18631,18631,row18631
18632,18632,row18632
18633,18633,row18633
18634,18634,row18634
18635,18635,row18635
18636,18636,row18636
18637,18637,row18637
18638,18638,row18638
18639,18639,row18639
18640,18640,row18640
18641,18641,row18641
18642,18642,row18642
18643,18643,row18643
18644,18644,row18644
18645,18645,row18645
18646,18646,row18646
18647,18647,row18647
18648,18648,row18648
18649,18649,row18649
18650,18650,row18650
18651,18651,row18651
18652,18652,row18652
18653,18653,row18653
18654,18654,row18654
18655,18655,row18655
18656,18656,row18656
18657,18657,row18657
18658,18658,row18658
18659,18659,row18659
18660,18660,row18660
18661,18661,row18661
18662,18662,row18662
18663,18663,row18663
18664,18664,row18664
18665,18665,row18665
18666,18666,row18666
18667,18667,row18667
18668,18668,row18668
18669,18669,row18669
18670,18670,row18670
18671,18671,row18671
18672,18672,row18672
18673,18673,row18673
18674,18674,row18674
18675,18675,row18675
18676,18676,row18676
18677,18677,row18677
18678,18678,row18678
18679,18679,row18679
18680,18680,row18680
18681,18681,row18681
18682,18682,row18682
18683,18683,row18683
18684,18684,row18684
18685,18685,row18685
18686,18686,row18686
18687,18687,row18687
18688,18688,row18688
18689,18689,row18689
18690,18690,row18690
18691,18691,row18691
18692,18692,row18692
18693,18693,row18693
18694,18694,row18694
18695,18695,row18695
18696,18696,row18696
18697,18697,row18697
18698,18698,row18698
18699,18699,row18699
18700,18700,row18700
18701,18701,row18701
18702,18702,row18702
18703,18703,row18703
18704,18704,row18704
18705,18705,row18705
18706,18706,row18706
18707,18707,row18707
18708,18708,row18708
18709,18709,row18709
18710,18710,row18710
18711,18711,row18711
18712,18712,row18712
18713,18713,row18713
18714,18714,row18714
18715,18715,row18715
18716,18716,row18716
18717,18717,row18717
18718,18718,row18718
18719,18719,row18719
18720,18720,row18720
18721,18721,row18721
18722,18722,row18722
18723,18723,row18723
18724,18724,row18724
18725,18725,row18725
18726,18726,row18726
18727,18727,row18727
18728,18728,row18728
18729,18729,row18729
18730,18730,row18730
18731,18731,row18731
18732,18732,row18732
18733,18733,row18733
18734,18734,row18734
18735,18735,row18735
18736,18736,row18736
18737,18737,row18737
18738,18738,row18738
18739,18739,row18739
18740,18740,row18740
18741,18741,row18741
18742,18742,row18742
18743,18743,row18743
18744,18744,row18744
18745,18745,row18745
18746,18746,row18746
18747,18747,row18747
18748,18748,row18748
18749,18749,row18749
18750,18750,row18750
18751,18751,row18751
18752,18752,row18752
18753,18753,row18753
18754,18754,row18754
18755,18755,row18755
18756,18756,row18756
18757,18757,row18757
18758,18758,row18758
18759,18759,row18759
18760,18760,row18760
18761,18761,row18761
18762,18762,row18762
18763,18763,row18763
18764,18764,row18764
18765,18765,row18765
18766,18766,row18766
18767,18767,row18767
18768,18768,row18768
18769,18769,row18769
18770,18770,row18770
18771,18771,row18771
18772,18772,row18772
18773,18773,row18773
18774,18774,row18774
18775,18775,row18775
18776,18776,row18776
18777,18777,row18777
18778,18778,row18778
18779,18779,row18779
18780,18780,row18780
18781,18781,row18781
18782,18782,row18782
18783,18783,row18783
18784,18784,row18784
18785,18785,row18785
18786,18786,row18786
18787,18787,row18787
18788,18788,row18788
18789,18789,row18789
18790,18790,row18790
18791,18791,row18791
18792,18792,row18792
18793,18793,row18793
18794,18794,row18794
18795,18795,row18795
18796,18796,row18796
18797,18797,row18797
18798,18798,row18798
18799,18799,row18799
18800,18800,row18800
18801,18801,row18801
18802,18802,row18802
18803,18803,row18803
18804,18804,row18804
18805,18805,row18805
18806,18806,row18806
18807,18807,row18807
18808,18808,row18808
18809,18809,row18809
18810,18810,row18810
18811,18811,row18811
18812,18812,row18812
18813,18813,row18813
18814,18814,row18814
18815,18815,row18815
18816,18816,row18816
18817,18817,row18817
18818,18818,row18818
18819,18819,row18819
18820,18820,row18820
18821,18821,row18821
18822,18822,row18822
18823,18823,row18823
18824,18824,row18824
18825,18825,row18825
18826,18826,row18826
18827,18827,row18827
18828,18828,row18828
18829,18829,row18829
18830,18830,row18830
18831,18831,row18831
18832,18832,row18832
18833,18833,row18833
18834,18834,row18834
18835,18835,row18835
18836,18836,row18836
18837,18837,row18837
18838,18838,row18838
18839,18839,row18839
18840,18840,row18840
18841,18841,row18841
18842,18842,row18842
18843,18843,row18843
18844,18844,row18844
18845,18845,row18845
18846,18846,row18846
18847,18847,row18847
18848,18848,row18848
18849,18849,row18849
18850,18850,row18850
18851,18851,row18851
18852,18852,row18852
18853,18853,row18853
18854,18854,row18854
18855,18855,row18855
18856,18856,row18856
18857,18857,row18857
18858,18858,row18858
18859,18859,row18859
18860,18860,row18860
18861,18861,row18861
18862,18862,row18862
18863,18863,row18863
18864,18864,row18864
18865,18865,row18865
18866,18866,row18866
18867,18867,row18867
18868,18868,row18868
18869,18869,row18869
18870,18870,row18870
18871,18871,row18871
18872,18872,row18872
18873,18873,row18873
18874,18874,row18874
18875,18875,row18875
18876,18876,row18876
18877,18877,row18877
18878,18878,row18878
18879,18879,row18879
18880,18880,row18880
18881,18881,row18881
18882,18882,row18882
18883,18883,row18883
18884,18884,row18884
18885,18885,row18885
18886,18886,row18886
18887,18887,row18887
18888,18888,row18888
18889,18889,row18889
18890,18890,row18890
18891,18891,row18891
18892,18892,row18892
18893,18893,row18893
18894,18894,row18894
18895,18895,row18895
18896,18896,row18896
18897,18897,row18897
18898,18898,row18898
18899,18899,row18899
18900,18900,row18900
18901,18901,row18901
18902,18902,row18902
18903,18903,row18903
18904,18904,row18904
18905,18905,row18905
18906,18906,row18906
18907,18907,row18907
18908,18908,row18908
18909,18909,row18909
18910,18910,row18910
18911,18911,row18911
18912,18912,row18912
18913,18913,row18913
18914,18914,row18914
18915,18915,row18915
18916,18916,row18916
18917,18917,row18917
18918,18918,row18918
18919,18919,row18919
18920,18920,row18920
18921,18921,row18921
18922,18922,row18922
18923,18923,row18923
18924,18924,row18924
18925,18925,row18925
18926,18926,row18926
18927,18927,row18927
18928,18928,row18928
18929,18929,row18929
18930,18930,row18930
18931,18931,row18931
18932,18932,row18932
18933,18933,row18933
18934,18934,row18934
18935,18935,row18935
18936,18936,row18936
18937,18937,row18937
18938,18938,row18938
18939,18939,row18939
18940,18940,row18940
18941,18941,row18941
18942,18942,row18942
18943,18943,row18943
18944,18944,row18944
18945,18945,row18945
18946,18946,row18946
18947,18947,row18947
18948,18948,row18948
18949,18949,row18949
18950,18950,row18950
18951,18951,row18951
18952,18952,row18952
18953,18953,row18953
18954,18954,row18954
18955,18955,row18955
18956,18956,row18956
18957,18957,row18957
18958,18958,row18958
18959,18959,row18959
18960,18960,row18960
18961,18961,row18961
18962,18962,row18962
18963,18963,row18963
18964,18964,row18964
18965,18965,row18965
18966,18966,row18966
18967,18967,row18967
18968,18968,row18968
18969,18969,row18969
18970,18970,row18970
18971,18971,row18971
18972,18972,row18972
18973,18973,row18973
18974,18974,row18974
18975,18975,row18975
18976,18976,row18976
18977,18977,row18977
18978,18978,row18978
18979,18979,row18979
18980,18980,row18980
18981,18981,row18981
18982,18982,row18982
18983,18983,row18983
18984,18984,row18984
18985,18985,row18985
18986,18986,row18986
18987,18987,row18987
18988,18988,row18988
18989,18989,row18989
18990,18990,row18990
18991,18991,row18991
18992,18992,row18992
18993,18993,row18993
18994,18994,row18994
18995,18995,row18995
18996,18996,row18996
18997,18997,row18997
18998,18998,row18998
18999,18999,row18999
19000,19000,row19000
19001,19001,row19001
19002,19002,row19002
19003,19003,row19003
19004,19004,row19004
19005,19005,row19005
19006,19006,row19006
19007,19007,row19007
19008,19008,row19008
19009,19009,row19009
19010,19010,row19010
19011,19011,row19011
19012,19012,row19012
19013,19013,row19013
19014,19014,row19014
19015,19015,row19015
19016,19016,row19016
19017,19017,row19017
19018,19018,row19018
19019,19019,row19019
19020,19020,row19020
19021,19021,row19021
19022,19022,row19022
19023,19023,row19023
19024,19024,row19024
19025,19025,row19025
19026,19026,row19026
19027,19027,row19027
19028,19028,row19028
19029,19029,row19029
19030,19030,row19030
19031,19031,row19031
19032,19032,row19032
19033,19033,row19033
19034,19034,row19034
19035,19035,row19035
19036,19036,row19036
19037,19037,row19037
19038,19038,row19038
19039,19039,row19039
19040,19040,row19040
19041,19041,row19041
19042,19042,row19042
19043,19043,row19043
19044,19044,row19044
19045,19045,row19045
19046,19046,row19046
19047,19047,row19047
19048,19048,row19048
19049,19049,row19049
19050,19050,row19050
19051,19051,row19051
19052,19052,row19052
19053,19053,row19053
19054,19054,row19054
19055,19055,row19055
19056,19056,row19056
19057,19057,row19057
19058,19058,row19058
19059,19059,row19059
19060,19060,row19060
19061,19061,row19061
19062,19062,row19062
19063,19063,row19063
19064,19064,row19064
19065,19065,row19065
19066,19066,row19066
19067,19067,row19067
19068,19068,row19068
19069,19069,row19069
19070,19070,row19070
19071,19071,row19071
19072,19072,row19072
19073,19073,row19073
19074,19074,row19074
19075,19075,row19075
19076,19076,row19076
19077,19077,row19077
19078,19078,row19078
19079,19079,row19079
19080,19080,row19080
19081,19081,row19081
19082,19082,row19082
19083,19083,row19083
19084,19084,row19084
19085,19085,row19085
19086,19086,row19086
19087,19087,row19087
19088,19088,row19088
19089,19089,row19089
19090,19090,row19090
19091,19091,row19091
19092,19092,row19092
19093,19093,row19093
19094,19094,row19094
19095,19095,row19095
19096,19096,row19096
19097,19097,row19097
19098,19098,row19098
19099,19099,row19099
19100,19100,row19100
19101,19101,row19101
19102,19102,row19102
19103,19103,row19103
19104,19104,row19104
19105,19105,row19105
19106,19106,row19106
19107,19107,row19107
19108,19108,row19108
19109,19109,row19109
19110,19110,row19110
19111,19111,row19111
19112,19112,row19112
19113,19113,row19113
19114,19114,row19114
19115,19115,row19115
19116,19116,row19116
19117,19117,row19117
19118,19118,row19118
19119,19119,row19119
19120,19120,row19120
19121,19121,row19121
19122,19122,row19122
19123,19123,row19123
19124,19124,row19124
19125,19125,row19125
19126,19126,row19126
19127,19127,row19127
19128,19128,row19128
19129,19129,row19129
19130,19130,row19130
19131,19131,row19131
19132,19132,row19132
19133,19133,row19133
19134,19134,row19134
19135,19135,row19135
19136,19136,row19136
19137,19137,row19137
19138,19138,row19138
19139,19139,row19139
19140,19140,row19140
19141,19141,row19141
19142,19142,row19142
19143,19143,row19143
19144,19144,row19144
19145,19145,row19145
19146,19146,row19146
19147,19147,row19147
19148,19148,row19148
19149,19149,row19149
19150,19150,row19150
19151,19151,row19151
19152,19152,row19152
19153,19153,row19153
19154,19154,row19154
19155,19155,row19155
19156,19156,row19156
19157,19157,row19157
19158,19158,row19158
19159,19159,row19159
19160,19160,row19160
19161,19161,row19161
19162,19162,row19162
19163,19163,row19163
19164,19164,row19164
19165,19165,row19165
19166,19166,row19166
19167,19167,row19167
19168,19168,row19168
19169,19169,row19169
19170,19170,row19170
19171,19171,row19171
19172,19172,row19172
19173,19173,row19173
19174,19174,row19174
19175,19175,row19175
19176,19176,row19176
19177,19177,row19177
19178,19178,row19178
19179,19179,row19179
19180,19180,row19180
19181,19181,row19181
19182,19182,row19182
19183,19183,row19183
19184,19184,row19184
19185,19185,row19185
19186,19186,row19186
19187,19187,row19187
19188,19188,row19188
19189,19189,row19189
19190,19190,row19190
19191,19191,row19191
19192,19192,row19192
19193,19193,row19193
19194,19194,row19194
19195,19195,row19195
19196,19196,row19196
19197,19197,row19197
19198,19198,row19198
19199,19199,row19199
19200,19200,row19200
19201,19201,row19201
19202,19202,row19202
19203,19203,row19203
19204,19204,row19204
19205,19205,row19205
19206,19206,row19206
19207,19207,row19207
19208,19208,row19208
19209,19209,row19209
19210,19210,row19210
19211,19211,row19211
19212,19212,row19212
19213,19213,row19213
19214,19214,row19214
19215,19215,row19215
19216,19216,row19216
19217,19217,row19217
19218,19218,row19218
19219,19219,row19219
19220,19220,row19220
19221,19221,row19221
19222,19222,row19222
19223,19223,row19223
19224,19224,row19224
19225,19225,row19225
19226,19226,row19226
19227,19227,row19227
19228,19228,row19228
19229,19229,row19229
19230,19230,row19230
19231,19231,row19231
19232,19232,row19232
19233,19233,row19233
19234,19234,row19234
19235,19235,row19235
19236,19236,row19236
19237,19237,row19237
19238,19238,row19238
19239,19239,row19239
19240,19240,row19240
19241,19241,row19241
19242,19242,row19242
19243,19243,row19243
19244,19244,row19244
19245,19245,row19245
19246,19246,row19246
19247,19247,row19247
19248,19248,row19248
19249,19249,row19249
19250,19250,row19250
19251,19251,row19251
19252,19252,row19252
19253,19253,row19253
19254,19254,row19254
19255,19255,row19255
19256,19256,row19256
19257,19257,row19257
19258,19258,row19258
19259,19259,row19259
19260,19260,row19260
19261,19261,row19261
19262,19262,row19262
19263,19263,row19263
19264,19264,row19264
19265,19265,row19265
19266,19266,row19266
19267,19267,row19267
19268,19268,row19268
19269,19269,row19269
19270,19270,row19270
19271,19271,row19271
19272,19272,row19272
19273,19273,row19273
19274,19274,row19274
19275,19275,row19275
19276,19276,row19276
19277,19277,row19277
19278,19278,row19278
19279,19279,row19279
19280,19280,row19280
19281,19281,row19281
19282,19282,row19282
19283,19283,row19283
19284,19284,row19284
19285,19285,row19285
19286,19286,row19286
19287,19287,row19287
19288,19288,row19288
19289,19289,row19289
19290,19290,row19290
19291,19291,row19291
19292,19292,row19292
19293,19293,row19293
19294,19294,row19294
19295,19295,row19295
19296,19296,row19296
19297,19297,row19297
19298,19298,row19298
19299,19299,row19299
19300,19300,row19300
19301,19301,row19301
19302,19302,row19302
19303,19303,row19303
19304,19304,row19304
19305,19305,row19305
19306,19306,row19306
19307,19307,row19307
19308,19308,row19308
19309,19309,row19309
19310,19310,row19310
19311,19311,row19311
19312,19312,row19312
19313,19313,row19313
19314,19314,row19314
19315,19315,row19315
19316,19316,row19316
19317,19317,row19317
19318,19318,row19318
19319,19319,row19319
19320,19320,row19320
19321,19321,row19321
19322,19322,row19322
19323,19323,row19323
19324,19324,row19324
19325,19325,row19325
19326,19326,row19326
19327,19327,row19327
19328,19328,row19328
19329,19329,row19329
19330,19330,row19330
19331,19331,row19331
19332,19332,row19332
19333,19333,row19333
19334,19334,row19334
19335,19335,row19335
19336,19336,row19336
19337,19337,row19337
19338,19338,row19338
19339,19339,row19339
19340,19340,row19340
19341,19341,row19341
19342,19342,row19342
19343,19343,row19343
19344,19344,row19344
19345,19345,row19345
19346,19346,row19346
19347,19347,row19347
19348,19348,row19348
19349,19349,row19349
19350,19350,row19350
19351,19351,row19351
19352,19352,row19352
19353,19353,row19353
19354,19354,row19354
19355,19355,row19355
19356,19356,row19356
19357,19357,row19357
19358,19358,row19358
19359,19359,row19359
19360,19360,row19360
19361,19361,row19361
19362,19362,row19362
19363,19363,row19363
19364,19364,row19364
19365,19365,row19365
19366,19366,row19366
19367,19367,row19367
19368,19368,row19368
19369,19369,row19369
19370,19370,row19370
19371,19371,row19371
19372,19372,row19372
19373,19373,row19373
19374,19374,row19374
19375,19375,row19375
19376,19376,row19376
19377,19377,row19377
19378,19378,row19378
19379,19379,row19379
19380,19380,row19380
19381,19381,row19381
19382,19382,row19382
19383,19383,row19383
19384,19384,row19384
19385,19385,row19385
19386,19386,row19386
19387,19387,row19387
19388,19388,row19388
19389,19389,row19389
19390,19390,row19390
19391,19391,row19391
19392,19392,row19392
19393,19393,row19393
19394,19394,row19394
19395,19395,row19395
19396,19396,row19396
19397,19397,row19397
19398,19398,row19398
19399,19399,row19399
19400,19400,row19400
19401,19401,row19401
19402,19402,row19402
19403,19403,row19403
19404,19404,row19404
19405,19405,row19405
19406,19406,row19406
19407,19407,row19407
19408,19408,row19408
19409,19409,row19409
19410,19410,row19410
19411,19411,row19411
19412,19412,row19412
19413,19413,row19413
19414,19414,row19414
19415,19415,row19415
19416,19416,row19416
19417,19417,row19417
19418,19418,row19418
19419,19419,row19419
19420,19420,row19420
19421,19421,row19421
19422,19422,row19422
19423,19423,row19423
19424,19424,row19424
19425,19425,row19425
19426,19426,row19426
19427,19427,row19427
19428,19428,row19428
19429,19429,row19429
19430,19430,row19430
19431,19431,row19431
19432,19432,row19432
19433,19433,row19433
19434,19434,row19434
19435,19435,row19435
19436,19436,row19436
19437,19437,row19437
19438,19438,row19438
19439,19439,row19439
19440,19440,row19440
19441,19441,row19441
19442,19442,row19442
19443,19443,row19443
19444,19444,row19444
19445,19445,row19445
19446,19446,row19446
19447,19447,row19447
19448,19448,row19448
19449,19449,row19449
19450,19450,row19450
19451,19451,row19451
19452,19452,row19452
19453,19453,row19453
19454,19454,row19454
19455,19455,row19455
19456,19456,row19456
19457,19457,row19457
19458,19458,row19458
19459,19459,row19459
19460,19460,row19460
19461,19461,row19461
19462,19462,row19462
19463,19463,row19463
19464,19464,row19464
19465,19465,row19465
19466,19466,row19466
19467,19467,row19467
19468,19468,row19468
19469,19469,row19469
19470,19470,row19470
19471,19471,row19471
19472,19472,row19472
19473,19473,row19473
19474,19474,row19474
19475,19475,row19475
19476,19476,row19476
19477,19477,row19477
19478,19478,row19478
19479,19479,row19479
19480,19480,row19480
19481,19481,row19481
19482,19482,row19482
19483,19483,row19483
19484,19484,row19484
19485,19485,row19485
19486,19486,row19486
19487,19487,row19487
19488,19488,row19488
19489,19489,row19489
19490,19490,row19490
19491,19491,row19491
19492,19492,row19492
19493,19493,row19493
19494,19494,row19494
19495,19495,row19495
19496,19496,row19496
19497,19497,row19497
19498,19498,row19498
19499,19499,row19499
19500,19500,row19500
19501,19501,row19501
19502,19502,row19502
19503,19503,row19503
19504,19504,row19504
19505,19505,row19505
19506,19506,row19506
19507,19507,row19507
19508,19508,row19508
19509,19509,row19509
19510,19510,row19510
19511,19511,row19511
19512,19512,row19512
19513,19513,row19513
19514,19514,row19514
19515,19515,row19515
19516,19516,row19516
19517,19517,row19517
19518,19518,row19518
19519,19519,row19519
19520,19520,row19520
19521,19521,row19521
19522,19522,row19522
19523,19523,row19523
19524,19524,row19524
19525,19525,row19525
19526,19526,row19526
19527,19527,row19527
19528,19528,row19528
19529,19529,row19529
19530,19530,row19530
19531,19531,row19531
19532,19532,row19532
19533,19533,row19533
19534,19534,row19534
19535,19535,row19535
19536,19536,row19536
19537,19537,row19537
19538,19538,row19538
19539,19539,row19539
19540,19540,row19540
19541,19541,row19541
19542,19542,row19542
19543,19543,row19543
19544,19544,row19544
19545,19545,row19545
19546,19546,row19546
19547,19547,row19547
19548,19548,row19548
19549,19549,row19549
19550,19550,row19550
19551,19551,row19551
19552,19552,row19552
19553,19553,row19553
19554,19554,row19554
19555,19555,row19555
19556,19556,row19556
19557,19557,row19557
19558,19558,row19558
19559,19559,row19559
19560,19560,row19560
19561,19561,row19561
19562,19562,row19562
19563,19563,row19563
19564,19564,row19564
19565,19565,row19565
19566,19566,row19566
19567,19567,row19567
19568,19568,row19568
19569,19569,row19569
19570,19570,row19570
19571,19571,row19571
19572,19572,row19572
19573,19573,row19573
19574,19574,row19574
19575,19575,row19575
19576,19576,row19576
19577,19577,row19577
19578,19578,row19578
19579,19579,row19579
19580,19580,row19580
19581,19581,row19581
19582,19582,row19582
19583,19583,row19583
19584,19584,row19584
19585,19585,row19585
19586,19586,row19586
19587,19587,row19587
19588,19588,row19588
19589,19589,row19589
19590,19590,row19590
19591,19591,row19591
19592,19592,row19592
19593,19593,row19593
19594,19594,row19594
19595,19595,row19595
19596,19596,row19596
19597,19597,row19597
19598,19598,row19598
19599,19599,row19599
19600,19600,row19600
19601,19601,row19601
19602,19602,row19602
19603,19603,row19603
19604,19604,row19604
19605,19605,row19605
19606,19606,row19606
19607,19607,row19607
19608,19608,row19608
19609,19609,row19609
19610,19610,row19610
19611,19611,row19611
19612,19612,row19612
19613,19613,row19613
19614,19614,row19614
19615,19615,row19615
19616,19616,row19616
19617,19617,row19617
19618,19618,row19618
19619,19619,row19619
19620,19620,row19620
19621,19621,row19621
19622,19622,row19622
19623,19623,row19623
19624,19624,row19624
19625,19625,row19625
19626,19626,row19626
19627,19627,row19627
19628,19628,row19628
19629,19629,row19629
19630,19630,row19630
19631,19631,row19631
19632,19632,row19632
19633,19633,row19633
19634,19634,row19634
19635,19635,row19635
19636,19636,row19636
19637,19637,row19637
19638,19638,row19638
19639,19639,row19639
19640,19640,row19640
19641,19641,row19641
19642,19642,row19642
19643,19643,row19643
19644,19644,row19644
19645,19645,row19645
19646,19646,row19646
19647,19647,row19647
19648,19648,row19648
19649,19649,row19649
19650,19650,row19650
19651,19651,row19651
19652,19652,row19652
19653,19653,row19653
19654,19654,row19654
19655,19655,row19655
19656,19656,row19656
19657,19657,row19657
19658,19658,row19658
19659,19659,row19659
19660,19660,row19660
19661,19661,row19661
19662,19662,row19662
19663,19663,row19663
19664,19664,row19664
19665,19665,row19665
19666,19666,row19666
19667,19667,row19667
19668,19668,row19668
19669,19669,row19669
19670,19670,row19670
19671,19671,row19671
19672,19672,row19672
19673,19673,row19673
19674,19674,row19674
19675,19675,row19675
19676,19676,row19676
19677,19677,row19677
19678,19678,row19678
19679,19679,row19679
19680,19680,row19680
19681,19681,row19681
19682,19682,row19682
19683,19683,row19683
19684,19684,row19684
19685,19685,row19685
19686,19686,row19686
19687,19687,row19687
19688,19688,row19688
19689,19689,row19689
19690,19690,row19690
19691,19691,row19691
19692,19692,row19692
19693,19693,row19693
19694,19694,row19694
19695,19695,row19695
19696,19696,row19696
19697,19697,row19697
19698,19698,row19698
19699,19699,row19699
19700,19700,row19700
19701,19701,row19701
19702,19702,row19702
19703,19703,row19703
19704,19704,row19704
19705,19705,row19705
19706,19706,row19706
19707,19707,row19707
19708,19708,row19708
19709,19709,row19709
19710,19710,row19710
19711,19711,row19711
19712,19712,row19712
19713,19713,row19713
19714,19714,row19714
19715,19715,row19715
19716,19716,row19716
19717,19717,row19717
19718,19718,row19718
19719,19719,row19719
19720,19720,row19720
19721,19721,row19721
19722,19722,row19722
19723,19723,row19723
19724,19724,row19724
19725,19725,row19725
19726,19726,row19726
19727,19727,row19727
19728,19728,row19728
19729,19729,row19729
19730,19730,row19730
19731,19731,row19731
19732,19732,row19732
19733,19733,row19733
19734,19734,row19734
19735,19735,row19735
19736,19736,row19736
19737,19737,row19737
19738,19738,row19738
19739,19739,row19739
19740,19740,row19740
19741,19741,row19741
19742,19742,row19742
19743,19743,row19743
19744,19744,row19744
19745,19745,row19745
19746,19746,row19746
19747,19747,row19747
19748,19748,row19748
19749,19749,row19749
19750,19750,row19750
19751,19751,row19751
19752,19752,row19752
19753,19753,row19753
19754,19754,row19754
19755,19755,row19755
19756,19756,row19756
19757,19757,row19757
19758,19758,row19758
19759,19759,row19759
19760,19760,row19760
19761,19761,row19761
19762,19762,row19762
19763,19763,row19763
19764,19764,row19764
19765,19765,row19765
19766,19766,row19766
19767,19767,row19767
19768,19768,row19768
19769,19769,row19769
19770,19770,row19770
19771,19771,row19771
19772,19772,row19772
19773,19773,row19773
19774,19774,row19774
19775,19775,row19775
19776,19776,row19776
19777,19777,row19777
19778,19778,row19778
19779,19779,row19779
19780,19780,row19780
19781,19781,row19781
19782,19782,row19782
19783,19783,row19783
19784,19784,row19784
19785,19785,row19785
19786,19786,row19786
19787,19787,row19787
19788,19788,row19788
19789,19789,row19789
19790,19790,row19790
19791,19791,row19791
19792,19792,row19792
19793,19793,row19793
19794,19794,row19794
19795,19795,row19795
19796,19796,row19796
19797,19797,row19797
19798,19798,row19798
19799,19799,row19799
19800,19800,row19800
19801,19801,row19801
19802,19802,row19802
19803,19803,row19803
19804,19804,row19804
19805,19805,row19805
19806,19806,row19806
19807,19807,row19807
19808,19808,row19808
19809,19809,row19809
19810,19810,row19810
19811,19811,row19811
19812,19812,row19812
19813,19813,row19813
19814,19814,row19814
19815,19815,row19815
19816,19816,row19816
19817,19817,row19817
19818,19818,row19818
19819,19819,row19819
19820,19820,row19820
19821,19821,row19821
19822,19822,row19822
19823,19823,row19823
19824,19824,row19824
19825,19825,row19825
19826,19826,row19826
19827,19827,row19827
19828,19828,row19828
19829,19829,row19829
19830,19830,row19830
19831,19831,row19831
19832,19832,row19832
19833,19833,row19833
19834,19834,row19834
19835,19835,row19835
19836,19836,row19836
19837,19837,row19837
19838,19838,row19838
19839,19839,row19839
19840,19840,row19840
19841,19841,row19841
19842,19842,row19842
19843,19843,row19843
19844,19844,row19844
19845,19845,row19845
19846,19846,row19846
19847,19847,row19847
19848,19848,row19848
19849,19849,row19849
19850,19850,row19850
19851,19851,row19851
19852,19852,row19852
19853,19853,row19853
19854,19854,row19854
19855,19855,row19855
19856,19856,row19856
19857,19857,row19857
19858,19858,row19858
19859,19859,row19859
19860,19860,row19860
19861,19861,row19861
19862,19862,row19862
19863,19863,row19863
19864,19864,row19864
19865,19865,row19865
19866,19866,row19866
19867,19867,row19867
19868,19868,row19868
19869,19869,row19869
19870,19870,row19870
19871,19871,row19871
19872,19872,row19872
19873,19873,row19873
19874,19874,row19874
19875,19875,row19875
19876,19876,row19876
19877,19877,row19877
19878,19878,row19878
19879,19879,row19879
19880,19880,row19880
19881,19881,row19881
19882,19882,row19882
19883,19883,row19883
19884,19884,row19884
19885,19885,row19885
19886,19886,row19886
19887,19887,row19887
19888,19888,row19888
19889,19889,row19889
19890,19890,row19890
19891,19891,row19891
19892,19892,row19892
19893,19893,row19893
19894,19894,row19894
19895,19895,row19895
19896,19896,row19896
19897,19897,row19897
19898,19898,row19898
19899,19899,row19899
19900,19900,row19900
19901,19901,row19901
19902,19902,row19902
19903,19903,row19903
19904,19904,row19904
19905,19905,row19905
19906,19906,row19906
19907,19907,row19907
19908,19908,row19908
19909,19909,row19909
19910,19910,row19910
19911,19911,row19911
19912,19912,row19912
19913,19913,row19913
19914,19914,row19914
19915,19915,row19915
19916,19916,row19916
19917,19917,row19917
19918,19918,row19918
19919,19919,row19919
19920,19920,row19920
19921,19921,row19921
19922,19922,row19922
19923,19923,row19923
19924,19924,row19924
19925,19925,row19925
19926,19926,row19926
19927,19927,row19927
19928,19928,row19928
19929,19929,row19929
19930,19930,row19930
19931,19931,row19931
19932,19932,row19932
19933,19933,row19933
19934,19934,row19934
19935,19935,row19935
19936,19936,row19936
19937,19937,row19937
19938,19938,row19938
19939,19939,row19939
19940,19940,row19940
19941,19941,row19941
19942,19942,row19942
19943,19943,row19943
19944,19944,row19944
19945,19945,row19945
19946,19946,row19946
19947,19947,row19947
19948,19948,row19948
19949,19949,row19949
19950,19950,row19950
19951,19951,row19951
19952,19952,row19952
19953,19953,row19953
19954,19954,row19954
19955,19955,row19955
19956,19956,row19956
19957,19957,row19957
19958,19958,row19958
19959,19959,row19959
19960,19960,row19960
19961,19961,row19961
19962,19962,row19962
19963,19963,row19963
19964,19964,row19964
19965,19965,row19965
19966,19966,row19966
19967,19967,row19967
19968,19968,row19968
19969,19969,row19969
19970,19970,row19970
19971,19971,row19971
19972,19972,row19972
19973,19973,row19973
19974,19974,row19974
19975,19975,row19975
19976,19976,row19976
19977,19977,row19977
19978,19978,row19978
19979,19979,row19979
19980,19980,row19980
19981,19981,row19981
19982,19982,row19982
19983,19983,row19983
19984,19984,row19984
19985,19985,row19985
19986,19986,row19986
19987,19987,row19987
19988,19988,row19988
19989,19989,row19989
19990,19990,row19990
19991,19991,row19991
19992,19992,row19992
19993,19993,row19993
19994,19994,row19994
19995,19995,row19995
19996,19996,row19996
19997,19997,row19997
19998,19998,row19998
19999,19999,row19999
20000,20000,row20000
20001,20001,row20001
20002,20002,row20002
20003,20003,row20003
20004,20004,row20004
20005,20005,row20005
20006,20006,row20006
20007,20007,row20007
20008,20008,row20008
20009,20009,row20009
20010,20010,row20010
20011,20011,row20011
20012,20012,row20012
20013,20013,row20013
20014,20014,row20014
20015,20015,row20015
20016,20016,row20016
20017,20017,row20017
20018,20018,row20018
20019,20019,row20019
20020,20020,row20020
20021,20021,row20021
20022,20022,row20022
20023,20023,row20023
20024,20024,row20024
20025,20025,row20025
20026,20026,row20026
20027,20027,row20027
20028,20028,row20028
20029,20029,row20029
20030,20030,row20030
20031,20031,row20031
20032,20032,row20032
20033,20033,row20033
20034,20034,row20034
20035,20035,row20035
20036,20036,row20036
20037,20037,row20037
20038,20038,row20038
20039,20039,row20039
20040,20040,row20040
20041,20041,row20041
20042,20042,row20042
20043,20043,row20043
20044,20044,row20044
20045,20045,row20045
20046,20046,row20046
20047,20047,row20047
20048,20048,row20048
20049,20049,row20049
20050,20050,row20050
20051,20051,row20051
20052,20052,row20052
20053,20053,row20053
20054,20054,row20054
20055,20055,row20055
20056,20056,row20056
20057,20057,row20057
20058,20058,row20058
20059,20059,row20059
20060,20060,row20060
20061,20061,row20061
20062,20062,row20062
20063,20063,row20063
20064,20064,row20064
20065,20065,row20065
20066,20066,row20066
20067,20067,row20067
20068,20068,row20068
20069,20069,row20069
20070,20070,row20070
20071,20071,row20071
20072,20072,row20072
20073,20073,row20073
20074,20074,row20074
20075,20075,row20075
20076,20076,row20076
20077,20077,row20077
20078,20078,row20078
20079,20079,row20079
20080,20080,row20080
20081,20081,row20081
20082,20082,row20082
20083,20083,row20083
20084,20084,row20084
20085,20085,row20085
20086,20086,row20086
20087,20087,row20087
20088,20088,row20088
20089,20089,row20089
20090,20090,row20090
20091,20091,row20091
20092,20092,row20092
20093,20093,row20093
20094,20094,row20094
20095,20095,row20095
20096,20096,row20096
20097,20097,row20097
20098,20098,row20098
20099,20099,row20099
20100,20100,row20100
20101,20101,row20101
20102,20102,row20102
20103,20103,row20103
20104,20104,row20104
20105,20105,row20105
20106,20106,row20106
20107,20107,row20107
20108,20108,row20108
20109,20109,row20109
20110,20110,row20110
20111,20111,row20111
20112,20112,row20112
20113,20113,row20113
20114,20114,row20114
20115,20115,row20115
20116,20116,row20116
20117,20117,row20117
20118,20118,row20118
20119,20119,row20119
20120,20120,row20120
20121,20121,row20121
20122,20122,row20122
20123,20123,row20123
20124,20124,row20124
20125,20125,row20125
20126,20126,row20126
20127,20127,row20127
20128,20128,row20128
20129,20129,row20129
20130,20130,row20130
20131,20131,row20131
20132,20132,row20132
20133,20133,row20133
20134,20134,row20134
20135,20135,row20135
20136,20136,row20136
20137,20137,row20137
20138,20138,row20138
20139,20139,row20139
20140,20140,row20140
20141,20141,row20141
20142,20142,row20142
20143,20143,row20143
20144,20144,row20144
20145,20145,row20145
20146,20146,row20146
20147,20147,row20147
20148,20148,row20148
20149,20149,row20149
20150,20150,row20150
20151,20151,row20151
20152,20152,row20152
20153,20153,row20153
20154,20154,row20154
20155,20155,row20155
20156,20156,row20156
20157,20157,row20157
20158,20158,row20158
20159,20159,row20159
20160,20160,row20160
20161,20161,row20161
20162,20162,row20162
20163,20163,row20163
20164,20164,row20164
20165,20165,row20165
20166,20166,row20166
20167,20167,row20167
20168,20168,row20168
20169,20169,row20169
20170,20170,row20170
20171,20171,row20171
20172,20172,row20172
20173,20173,row20173
20174,20174,row20174
20175,20175,row20175
20176,20176,row20176
20177,20177,row20177
20178,20178,row20178
20179,20179,row20179
20180,20180,row20180
20181,20181,row20181
20182,20182,row20182
20183,20183,row20183
20184,20184,row20184
20185,20185,row20185
20186,20186,row20186
20187,20187,row20187
20188,20188,row20188
20189,20189,row20189
20190,20190,row20190
20191,20191,row20191
20192,20192,row20192
20193,20193,row20193
20194,20194,row20194
20195,20195,row20195
20196,20196,row20196
20197,20197,row20197
20198,20198,row20198
20199,20199,row20199
20200,20200,row20200
20201,20201,row20201
20202,20202,row20202
20203,20203,row20203
20204,20204,row20204
20205,20205,row20205
20206,20206,row20206
20207,20207,row20207
20208,20208,row20208
20209,20209,row20209
20210,20210,row20210
20211,20211,row20211
20212,20212,row20212
20213,20213,row20213
20214,20214,row20214
20215,20215,row20215
20216,20216,row20216
20217,20217,row20217
20218,20218,row20218
20219,20219,row20219
20220,20220,row20220
20221,20221,row20221
20222,20222,row20222
20223,20223,row20223
20224,20224,row20224
20225,20225,row20225
20226,20226,row20226
20227,20227,row20227
20228,20228,row20228
20229,20229,row20229
20230,20230,row20230
20231,20231,row20231
20232,20232,row20232
20233,20233,row20233
20234,20234,row20234
20235,20235,row20235
20236,20236,row20236
20237,20237,row20237
20238,20238,row20238
20239,20239,row20239
20240,20240,row20240
20241,20241,row20241
20242,20242,row20242
20243,20243,row20243
20244,20244,row20244
20245,20245,row20245
20246,20246,row20246
20247,20247,row20247
20248,20248,row20248
20249,20249,row20249
20250,20250,row20250
20251,20251,row20251
20252,20252,row20252
20253,20253,row20253
20254,20254,row20254
20255,20255,row20255
20256,20256,row20256
20257,20257,row20257
20258,20258,row20258
20259,20259,row20259
20260,20260,row20260
20261,20261,row20261
20262,20262,row20262
20263,20263,row20263
20264,20264,row20264
20265,20265,row20265
20266,20266,row20266
20267,20267,row20267
20268,20268,row20268
20269,20269,row20269
20270,20270,row20270
20271,20271,row20271
20272,20272,row20272
20273,20273,row20273
20274,20274,row20274
20275,20275,row20275
20276,20276,row20276
20277,20277,row20277
20278,20278,row20278
20279,20279,row20279
20280,20280,row20280
20281,20281,row20281
20282,20282,row20282
20283,20283,row20283
20284,20284,row20284
20285,20285,row20285
20286,20286,row20286
20287,20287,row20287
20288,20288,row20288
20289,20289,row20289
20290,20290,row20290
20291,20291,row20291
20292,20292,row20292
20293,20293,row20293
20294,20294,row20294
20295,20295,row20295
20296,20296,row20296
20297,20297,row20297
20298,20298,row20298
20299,20299,row20299
20300,20300,row20300
20301,20301,row20301
20302,20302,row20302
20303,20303,row20303
20304,20304,row20304
20305,20305,row20305
20306,20306,row20306
20307,20307,row20307
20308,20308,row20308
20309,20309,row20309
20310,20310,row20310
20311,20311,row20311
20312,20312,row20312
20313,20313,row20313
20314,20314,row20314
20315,20315,row20315
20316,20316,row20316
20317,20317,row20317
20318,20318,row20318
20319,20319,row20319
20320,20320,row20320
20321,20321,row20321
20322,20322,row20322
20323,20323,row20323
20324,20324,row20324
20325,20325,row20325
20326,20326,row20326
20327,20327,row20327
20328,20328,row20328
20329,20329,row20329
20330,20330,row20330
20331,20331,row20331
20332,20332,row20332
20333,20333,row20333
20334,20334,row20334
20335,20335,row20335
20336,20336,row20336
20337,20337,row20337
20338,20338,row20338
20339,20339,row20339
20340,20340,row20340
20341,20341,row20341
20342,20342,row20342
20343,20343,row20343
20344,20344,row20344
20345,20345,row20345
20346,20346,row20346
20347,20347,row20347
20348,20348,row20348
20349,20349,row20349
20350,20350,row20350
20351,20351,row20351
20352,20352,row20352
20353,20353,row20353
20354,20354,row20354
20355,20355,row20355
20356,20356,row20356
20357,20357,row20357
20358,20358,row20358
20359,20359,row20359
20360,20360,row20360
20361,20361,row20361
20362,20362,row20362
20363,20363,row20363
20364,20364,row20364
20365,20365,row20365
20366,20366,row20366
20367,20367,row20367
20368,20368,row20368
20369,20369,row20369
20370,20370,row20370
20371,20371,row20371
20372,20372,row20372
20373,20373,row20373
20374,20374,row20374
20375,20375,row20375
20376,20376,row20376
20377,20377,row20377
20378,20378,row20378
20379,20379,row20379
20380,20380,row20380
20381,20381,row20381
20382,20382,row20382
20383,20383,row20383
20384,20384,row20384
20385,20385,row20385
20386,20386,row20386
20387,20387,row20387
20388,20388,row20388
20389,20389,row20389
20390,20390,row20390
20391,20391,row20391
20392,20392,row20392
20393,20393,row20393
20394,20394,row20394
20395,20395,row20395
20396,20396,row20396
20397,20397,row20397
20398,20398,row20398
20399,20399,row20399
20400,20400,row20400
20401,20401,row20401
20402,20402,row20402
20403,20403,row20403
20404,20404,row20404
20405,20405,row20405
20406,20406,row20406
20407,20407,row20407
20408,20408,row20408
20409,20409,row20409
20410,20410,row20410
20411,20411,row20411
20412,20412,row20412
20413,20413,row20413
20414,20414,row20414
20415,20415,row20415
20416,20416,row20416
20417,20417,row20417
20418,20418,row20418
20419,20419,row20419
20420,20420,row20420
20421,20421,row20421
20422,20422,row20422
20423,20423,row20423
20424,20424,row20424
20425,20425,row20425
20426,20426,row20426
20427,20427,row20427
20428,20428,row20428
20429,20429,row20429
20430,20430,row20430
20431,20431,row20431
20432,20432,row20432
20433,20433,row20433
20434,20434,row20434
20435,20435,row20435
20436,20436,row20436
20437,20437,row20437
20438,20438,row20438
20439,20439,row20439
20440,20440,row20440
20441,20441,row20441
20442,20442,row20442
20443,20443,row20443
20444,20444,row20444
20445,20445,row20445
20446,20446,row20446
20447,20447,row20447
20448,20448,row20448
20449,20449,row20449
20450,20450,row20450
20451,20451,row20451
20452,20452,row20452
20453,20453,row20453
20454,20454,row20454
20455,20455,row20455
20456,20456,row20456
20457,20457,row20457
20458,20458,row20458
20459,20459,row20459
20460,20460,row20460
20461,20461,row20461
20462,20462,row20462
20463,20463,row20463
20464,20464,row20464
20465,20465,row20465
20466,20466,row20466
20467,20467,row20467
20468,20468,row20468
20469,20469,row20469
20470,20470,row20470
20471,20471,row20471
20472,20472,row20472
20473,20473,row20473
20474,20474,row20474
20475,20475,row20475
20476,20476,row20476
20477,20477,row20477
20478,20478,row20478
20479,20479,row20479
20480,20480,row20480
20481,20481,row20481
20482,20482,row20482
20483,20483,row20483
20484,20484,row20484
20485,20485,row20485
20486,20486,row20486
20487,20487,row20487
20488,20488,row20488
20489,20489,row20489
20490,20490,row20490
20491,20491,row20491
20492,20492,row20492
20493,20493,row20493
20494,20494,row20494
20495,20495,row20495
20496,20496,row20496
20497,20497,row20497
20498,20498,row20498
20499,20499,row20499
20500,20500,row20500
20501,20501,row20501
20502,20502,row20502
20503,20503,row20503
20504,20504,row20504
20505,20505,row20505
20506,20506,row20506
20507,20507,row20507
20508,20508,row20508
20509,20509,row20509
20510,20510,row20510
20511,20511,row20511
20512,20512,row20512
20513,20513,row20513
20514,20514,row20514
20515,20515,row20515
20516,20516,row20516
20517,20517,row20517
20518,20518,row20518
20519,20519,row20519
20520,20520,row20520
20521,20521,row20521
20522,20522,row20522
20523,20523,row20523
20524,20524,row20524
20525,20525,row20525
20526,20526,row20526
20527,20527,row20527
20528,20528,row20528
20529,20529,row20529
20530,20530,row20530
20531,20531,row20531
20532,20532,row20532
20533,20533,row20533
20534,20534,row20534
20535,20535,row20535
20536,20536,row20536
20537,20537,row20537
20538,20538,row20538
20539,20539,row20539
20540,20540,row20540
20541,20541,row20541
20542,20542,row20542
20543,20543,row20543
20544,20544,row20544
20545,20545,row20545
20546,20546,row20546
20547,20547,row20547
20548,20548,row20548
20549,20549,row20549
20550,20550,row20550
20551,20551,row20551
20552,20552,row20552
20553,20553,row20553
20554,20554,row20554
20555,20555,row20555
20556,20556,row20556
20557,20557,row20557
20558,20558,row20558
20559,20559,row20559
20560,20560,row20560
20561,20561,row20561
20562,20562,row20562
20563,20563,row20563
20564,20564,row20564
20565,20565,row20565
20566,20566,row20566
20567,20567,row20567
20568,20568,row20568
20569,20569,row20569
20570,20570,row20570
20571,20571,row20571
20572,20572,row20572
20573,20573,row20573
20574,20574,row20574
20575,20575,row20575
20576,20576,row20576
20577,20577,row20577
20578,20578,row20578
20579,20579,row20579
20580,20580,row20580
20581,20581,row20581
20582,20582,row20582
20583,20583,row20583
20584,20584,row20584
20585,20585,row20585
20586,20586,row20586
20587,20587,row20587
20588,20588,row20588
20589,20589,row20589
20590,20590,row20590
20591,20591,row20591
20592,20592,row20592
20593,20593,row20593
20594,20594,row20594
20595,20595,row20595
20596,20596,row20596
20597,20597,row20597
20598,20598,row20598
20599,20599,row20599
20600,20600,row20600
20601,20601,row20601
20602,20602,row20602
20603,20603,row20603
20604,20604,row20604
20605,20605,row20605
20606,20606,row20606
20607,20607,row20607
20608,20608,row20608
20609,20609,row20609
20610,20610,row20610
20611,20611,row20611
20612,20612,row20612
20613,20613,row20613
20614,20614,row20614
20615,20615,row20615
20616,20616,row20616
20617,20617,row20617
20618,20618,row20618
20619,20619,row20619
20620,20620,row20620
20621,20621,row20621
20622,20622,row20622
20623,20623,row20623
20624,20624,row20624
20625,20625,row20625
20626,20626,row20626
20627,20627,row20627
20628,20628,row20628
20629,20629,row20629
20630,20630,row20630
20631,20631,row20631
20632,20632,row20632
20633,20633,row20633
20634,20634,row20634
20635,20635,row20635
20636,20636,row20636
20637,20637,row20637
20638,20638,row20638
20639,20639,row20639
20640,20640,row20640
20641,20641,row20641
20642,20642,row20642
20643,20643,row20643
20644,20644,row20644
20645,20645,row20645
20646,20646,row20646
20647,20647,row20647
20648,20648,row20648
20649,20649,row20649
20650,20650,row20650
20651,20651,row20651
20652,20652,row20652
20653,20653,row20653
20654,20654,row20654
20655,20655,row20655
20656,20656,row20656
20657,20657,row20657
20658,20658,row20658
20659,20659,row20659
20660,20660,row20660
20661,20661,row20661
20662,20662,row20662
20663,20663,row20663
20664,20664,row20664
20665,20665,row20665
20666,20666,row20666
20667,20667,row20667
20668,20668,row20668
20669,20669,row20669
20670,20670,row20670
20671,20671,row20671
20672,20672,row20672
20673,20673,row20673
20674,20674,row20674
20675,20675,row20675
20676,20676,row20676
20677,20677,row20677
20678,20678,row20678
20679,20679,row20679
20680,20680,row20680
20681,20681,row20681
20682,20682,row20682
20683,20683,row20683
20684,20684,row20684
20685,20685,row20685
20686,20686,row20686
20687,20687,row20687
20688,20688,row20688
20689,20689,row20689
20690,20690,row20690
20691,20691,row20691
20692,20692,row20692
20693,20693,row20693
20694,20694,row20694
20695,20695,row20695
20696,20696,row20696
20697,20697,row20697
20698,20698,row20698
20699,20699,row20699
20700,20700,row20700
20701,20701,row20701
20702,20702,row20702
20703,20703,row20703
20704,20704,row20704
20705,20705,row20705
20706,20706,row20706
20707,20707,row20707
20708,20708,row20708
20709,20709,row20709
20710,20710,row20710
20711,20711,row20711
20712,20712,row20712
20713,20713,row20713
20714,20714,row20714
20715,20715,row20715
20716,20716,row20716
20717,20717,row20717
20718,20718,row20718
20719,20719,row20719
20720,20720,row20720
20721,20721,row20721
20722,20722,row20722
20723,20723,row20723
20724,20724,row20724
20725,20725,row20725
20726,20726,row20726
20727,20727,row20727
20728,20728,row20728
20729,20729,row20729
20730,20730,row20730
20731,20731,row20731
20732,20732,row20732
20733,20733,row20733
20734,20734,row20734
20735,20735,row20735
20736,20736,row20736
20737,20737,row20737
20738,20738,row20738
20739,20739,row20739
20740,20740,row20740
20741,20741,row20741
20742,20742,row20742
20743,20743,row20743
20744,20744,row20744
20745,20745,row20745
20746,20746,row20746
20747,20747,row20747
20748,20748,row20748
20749,20749,row20749
20750,20750,row20750
20751,20751,row20751
20752,20752,row20752
20753,20753,row20753
20754,20754,row20754
20755,20755,row20755
20756,20756,row20756
20757,20757,row20757
20758,20758,row20758
20759,20759,row20759
20760,20760,row20760
20761,20761,row20761
20762,20762,row20762
20763,20763,row20763
20764,20764,row20764
20765,20765,row20765
20766,20766,row20766
20767,20767,row20767
20768,20768,row20768
20769,20769,row20769
20770,20770,row20770
20771,20771,row20771
20772,20772,row20772
20773,20773,row20773
20774,20774,row20774
20775,20775,row20775
20776,20776,row20776
20777,20777,row20777
20778,20778,row20778
20779,20779,row20779
20780,20780,row20780
20781,20781,row20781
20782,20782,row20782
20783,20783,row20783
20784,20784,row20784
20785,20785,row20785
20786,20786,row20786
20787,20787,row20787
20788,20788,row20788
20789,20789,row20789
20790,20790,row20790
20791,20791,row20791
20792,20792,row20792
20793,20793,row20793
20794,20794,row20794
20795,20795,row20795
20796,20796,row20796
20797,20797,row20797
20798,20798,row20798
20799,20799,row20799
20800,20800,row20800
20801,20801,row20801
20802,20802,row20802
20803,20803,row20803
20804,20804,row20804
20805,20805,row20805
20806,20806,row20806
20807,20807,row20807
20808,20808,row20808
20809,20809,row20809
20810,20810,row20810
20811,20811,row20811
20812,20812,row20812
20813,20813,row20813
20814,20814,row20814
20815,20815,row20815
20816,20816,row20816
20817,20817,row20817
20818,20818,row20818
20819,20819,row20819
20820,20820,row20820
20821,20821,row20821
20822,20822,row20822
20823,20823,row20823
20824,20824,row20824
20825,20825,row20825
20826,20826,row20826
20827,20827,row20827
20828,20828,row20828
20829,20829,row20829
20830,20830,row20830
20831,20831,row20831
20832,20832,row20832
20833,20833,row20833
20834,20834,row20834
20835,20835,row20835
20836,20836,row20836
20837,20837,row20837
20838,20838,row20838
20839,20839,row20839
20840,20840,row20840
20841,20841,row20841
20842,20842,row20842
20843,20843,row20843
20844,20844,row20844
20845,20845,row20845
20846,20846,row20846
20847,20847,row20847
20848,20848,row20848
20849,20849,row20849
20850,20850,row20850
20851,20851,row20851
20852,20852,row20852
20853,20853,row20853
20854,20854,row20854
20855,20855,row20855
20856,20856,row20856
20857,20857,row20857
20858,20858,row20858
20859,20859,row20859
20860,20860,row20860
20861,20861,row20861
20862,20862,row20862
20863,20863,row20863
20864,20864,row20864
20865,20865,row20865
20866,20866,row20866
20867,20867,row20867
20868,20868,row20868
20869,20869,row20869
20870,20870,row20870
20871,20871,row20871
20872,20872,row20872
20873,20873,row20873
20874,20874,row20874
20875,20875,row20875
20876,20876,row20876
20877,20877,row20877
20878,20878,row20878
20879,20879,row20879
20880,20880,row20880
20881,20881,row20881
20882,20882,row20882
20883,20883,row20883
20884,20884,row20884
20885,20885,row20885
20886,20886,row20886
20887,20887,row20887
20888,20888,row20888
20889,20889,row20889
20890,20890,row20890
20891,20891,row20891
20892,20892,row20892
20893,20893,row20893
20894,20894,row20894
20895,20895,row20895
20896,20896,row20896
20897,20897,row20897
20898,20898,row20898
20899,20899,row20899
20900,20900,row20900
20901,20901,row20901
20902,20902,row20902
20903,20903,row20903
20904,20904,row20904
20905,20905,row20905
20906,20906,row20906
20907,20907,row20907
20908,20908,row20908
20909,20909,row20909
20910,20910,row20910
20911,20911,row20911
20912,20912,row20912
20913,20913,row20913
20914,20914,row20914
20915,20915,row20915
20916,20916,row20916
20917,20917,row20917
20918,20918,row20918
20919,20919,row20919
20920,20920,row20920
20921,20921,row20921
20922,20922,row20922
20923,20923,row20923
20924,20924,row20924
20925,20925,row20925
20926,20926,row20926
20927,20927,row20927
20928,20928,row20928
20929,20929,row20929
20930,20930,row20930
20931,20931,row20931
20932,20932,row20932
20933,20933,row20933
20934,20934,row20934
20935,20935,row20935
20936,20936,row20936
20937,20937,row20937
20938,20938,row20938
20939,20939,row20939
20940,20940,row20940
20941,20941,row20941
20942,20942,row20942
20943,20943,row20943
20944,20944,row20944
20945,20945,row20945
20946,20946,row20946
20947,20947,row20947
20948,20948,row20948
20949,20949,row20949
20950,20950,row20950
20951,20951,row20951
20952,20952,row20952
20953,20953,row20953
20954,20954,row20954
20955,20955,row20955
20956,20956,row20956
20957,20957,row20957
20958,20958,row20958
20959,20959,row20959
20960,20960,row20960
20961,20961,row20961
20962,20962,row20962
20963,20963,row20963
20964,20964,row20964
20965,20965,row20965
20966,20966,row20966
20967,20967,row20967
20968,20968,row20968
20969,20969,row20969
20970,20970,row20970
20971,20971,row20971
20972,20972,row20972
20973,20973,row20973
20974,20974,row20974
20975,20975,row20975
20976,20976,row20976
20977,20977,row20977
20978,20978,row20978
20979,20979,row20979
20980,20980,row20980
20981,20981,row20981
20982,20982,row20982
20983,20983,row20983
20984,20984,row20984
20985,20985,row20985
20986,20986,row20986
20987,20987,row20987
20988,20988,row20988
20989,20989,row20989
20990,20990,row20990
20991,20991,row20991
20992,20992,row20992
20993,20993,row20993
20994,20994,row20994
20995,20995,row20995
20996,20996,row20996
20997,20997,row20997
20998,20998,row20998
20999,20999,row20999
21000,21000,row21000
21001,21001,row21001
21002,21002,row21002
21003,21003,row21003
21004,21004,row21004
21005,21005,row21005
21006,21006,row21006
21007,21007,row21007
21008,21008,row21008
21009,21009,row21009
21010,21010,row21010
21011,21011,row21011
21012,21012,row21012
21013,21013,row21013
21014,21014,row21014
21015,21015,row21015
21016,21016,row21016
21017,21017,row21017
21018,21018,row21018
21019,21019,row21019
21020,21020,row21020
21021,21021,row21021
21022,21022,row21022
21023,21023,row21023
21024,21024,row21024
21025,21025,row21025
21026,21026,row21026
21027,21027,row21027
21028,21028,row21028
21029,21029,row21029
21030,21030,row21030
21031,21031,row21031
21032,21032,row21032
21033,21033,row21033
21034,21034,row21034
21035,21035,row21035
21036,21036,row21036
21037,21037,row21037
21038,21038,row21038
21039,21039,row21039
21040,21040,row21040
21041,21041,row21041
21042,21042,row21042
21043,21043,row21043
21044,21044,row21044
21045,21045,row21045
21046,21046,row21046
21047,21047,row21047
21048,21048,row21048
21049,21049,row21049
21050,21050,row21050
21051,21051,row21051
21052,21052,row21052
21053,21053,row21053
21054,21054,row21054
21055,21055,row21055
21056,21056,row21056
21057,21057,row21057
21058,21058,row21058
21059,21059,row21059
21060,21060,row21060
21061,21061,row21061
21062,21062,row21062
21063,21063,row21063
21064,21064,row21064
21065,21065,row21065
21066,21066,row21066
21067,21067,row21067
21068,21068,row21068
21069,21069,row21069
21070,21070,row21070
21071,21071,row21071
21072,21072,row21072
21073,21073,row21073
21074,21074,row21074
21075,21075,row21075
21076,21076,row21076
21077,21077,row21077
21078,21078,row21078
21079,21079,row21079
21080,21080,row21080
21081,21081,row21081
21082,21082,row21082
21083,21083,row21083
21084,21084,row21084
21085,21085,row21085
21086,21086,row21086
21087,21087,row21087
21088,21088,row21088
21089,21089,row21089
21090,21090,row21090
21091,21091,row21091
21092,21092,row21092
21093,21093,row21093
21094,21094,row21094
21095,21095,row21095
21096,21096,row21096
21097,21097,row21097
21098,21098,row21098
21099,21099,row21099
21100,21100,row21100
21101,21101,row21101
21102,21102,row21102
21103,21103,row21103
21104,21104,row21104
21105,21105,row21105
21106,21106,row21106
21107,21107,row21107
21108,21108,row21108
21109,21109,row21109
21110,21110,row21110
21111,21111,row21111
21112,21112,row21112
21113,21113,row21113
21114,21114,row21114
21115,21115,row21115
21116,21116,row21116
21117,21117,row21117
21118,21118,row21118
21119,21119,row21119
21120,21120,row21120
21121,21121,row21121
21122,21122,row21122
21123,21123,row21123
21124,21124,row21124
21125,21125,row21125
21126,21126,row21126
21127,21127,row21127
21128,21128,row21128
21129,21129,row21129
21130,21130,row21130
21131,21131,row21131
21132,21132,row21132
21133,21133,row21133
21134,21134,row21134
21135,21135,row21135
21136,21136,row21136
21137,21137,row21137
21138,21138,row21138
21139,21139,row21139
21140,21140,row21140
21141,21141,row21141
21142,21142,row21142
21143,21143,row21143
21144,21144,row21144
21145,21145,row21145
21146,21146,row21146
21147,21147,row21147
21148,21148,row21148
21149,21149,row21149
21150,21150,row21150
21151,21151,row21151
21152,21152,row21152
21153,21153,row21153
21154,21154,row21154
21155,21155,row21155
21156,21156,row21156
21157,21157,row21157
21158,21158,row21158
21159,21159,row21159
21160,21160,row21160
21161,21161,row21161
21162,21162,row21162
21163,21163,row21163
21164,21164,row21164
21165,21165,row21165
21166,21166,row21166
21167,21167,row21167
21168,21168,row21168
21169,21169,row21169
21170,21170,row21170
21171,21171,row21171
21172,21172,row21172
21173,21173,row21173
21174,21174,row21174
21175,21175,row21175
21176,21176,row21176
21177,21177,row21177
21178,21178,row21178
21179,21179,row21179
21180,21180,row21180
21181,21181,row21181
21182,21182,row21182
21183,21183,row21183
21184,21184,row21184
21185,21185,row21185
21186,21186,row21186
21187,21187,row21187
21188,21188,row21188
21189,21189,row21189
21190,21190,row21190
21191,21191,row21191
21192,21192,row21192
21193,21193,row21193
21194,21194,row21194
21195,21195,row21195
21196,21196,row21196
21197,21197,row21197
21198,21198,row21198
21199,21199,row21199
21200,21200,row21200
21201,21201,row21201
21202,21202,row21202
21203,21203,row21203
21204,21204,row21204
21205,21205,row21205
21206,21206,row21206
21207,21207,row21207
21208,21208,row21208
21209,21209,row21209
21210,21210,row21210
21211,21211,row21211
21212,21212,row21212
21213,21213,row21213
21214,21214,row21214
21215,21215,row21215
21216,21216,row21216
21217,21217,row21217
21218,21218,row21218
21219,21219,row21219
21220,21220,row21220
21221,21221,row21221
21222,21222,row21222
21223,21223,row21223
21224,21224,row21224
21225,21225,row21225
21226,21226,row21226
21227,21227,row21227
21228,21228,row21228
21229,21229,row21229
21230,21230,row21230
21231,21231,row21231
21232,21232,row21232
21233,21233,row21233
21234,21234,row21234
21235,21235,row21235
21236,21236,row21236
21237,21237,row21237
21238,21238,row21238
21239,21239,row21239
21240,21240,row21240
21241,21241,row21241
21242,21242,row21242
21243,21243,row21243
21244,21244,row21244
21245,21245,row21245
21246,21246,row21246
21247,21247,row21247
21248,21248,row21248
21249,21249,row21249
21250,21250,row21250
21251,21251,row21251
21252,21252,row21252
21253,21253,row21253
21254,21254,row21254
21255,21255,row21255
21256,21256,row21256
21257,21257,row21257
21258,21258,row21258
21259,21259,row21259
21260,21260,row21260
21261,21261,row21261
21262,21262,row21262
21263,21263,row21263
21264,21264,row21264
21265,21265,row21265
21266,21266,row21266
21267,21267,row21267
21268,21268,row21268
21269,21269,row21269
21270,21270,row21270
21271,21271,row21271
21272,21272,row21272
21273,21273,row21273
21274,21274,row21274
21275,21275,row21275
21276,21276,row21276
21277,21277,row21277
21278,21278,row21278
21279,21279,row21279
21280,21280,row21280
21281,21281,row21281
21282,21282,row21282
21283,21283,row21283
21284,21284,row21284
21285,21285,row21285
21286,21286,row21286
21287,21287,row21287
21288,21288,row21288
21289,21289,row21289
21290,21290,row21290
21291,21291,row21291
21292,21292,row21292
21293,21293,row21293
21294,21294,row21294
21295,21295,row21295
21296,21296,row21296
21297,21297,row21297
21298,21298,row21298
21299,21299,row21299
21300,21300,row21300
21301,21301,row21301
21302,21302,row21302
21303,21303,row21303
21304,21304,row21304
21305,21305,row21305
21306,21306,row21306
21307,21307,row21307
21308,21308,row21308
21309,21309,row21309
21310,21310,row21310
21311,21311,row21311
21312,21312,row21312
21313,21313,row21313
21314,21314,row21314
21315,21315,row21315
21316,21316,row21316
21317,21317,row21317
21318,21318,row21318
21319,21319,row21319
21320,21320,row21320
21321,21321,row21321
21322,21322,row21322
21323,21323,row21323
21324,21324,row21324
21325,21325,row21325
21326,21326,row21326
21327,21327,row21327
21328,21328,row21328
21329,21329,row21329
21330,21330,row21330
21331,21331,row21331
21332,21332,row21332
21333,21333,row21333
21334,21334,row21334
21335,21335,row21335
21336,21336,row21336
21337,21337,row21337
21338,21338,row21338
21339,21339,row21339
21340,21340,row21340
21341,21341,row21341
21342,21342,row21342
21343,21343,row21343
21344,21344,row21344
21345,21345,row21345
21346,21346,row21346
21347,21347,row21347
21348,21348,row21348
21349,21349,row21349
21350,21350,row21350
21351,21351,row21351
21352,21352,row21352
21353,21353,row21353
21354,21354,row21354
21355,21355,row21355
21356,21356,row21356
21357,21357,row21357
21358,21358,row21358
21359,21359,row21359
21360,21360,row21360
21361,21361,row21361
21362,21362,row21362
21363,21363,row21363
21364,21364,row21364
21365,21365,row21365
21366,21366,row21366
21367,21367,row21367
21368,21368,row21368
21369,21369,row21369
21370,21370,row21370
21371,21371,row21371
21372,21372,row21372
21373,21373,row21373
21374,21374,row21374
21375,21375,row21375
21376,21376,row21376
21377,21377,row21377
21378,21378,row21378
21379,21379,row21379
21380,21380,row21380
21381,21381,row21381
21382,21382,row21382
21383,21383,row21383
21384,21384,row21384
21385,21385,row21385
21386,21386,row21386
21387,21387,row21387
21388,21388,row21388
21389,21389,row21389
21390,21390,row21390
21391,21391,row21391
21392,21392,row21392
21393,21393,row21393
21394,21394,row21394
21395,21395,row21395
21396,21396,row21396
21397,21397,row21397
21398,21398,row21398
21399,21399,row21399
21400,21400,row21400
21401,21401,row21401
21402,21402,row21402
21403,21403,row21403
21404,21404,row21404
21405,21405,row21405
21406,21406,row21406
21407,21407,row21407
21408,21408,row21408
21409,21409,row21409
21410,21410,row21410
21411,21411,row21411
21412,21412,row21412
21413,21413,row21413
21414,21414,row21414
21415,21415,row21415
21416,21416,row21416
21417,21417,row21417
21418,21418,row21418
21419,21419,row21419
21420,21420,row21420
21421,21421,row21421
21422,21422,row21422
21423,21423,row21423
21424,21424,row21424
21425,21425,row21425
21426,21426,row21426
21427,21427,row21427
21428,21428,row21428
21429,21429,row21429
21430,21430,row21430
21431,21431,row21431
21432,21432,row21432
21433,21433,row21433
21434,21434,row21434
21435,21435,row21435
21436,21436,row21436
21437,21437,row21437
21438,21438,row21438
21439,21439,row21439
21440,21440,row21440
21441,21441,row21441
21442,21442,row21442
21443,21443,row21443
21444,21444,row21444
21445,21445,row21445
21446,21446,row21446
21447,21447,row21447
21448,21448,row21448
21449,21449,row21449
21450,21450,row21450
21451,21451,row21451
21452,21452,row21452
21453,21453,row21453
21454,21454,row21454
21455,21455,row21455
21456,21456,row21456
21457,21457,row21457
21458,21458,row21458
21459,21459,row21459
21460,21460,row21460
21461,21461,row21461
21462,21462,row21462
21463,21463,row21463
21464,21464,row21464
21465,21465,row21465
21466,21466,row21466
21467,21467,row21467
21468,21468,row21468
21469,21469,row21469
21470,21470,row21470
21471,21471,row21471
21472,21472,row21472
21473,21473,row21473
21474,21474,row21474
21475,21475,row21475
21476,21476,row21476
21477,21477,row21477
21478,21478,row21478
21479,21479,row21479
21480,21480,row21480
21481,21481,row21481
21482,21482,row21482
21483,21483,row21483
21484,21484,row21484
21485,21485,row21485
21486,21486,row21486
21487,21487,row21487
21488,21488,row21488
21489,21489,row21489
21490,21490,row21490
21491,21491,row21491
21492,21492,row21492
21493,21493,row21493
21494,21494,row21494
21495,21495,row21495
21496,21496,row21496
21497,21497,row21497
21498,21498,row21498
21499,21499,row21499
21500,21500,row21500
21501,21501,row21501
21502,21502,row21502
21503,21503,row21503
21504,21504,row21504
21505,21505,row21505
21506,21506,row21506
21507,21507,row21507
21508,21508,row21508
21509,21509,row21509
21510,21510,row21510
21511,21511,row21511
21512,21512,row21512
21513,21513,row21513
21514,21514,row21514
21515,21515,row21515
21516,21516,row21516
21517,21517,row21517
21518,21518,row21518
21519,21519,row21519
21520,21520,row21520
21521,21521,row21521
21522,21522,row21522
21523,21523,row21523
21524,21524,row21524
21525,21525,row21525
21526,21526,row21526
21527,21527,row21527
21528,21528,row21528
21529,21529,row21529
21530,21530,row21530
21531,21531,row21531
21532,21532,row21532
21533,21533,row21533
21534,21534,row21534
21535,21535,row21535
21536,21536,row21536
21537,21537,row21537
21538,21538,row21538
21539,21539,row21539
21540,21540,row21540
21541,21541,row21541
21542,21542,row21542
21543,21543,row21543
21544,21544,row21544
21545,21545,row21545
21546,21546,row21546
21547,21547,row21547
21548,21548,row21548
21549,21549,row21549
21550,21550,row21550
21551,21551,row21551
21552,21552,row21552
21553,21553,row21553
21554,21554,row21554
21555,21555,row21555
21556,21556,row21556
21557,21557,row21557
21558,21558,row21558
21559,21559,row21559
21560,21560,row21560
21561,21561,row21561
21562,21562,row21562
21563,21563,row21563
21564,21564,row21564
21565,21565,row21565
21566,21566,row21566
21567,21567,row21567
21568,21568,row21568
21569,21569,row21569
21570,21570,row21570
21571,21571,row21571
21572,21572,row21572
21573,21573,row21573
21574,21574,row21574
21575,21575,row21575
21576,21576,row21576
21577,21577,row21577
21578,21578,row21578
21579,21579,row21579
21580,21580,row21580
21581,21581,row21581
21582,21582,row21582
21583,21583,row21583
21584,21584,row21584
21585,21585,row21585
21586,21586,row21586
21587,21587,row21587
21588,21588,row21588
21589,21589,row21589
21590,21590,row21590
21591,21591,row21591
21592,21592,row21592
21593,21593,row21593
21594,21594,row21594
21595,21595,row21595
21596,21596,row21596
21597,21597,row21597
21598,21598,row21598
21599,21599,row21599
21600,21600,row21600
21601,21601,row21601
21602,21602,row21602
21603,21603,row21603
21604,21604,row21604
21605,21605,row21605
21606,21606,row21606
21607,21607,row21607
21608,21608,row21608
21609,21609,row21609
21610,21610,row21610
21611,21611,row21611
21612,21612,row21612
21613,21613,row21613
21614,21614,row21614
21615,21615,row21615
21616,21616,row21616
21617,21617,row21617
21618,21618,row21618
21619,21619,row21619
21620,21620,row21620
21621,21621,row21621
21622,21622,row21622
21623,21623,row21623
21624,21624,row21624
21625,21625,row21625
21626,21626,row21626
21627,21627,row21627
21628,21628,row21628
21629,21629,row21629
21630,21630,row21630
21631,21631,row21631
21632,21632,row21632
21633,21633,row21633
21634,21634,row21634
21635,21635,row21635
21636,21636,row21636
21637,21637,row21637
21638,21638,row21638
21639,21639,row21639
21640,21640,row21640
21641,21641,row21641
21642,21642,row21642
21643,21643,row21643
21644,21644,row21644
21645,21645,row21645
21646,21646,row21646
21647,21647,row21647
21648,21648,row21648
21649,21649,row21649
21650,21650,row21650
21651,21651,row21651
21652,21652,row21652
21653,21653,row21653
21654,21654,row21654
21655,21655,row21655
21656,21656,row21656
21657,21657,row21657
21658,21658,row21658
21659,21659,row21659
21660,21660,row21660
21661,21661,row21661
21662,21662,row21662
21663,21663,row21663
21664,21664,row21664
21665,21665,row21665
21666,21666,row21666
21667,21667,row21667
21668,21668,row21668
21669,21669,row21669
21670,21670,row21670
21671,21671,row21671
21672,21672,row21672
21673,21673,row21673
21674,21674,row21674
21675,21675,row21675
21676,21676,row21676
21677,21677,row21677
21678,21678,row21678
21679,21679,row21679
21680,21680,row21680
21681,21681,row21681
21682,21682,row21682
21683,21683,row21683
21684,21684,row21684
21685,21685,row21685
21686,21686,row21686
21687,21687,row21687
21688,21688,row21688
21689,21689,row21689
21690,21690,row21690
21691,21691,row21691
21692,21692,row21692
21693,21693,row21693
21694,21694,row21694
21695,21695,row21695
21696,21696,row21696
21697,21697,row21697
21698,21698,row21698
21699,21699,row21699
21700,21700,row21700
21701,21701,row21701
21702,21702,row21702
21703,21703,row21703
21704,21704,row21704
21705,21705,row21705
21706,21706,row21706
21707,21707,row21707
21708,21708,row21708
21709,21709,row21709
21710,21710,row21710
21711,21711,row21711
21712,21712,row21712
21713,21713,row21713
21714,21714,row21714
21715,21715,row21715
21716,21716,row21716
21717,21717,row21717
21718,21718,row21718
21719,21719,row21719
21720,21720,row21720
21721,21721,row21721
21722,21722,row21722
21723,21723,row21723
21724,21724,row21724
21725,21725,row21725
21726,21726,row21726
21727,21727,row21727
21728,21728,row21728
21729,21729,row21729
21730,21730,row21730
21731,21731,row21731
21732,21732,row21732
21733,21733,row21733
21734,21734,row21734
21735,21735,row21735
21736,21736,row21736
21737,21737,row21737
21738,21738,row21738
21739,21739,row21739
21740,21740,row21740
21741,21741,row21741
21742,21742,row21742
21743,21743,row21743
21744,21744,row21744
21745,21745,row21745
21746,21746,row21746
21747,21747,row21747
21748,21748,row21748
21749,21749,row21749
21750,21750,row21750
21751,21751,row21751
21752,21752,row21752
21753,21753,row21753
21754,21754,row21754
21755,21755,row21755
21756,21756,row21756
21757,21757,row21757
21758,21758,row21758
21759,21759,row21759
21760,21760,row21760
21761,21761,row21761
21762,21762,row21762
21763,21763,row21763
21764,21764,row21764
21765,21765,row21765
21766,21766,row21766
21767,21767,row21767
21768,21768,row21768
21769,21769,row21769
21770,21770,row21770
21771,21771,row21771
21772,21772,row21772
21773,21773,row21773
21774,21774,row21774
21775,21775,row21775
21776,21776,row21776
21777,21777,row21777
21778,21778,row21778
21779,21779,row21779
21780,21780,row21780
21781,21781,row21781
21782,21782,row21782
21783,21783,row21783
21784,21784,row21784
21785,21785,row21785
21786,21786,row21786
21787,21787,row21787
21788,21788,row21788
21789,21789,row21789
21790,21790,row21790
21791,21791,row21791
21792,21792,row21792
21793,21793,row21793
21794,21794,row21794
21795,21795,row21795
21796,21796,row21796
21797,21797,row21797
21798,21798,row21798
21799,21799,row21799
21800,21800,row21800
21801,21801,row21801
21802,21802,row21802
21803,21803,row21803
21804,21804,row21804
21805,21805,row21805
21806,21806,row21806
21807,21807,row21807
21808,21808,row21808
21809,21809,row21809
21810,21810,row21810
21811,21811,row21811
21812,21812,row21812
21813,21813,row21813
21814,21814,row21814
21815,21815,row21815
21816,21816,row21816
21817,21817,row21817
21818,21818,row21818
21819,21819,row21819
21820,21820,row21820
21821,21821,row21821
21822,21822,row21822
21823,21823,row21823
21824,21824,row21824
21825,21825,row21825
21826,21826,row21826
21827,21827,row21827
21828,21828,row21828
21829,21829,row21829
21830,21830,row21830
21831,21831,row21831
21832,21832,row21832
21833,21833,row21833
21834,21834,row21834
21835,21835,row21835
21836,21836,row21836
21837,21837,row21837
21838,21838,row21838
21839,21839,row21839
21840,21840,row21840
21841,21841,row21841
21842,21842,row21842
21843,21843,row21843
21844,21844,row21844
21845,21845,row21845
21846,21846,row21846
21847,21847,row21847
21848,21848,row21848
21849,21849,row21849
21850,21850,row21850
21851,21851,row21851
21852,21852,row21852
21853,21853,row21853
21854,21854,row21854
21855,21855,row21855
21856,21856,row21856
21857,21857,row21857
21858,21858,row21858
21859,21859,row21859
21860,21860,row21860
21861,21861,row21861
21862,21862,row21862
21863,21863,row21863
21864,21864,row21864
21865,21865,row21865
21866,21866,row21866
21867,21867,row21867
21868,21868,row21868
21869,21869,row21869
21870,21870,row21870
21871,21871,row21871
21872,21872,row21872
21873,21873,row21873
21874,21874,row21874
21875,21875,row21875
21876,21876,row21876
21877,21877,row21877
21878,21878,row21878
21879,21879,row21879
21880,21880,row21880
21881,21881,row21881
21882,21882,row21882
21883,21883,row21883
21884,21884,row21884
21885,21885,row21885
21886,21886,row21886
21887,21887,row21887
21888,21888,row21888
21889,21889,row21889
21890,21890,row21890
21891,21891,row21891
21892,21892,row21892
21893,21893,row21893
21894,21894,row21894
21895,21895,row21895
21896,21896,row21896
21897,21897,row21897
21898,21898,row21898
21899,21899,row21899
21900,21900,row21900
21901,21901,row21901
21902,21902,row21902
21903,21903,row21903
21904,21904,row21904
21905,21905,row21905
21906,21906,row21906
21907,21907,row21907
21908,21908,row21908
21909,21909,row21909
21910,21910,row21910
21911,21911,row21911
21912,21912,row21912
21913,21913,row21913
21914,21914,row21914
21915,21915,row21915
21916,21916,row21916
21917,21917,row21917
21918,21918,row21918
21919,21919,row21919
21920,21920,row21920
21921,21921,row21921
21922,21922,row21922
21923,21923,row21923
21924,21924,row21924
21925,21925,row21925
21926,21926,row21926
21927,21927,row21927
21928,21928,row21928
21929,21929,row21929
21930,21930,row21930
21931,21931,row21931
21932,21932,row21932
21933,21933,row21933
21934,21934,row21934
21935,21935,row21935
21936,21936,row21936
21937,21937,row21937
21938,21938,row21938
21939,21939,row21939
21940,21940,row21940
21941,21941,row21941
21942,21942,row21942
21943,21943,row21943
21944,21944,row21944
21945,21945,row21945
21946,21946,row21946
21947,21947,row21947
21948,21948,row21948
21949,21949,row21949
21950,21950,row21950
21951,21951,row21951
21952,21952,row21952
21953,21953,row21953
21954,21954,row21954
21955,21955,row21955
21956,21956,row21956
21957,21957,row21957
21958,21958,row21958
21959,21959,row21959
21960,21960,row21960
21961,21961,row21961
21962,21962,row21962
21963,21963,row21963
21964,21964,row21964
21965,21965,row21965
21966,21966,row21966
21967,21967,row21967
21968,21968,row21968
21969,21969,row21969
21970,21970,row21970
21971,21971,row21971
21972,21972,row21972
21973,21973,row21973
21974,21974,row21974
21975,21975,row21975
21976,21976,row21976
21977,21977,row21977
21978,21978,row21978
21979,21979,row21979
21980,21980,row21980
21981,21981,row21981
21982,21982,row21982
21983,21983,row21983
21984,21984,row21984
21985,21985,row21985
21986,21986,row21986
21987,21987,row21987
21988,21988,row21988
21989,21989,row21989
21990,21990,row21990
21991,21991,row21991
21992,21992,row21992
21993,21993,row21993
21994,21994,row21994
21995,21995,row21995
21996,21996,row21996
21997,21997,row21997
21998,21998,row21998
21999,21999,row21999
22000,22000,row22000
22001,22001,row22001
22002,22002,row22002
22003,22003,row22003
22004,22004,row22004
22005,22005,row22005
22006,22006,row22006
22007,22007,row22007
22008,22008,row22008
22009,22009,row22009
22010,22010,row22010
22011,22011,row22011
22012,22012,row22012
22013,22013,row22013
22014,22014,row22014
22015,22015,row22015
22016,22016,row22016
22017,22017,row22017
22018,22018,row22018
22019,22019,row22019
22020,22020,row22020
22021,22021,row22021
22022,22022,row22022
22023,22023,row22023
22024,22024,row22024
22025,22025,row22025
22026,22026,row22026
22027,22027,row22027
22028,22028,row22028
22029,22029,row22029
22030,22030,row22030
22031,22031,row22031
22032,22032,row22032
22033,22033,row22033
22034,22034,row22034
22035,22035,row22035
22036,22036,row22036
22037,22037,row22037
22038,22038,row22038
22039,22039,row22039
22040,22040,row22040
22041,22041,row22041
22042,22042,row22042
22043,22043,row22043
22044,22044,row22044
22045,22045,row22045
22046,22046,row22046
22047,22047,row22047
22048,22048,row22048
22049,22049,row22049
22050,22050,row22050
22051,22051,row22051
22052,22052,row22052
22053,22053,row22053
22054,22054,row22054
22055,22055,row22055
22056,22056,row22056
22057,22057,row22057
22058,22058,row22058
22059,22059,row22059
22060,22060,row22060
22061,22061,row22061
22062,22062,row22062
22063,22063,row22063
22064,22064,row22064
22065,22065,row22065
22066,22066,row22066
22067,22067,row22067
22068,22068,row22068
22069,22069,row22069
22070,22070,row22070
22071,22071,row22071
22072,22072,row22072
22073,22073,row22073
22074,22074,row22074
22075,22075,row22075
22076,22076,row22076
22077,22077,row22077
22078,22078,row22078
22079,22079,row22079
22080,22080,row22080
22081,22081,row22081
22082,22082,row22082
22083,22083,row22083
22084,22084,row22084
22085,22085,row22085
22086,22086,row22086
22087,22087,row22087
22088,22088,row22088
22089,22089,row22089
22090,22090,row22090
22091,22091,row22091
22092,22092,row22092
22093,22093,row22093
22094,22094,row22094
22095,22095,row22095
22096,22096,row22096
22097,22097,row22097
22098,22098,row22098
22099,22099,row22099
22100,22100,row22100
22101,22101,row22101
22102,22102,row22102
22103,22103,row22103
22104,22104,row22104
22105,22105,row22105
22106,22106,row22106
22107,22107,row22107
22108,22108,row22108
22109,22109,row22109
22110,22110,row22110
22111,22111,row22111
22112,22112,row22112
22113,22113,row22113
22114,22114,row22114
22115,22115,row22115
22116,22116,row22116
22117,22117,row22117
22118,22118,row22118
22119,22119,row22119
22120,22120,row22120
22121,22121,row22121
22122,22122,row22122
22123,22123,row22123
22124,22124,row22124
22125,22125,row22125
22126,22126,row22126
22127,22127,row22127
22128,22128,row22128
22129,22129,row22129
22130,22130,row22130
22131,22131,row22131
22132,22132,row22132
22133,22133,row22133
22134,22134,row22134
22135,22135,row22135
22136,22136,row22136
22137,22137,row22137
22138,22138,row22138
22139,22139,row22139
22140,22140,row22140
22141,22141,row22141
22142,22142,row22142
22143,22143,row22143
22144,22144,row22144
22145,22145,row22145
22146,22146,row22146
22147,22147,row22147
22148,22148,row22148
22149,22149,row22149
22150,22150,row22150
22151,22151,row22151
22152,22152,row22152
22153,22153,row22153
22154,22154,row22154
22155,22155,row22155
22156,22156,row22156
22157,22157,row22157
22158,22158,row22158
22159,22159,row22159
22160,22160,row22160
22161,22161,row22161
22162,22162,row22162
22163,22163,row22163
22164,22164,row22164
22165,22165,row22165
22166,22166,row22166
22167,22167,row22167
22168,22168,row22168
22169,22169,row22169
22170,22170,row22170
22171,22171,row22171
22172,22172,row22172
22173,22173,row22173
22174,22174,row22174
22175,22175,row22175
22176,22176,row22176
22177,22177,row22177
22178,22178,row22178
22179,22179,row22179
22180,22180,row22180
22181,22181,row22181
22182,22182,row22182
22183,22183,row22183
22184,22184,row22184
22185,22185,row22185
22186,22186,row22186
22187,22187,row22187
22188,22188,row22188
22189,22189,row22189
22190,22190,row22190
22191,22191,row22191
22192,22192,row22192
22193,22193,row22193
22194,22194,row22194
22195,22195,row22195
22196,22196,row22196
22197,22197,row22197
22198,22198,row22198
22199,22199,row22199
22200,22200,row22200
22201,22201,row22201
22202,22202,row22202
22203,22203,row22203
22204,22204,row22204
22205,22205,row22205
22206,22206,row22206
22207,22207,row22207
22208,22208,row22208
22209,22209,row22209
22210,22210,row22210
22211,22211,row22211
22212,22212,row22212
22213,22213,row22213
22214,22214,row22214
22215,22215,row22215
22216,22216,row22216
22217,22217,row22217
22218,22218,row22218
22219,22219,row22219
22220,22220,row22220
22221,22221,row22221
22222,22222,row22222
22223,22223,row22223
22224,22224,row22224
22225,22225,row22225
22226,22226,row22226
22227,22227,row22227
22228,22228,row22228
22229,22229,row22229
22230,22230,row22230
22231,22231,row22231
22232,22232,row22232
22233,22233,row22233
22234,22234,row22234
22235,22235,row22235
22236,22236,row22236
22237,22237,row22237
22238,22238,row22238
22239,22239,row22239
22240,22240,row22240
22241,22241,row22241
22242,22242,row22242
22243,22243,row22243
22244,22244,row22244
22245,22245,row22245
22246,22246,row22246
22247,22247,row22247
22248,22248,row22248
22249,22249,row22249
22250,22250,row22250
22251,22251,row22251
22252,22252,row22252
22253,22253,row22253
22254,22254,row22254
22255,22255,row22255
22256,22256,row22256
22257,22257,row22257
22258,22258,row22258
22259,22259,row22259
22260,22260,row22260
22261,22261,row22261
22262,22262,row22262
22263,22263,row22263
22264,22264,row22264
22265,22265,row22265
22266,22266,row22266
22267,22267,row22267
22268,22268,row22268
22269,22269,row22269
22270,22270,row22270
22271,22271,row22271
22272,22272,row22272
22273,22273,row22273
22274,22274,row22274
22275,22275,row22275
22276,22276,row22276
22277,22277,row22277
22278,22278,row22278
22279,22279,row22279
22280,22280,row22280
22281,22281,row22281
22282,22282,row22282
22283,22283,row22283
22284,22284,row22284
22285,22285,row22285
22286,22286,row22286
22287,22287,row22287
22288,22288,row22288
22289,22289,row22289
22290,22290,row22290
22291,22291,row22291
22292,22292,row22292
22293,22293,row22293
22294,22294,row22294
22295,22295,row22295
22296,22296,row22296
22297,22297,row22297
22298,22298,row22298
22299,22299,row22299
22300,22300,row22300
22301,22301,row22301
22302,22302,row22302
22303,22303,row22303
22304,22304,row22304
22305,22305,row22305
22306,22306,row22306
22307,22307,row22307
22308,22308,row22308
22309,22309,row22309
22310,22310,row22310
22311,22311,row22311
22312,22312,row22312
22313,22313,row22313
22314,22314,row22314
22315,22315,row22315
22316,22316,row22316
22317,22317,row22317
22318,22318,row22318
22319,22319,row22319
22320,22320,row22320
22321,22321,row22321
22322,22322,row22322
22323,22323,row22323
22324,22324,row22324
22325,22325,row22325
22326,22326,row22326
22327,22327,row22327
22328,22328,row22328
22329,22329,row22329
22330,22330,row22330
22331,22331,row22331
22332,22332,row22332
22333,22333,row22333
22334,22334,row22334
22335,22335,row22335
22336,22336,row22336
22337,22337,row22337
22338,22338,row22338
22339,22339,row22339
22340,22340,row22340
22341,22341,row22341
22342,22342,row22342
22343,22343,row22343
22344,22344,row22344
22345,22345,row22345
22346,22346,row22346
22347,22347,row22347
22348,22348,row22348
22349,22349,row22349
22350,22350,row22350
22351,22351,row22351
22352,22352,row22352
22353,22353,row22353
22354,22354,row22354
22355,22355,row22355
22356,22356,row22356
22357,22357,row22357
22358,22358,row22358
22359,22359,row22359
22360,22360,row22360
22361,22361,row22361
22362,22362,row22362
22363,22363,row22363
22364,22364,row22364
22365,22365,row22365
22366,22366,row22366
22367,22367,row22367
22368,22368,row22368
22369,22369,row22369
22370,22370,row22370
22371,22371,row22371
22372,22372,row22372
22373,22373,row22373
22374,22374,row22374
22375,22375,row22375
22376,22376,row22376
22377,22377,row22377
22378,22378,row22378
22379,22379,row22379
22380,22380,row22380
22381,22381,row22381
22382,22382,row22382
22383,22383,row22383
22384,22384,row22384
22385,22385,row22385
22386,22386,row22386
22387,22387,row22387
22388,22388,row22388
22389,22389,row22389
22390,22390,row22390
22391,22391,row22391
22392,22392,row22392
22393,22393,row22393
22394,22394,row22394
22395,22395,row22395
22396,22396,row22396
22397,22397,row22397
22398,22398,row22398
22399,22399,row22399
22400,22400,row22400
22401,22401,row22401
22402,22402,row22402
22403,22403,row22403
22404,22404,row22404
22405,22405,row22405
22406,22406,row22406
22407,22407,row22407
22408,22408,row22408
22409,22409,row22409
22410,22410,row22410
22411,22411,row22411
22412,22412,row22412
22413,22413,row22413
22414,22414,row22414
22415,22415,row22415
22416,22416,row22416
22417,22417,row22417
22418,22418,row22418
22419,22419,row22419
22420,22420,row22420
22421,22421,row22421
22422,22422,row22422
22423,22423,row22423
22424,22424,row22424
22425,22425,row22425
22426,22426,row22426
22427,22427,row22427
22428,22428,row22428
22429,22429,row22429
22430,22430,row22430
22431,22431,row22431
22432,22432,row22432
22433,22433,row22433
22434,22434,row22434
22435,22435,row22435
22436,22436,row22436
22437,22437,row22437
22438,22438,row22438
22439,22439,row22439
22440,22440,row22440
22441,22441,row22441
22442,22442,row22442
22443,22443,row22443
22444,22444,row22444
22445,22445,row22445
22446,22446,row22446
22447,22447,row22447
22448,22448,row22448
22449,22449,row22449
22450,22450,row22450
22451,22451,row22451
22452,22452,row22452
22453,22453,row22453
22454,22454,row22454
22455,22455,row22455
22456,22456,row22456
22457,22457,row22457
22458,22458,row22458
22459,22459,row22459
22460,22460,row22460
22461,22461,row22461
22462,22462,row22462
22463,22463,row22463
22464,22464,row22464
22465,22465,row22465
22466,22466,row22466
22467,22467,row22467
22468,22468,row22468
22469,22469,row22469
22470,22470,row22470
22471,22471,row22471
22472,22472,row22472
22473,22473,row22473
22474,22474,row22474
22475,22475,row22475
22476,22476,row22476
22477,22477,row22477
22478,22478,row22478
22479,22479,row22479
22480,22480,row22480
22481,22481,row22481
22482,22482,row22482
22483,22483,row22483
22484,22484,row22484
22485,22485,row22485
22486,22486,row22486
22487,22487,row22487
22488,22488,row22488
22489,22489,row22489
22490,22490,row22490
22491,22491,row22491
22492,22492,row22492
22493,22493,row22493
22494,22494,row22494
22495,22495,row22495
22496,22496,row22496
22497,22497,row22497
22498,22498,row22498
22499,22499,row22499
22500,22500,row22500
22501,22501,row22501
22502,22502,row22502
22503,22503,row22503
22504,22504,row22504
22505,22505,row22505
22506,22506,row22506
22507,22507,row22507
22508,22508,row22508
22509,22509,row22509
22510,22510,row22510
22511,22511,row22511
22512,22512,row22512
22513,22513,row22513
22514,22514,row22514
22515,22515,row22515
22516,22516,row22516
22517,22517,row22517
22518,22518,row22518
22519,22519,row22519
22520,22520,row22520
22521,22521,row22521
22522,22522,row22522
22523,22523,row22523
22524,22524,row22524
22525,22525,row22525
22526,22526,row22526
22527,22527,row22527
22528,22528,row22528
22529,22529,row22529
22530,22530,row22530
22531,22531,row22531
22532,22532,row22532
22533,22533,row22533
22534,22534,row22534
22535,22535,row22535
22536,22536,row22536
22537,22537,row22537
22538,22538,row22538
22539,22539,row22539
22540,22540,row22540
22541,22541,row22541
22542,22542,row22542
22543,22543,row22543
22544,22544,row22544
22545,22545,row22545
22546,22546,row22546
22547,22547,row22547
22548,22548,row22548
22549,22549,row22549
22550,22550,row22550
22551,22551,row22551
22552,22552,row22552
22553,22553,row22553
22554,22554,row22554
22555,22555,row22555
22556,22556,row22556
22557,22557,row22557
22558,22558,row22558
22559,22559,row22559
22560,22560,row22560
22561,22561,row22561
22562,22562,row22562
22563,22563,row22563
22564,22564,row22564
22565,22565,row22565
22566,22566,row22566
22567,22567,row22567
22568,22568,row22568
22569,22569,row22569
22570,22570,row22570
22571,22571,row22571
22572,22572,row22572
22573,22573,row22573
22574,22574,row22574
22575,22575,row22575
22576,22576,row22576
22577,22577,row22577
22578,22578,row22578
22579,22579,row22579
22580,22580,row22580
22581,22581,row22581
22582,22582,row22582
22583,22583,row22583
22584,22584,row22584
22585,22585,row22585
22586,22586,row22586
22587,22587,row22587
22588,22588,row22588
22589,22589,row22589
22590,22590,row22590
22591,22591,row22591
22592,22592,row22592
22593,22593,row22593
22594,22594,row22594
22595,22595,row22595
22596,22596,row22596
22597,22597,row22597
22598,22598,row22598
22599,22599,row22599
22600,22600,row22600
22601,22601,row22601
22602,22602,row22602
22603,22603,row22603
22604,22604,row22604
22605,22605,row22605
22606,22606,row22606
22607,22607,row22607
22608,22608,row22608
22609,22609,row22609
22610,22610,row22610
22611,22611,row22611
22612,22612,row22612
22613,22613,row22613
22614,22614,row22614
22615,22615,row22615
22616,22616,row22616
22617,22617,row22617
22618,22618,row22618
22619,22619,row22619
22620,22620,row22620
22621,22621,row22621
22622,22622,row22622
22623,22623,row22623
22624,22624,row22624
22625,22625,row22625
22626,22626,row22626
22627,22627,row22627
22628,22628,row22628
22629,22629,row22629
22630,22630,row22630
22631,22631,row22631
22632,22632,row22632
22633,22633,row22633
22634,22634,row22634
22635,22635,row22635
22636,22636,row22636
22637,22637,row22637
22638,22638,row22638
22639,22639,row22639
22640,22640,row22640
22641,22641,row22641
22642,22642,row22642
22643,22643,row22643
22644,22644,row22644
22645,22645,row22645
22646,22646,row22646
22647,22647,row22647
22648,22648,row22648
22649,22649,row22649
22650,22650,row22650
22651,22651,row22651
22652,22652,row22652
22653,22653,row22653
22654,22654,row22654
22655,22655,row22655
22656,22656,row22656
22657,22657,row22657
22658,22658,row22658
22659,22659,row22659
22660,22660,row22660
22661,22661,row22661
22662,22662,row22662
22663,22663,row22663
22664,22664,row22664
22665,22665,row22665
22666,22666,row22666
22667,22667,row22667
22668,22668,row22668
22669,22669,row22669
22670,22670,row22670
22671,22671,row22671
22672,22672,row22672
22673,22673,row22673
22674,22674,row22674
22675,22675,row22675
22676,22676,row22676
22677,22677,row22677
22678,22678,row22678
22679,22679,row22679
22680,22680,row22680
22681,22681,row22681
22682,22682,row22682
22683,22683,row22683
22684,22684,row22684
22685,22685,row22685
22686,22686,row22686
22687,22687,row22687
22688,22688,row22688
22689,22689,row22689
22690,22690,row22690
22691,22691,row22691
22692,22692,row22692
22693,22693,row22693
22694,22694,row22694
22695,22695,row22695
22696,22696,row22696
22697,22697,row22697
22698,22698,row22698
22699,22699,row22699
22700,22700,row22700
22701,22701,row22701
22702,22702,row22702
22703,22703,row22703
22704,22704,row22704
22705,22705,row22705
22706,22706,row22706
22707,22707,row22707
22708,22708,row22708
22709,22709,row22709
22710,22710,row22710
22711,22711,row22711
22712,22712,row22712
22713,22713,row22713
22714,22714,row22714
22715,22715,row22715
22716,22716,row22716
22717,22717,row22717
22718,22718,row22718
22719,22719,row22719
22720,22720,row22720
22721,22721,row22721
22722,22722,row22722
22723,22723,row22723
22724,22724,row22724
22725,22725,row22725
22726,22726,row22726
22727,22727,row22727
22728,22728,row22728
22729,22729,row22729
22730,22730,row22730
22731,22731,row22731
22732,22732,row22732
22733,22733,row22733
22734,22734,row22734
22735,22735,row22735
22736,22736,row22736
22737,22737,row22737
22738,22738,row22738
22739,22739,row22739
22740,22740,row22740
22741,22741,row22741
22742,22742,row22742
22743,22743,row22743
22744,22744,row22744
22745,22745,row22745
22746,22746,row22746
22747,22747,row22747
22748,22748,row22748
22749,22749,row22749
22750,22750,row22750
22751,22751,row22751
22752,22752,row22752
22753,22753,row22753
22754,22754,row22754
22755,22755,row22755
22756,22756,row22756
22757,22757,row22757
22758,22758,row22758
22759,22759,row22759
22760,22760,row22760
22761,22761,row22761
22762,22762,row22762
22763,22763,row22763
22764,22764,row22764
22765,22765,row22765
22766,22766,row22766
22767,22767,row22767
22768,22768,row22768
22769,22769,row22769
22770,22770,row22770
22771,22771,row22771
22772,22772,row22772
22773,22773,row22773
22774,22774,row22774
22775,22775,row22775
22776,22776,row22776
22777,22777,row22777
22778,22778,row22778
22779,22779,row22779
22780,22780,row22780
22781,22781,row22781
22782,22782,row22782
22783,22783,row22783
22784,22784,row22784
22785,22785,row22785
22786,22786,row22786
22787,22787,row22787
22788,22788,row22788
22789,22789,row22789
22790,22790,row22790
22791,22791,row22791
22792,22792,row22792
22793,22793,row22793
22794,22794,row22794
22795,22795,row22795
22796,22796,row22796
22797,22797,row22797
22798,22798,row22798
22799,22799,row22799
22800,22800,row22800
22801,22801,row22801
22802,22802,row22802
22803,22803,row22803
22804,22804,row22804
22805,22805,row22805
22806,22806,row22806
22807,22807,row22807
22808,22808,row22808
22809,22809,row22809
22810,22810,row22810
22811,22811,row22811
22812,22812,row22812
22813,22813,row22813
22814,22814,row22814
22815,22815,row22815
22816,22816,row22816
22817,22817,row22817
22818,22818,row22818
22819,22819,row22819
22820,22820,row22820
22821,22821,row22821
22822,22822,row22822
22823,22823,row22823
22824,22824,row22824
22825,22825,row22825
22826,22826,row22826
22827,22827,row22827
22828,22828,row22828
22829,22829,row22829
22830,22830,row22830
22831,22831,row22831
22832,22832,row22832
22833,22833,row22833
22834,22834,row22834
22835,22835,row22835
22836,22836,row22836
22837,22837,row22837
22838,22838,row22838
22839,22839,row22839
22840,22840,row22840
22841,22841,row22841
22842,22842,row22842
22843,22843,row22843
22844,22844,row22844
22845,22845,row22845
22846,22846,row22846
22847,22847,row22847
22848,22848,row22848
22849,22849,row22849
22850,22850,row22850
22851,22851,row22851
22852,22852,row22852
22853,22853,row22853
22854,22854,row22854
22855,22855,row22855
22856,22856,row22856
22857,22857,row22857
22858,22858,row22858
22859,22859,row22859
22860,22860,row22860
22861,22861,row22861
22862,22862,row22862
22863,22863,row22863
22864,22864,row22864
22865,22865,row22865
22866,22866,row22866
22867,22867,row22867
22868,22868,row22868
22869,22869,row22869
22870,22870,row22870
22871,22871,row22871
22872,22872,row22872
22873,22873,row22873
22874,22874,row22874
22875,22875,row22875
22876,22876,row22876
22877,22877,row22877
22878,22878,row22878
22879,22879,row22879
22880,22880,row22880
22881,22881,row22881
22882,22882,row22882
22883,22883,row22883
22884,22884,row22884
22885,22885,row22885
22886,22886,row22886
22887,22887,row22887
22888,22888,row22888
22889,22889,row22889
22890,22890,row22890
22891,22891,row22891
22892,22892,row22892
22893,22893,row22893
22894,22894,row22894
22895,22895,row22895
22896,22896,row22896
22897,22897,row22897
22898,22898,row22898
22899,22899,row22899
22900,22900,row22900
22901,22901,row22901
22902,22902,row22902
22903,22903,row22903
22904,22904,row22904
22905,22905,row22905
22906,22906,row22906
22907,22907,row22907
22908,22908,row22908
22909,22909,row22909
22910,22910,row22910
22911,22911,row22911
22912,22912,row22912
22913,22913,row22913
22914,22914,row22914
22915,22915,row22915
22916,22916,row22916
22917,22917,row22917
22918,22918,row22918
22919,22919,row22919
22920,22920,row22920
22921,22921,row22921
22922,22922,row22922
22923,22923,row22923
22924,22924,row22924
22925,22925,row22925
22926,22926,row22926
22927,22927,row22927
22928,22928,row22928
22929,22929,row22929
22930,22930,row22930
22931,22931,row22931
22932,22932,row22932
22933,22933,row22933
22934,22934,row22934
22935,22935,row22935
22936,22936,row22936
22937,22937,row22937
22938,22938,row22938
22939,22939,row22939
22940,22940,row22940
22941,22941,row22941
22942,22942,row22942
22943,22943,row22943
22944,22944,row22944
22945,22945,row22945
22946,22946,row22946
22947,22947,row22947
22948,22948,row22948
22949,22949,row22949
22950,22950,row22950
22951,22951,row22951
22952,22952,row22952
22953,22953,row22953
22954,22954,row22954
22955,22955,row22955
22956,22956,row22956
22957,22957,row22957
22958,22958,row22958
22959,22959,row22959
22960,22960,row22960
22961,22961,row22961
22962,22962,row22962
22963,22963,row22963
22964,22964,row22964
22965,22965,row22965
22966,22966,row22966
22967,22967,row22967
22968,22968,row22968
22969,22969,row22969
22970,22970,row22970
22971,22971,row22971
22972,22972,row22972
22973,22973,row22973
22974,22974,row22974
22975,22975,row22975
22976,22976,row22976
22977,22977,row22977
22978,22978,row22978
22979,22979,row22979
22980,22980,row22980
22981,22981,row22981
22982,22982,row22982
22983,22983,row22983
22984,22984,row22984
22985,22985,row22985
22986,22986,row22986
22987,22987,row22987
22988,22988,row22988
22989,22989,row22989
22990,22990,row22990
22991,22991,row22991
22992,22992,row22992
22993,22993,row22993
22994,22994,row22994
22995,22995,row22995
22996,22996,row22996
22997,22997,row22997
22998,22998,row22998
22999,22999,row22999
23000,23000,row23000
23001,23001,row23001
23002,23002,row23002
23003,23003,row23003
23004,23004,row23004
23005,23005,row23005
23006,23006,row23006
23007,23007,row23007
23008,23008,row23008
23009,23009,row23009
23010,23010,row23010
23011,23011,row23011
23012,23012,row23012
23013,23013,row23013
23014,23014,row23014
23015,23015,row23015
23016,23016,row23016
23017,23017,row23017
23018,23018,row23018
23019,23019,row23019
23020,23020,row23020
23021,23021,row23021
23022,23022,row23022
23023,23023,row23023
23024,23024,row23024
23025,23025,row23025
23026,23026,row23026
23027,23027,row23027
23028,23028,row23028
23029,23029,row23029
23030,23030,row23030
23031,23031,row23031
23032,23032,row23032
23033,23033,row23033
23034,23034,row23034
23035,23035,row23035
23036,23036,row23036
23037,23037,row23037
23038,23038,row23038
23039,23039,row23039
23040,23040,row23040
23041,23041,row23041
23042,23042,row23042
23043,23043,row23043
23044,23044,row23044
23045,23045,row23045
23046,23046,row23046
23047,23047,row23047
23048,23048,row23048
23049,23049,row23049
23050,23050,row23050
23051,23051,row23051
23052,23052,row23052
23053,23053,row23053
23054,23054,row23054
23055,23055,row23055
23056,23056,row23056
23057,23057,row23057
23058,23058,row23058
23059,23059,row23059
23060,23060,row23060
23061,23061,row23061
23062,23062,row23062
23063,23063,row23063
23064,23064,row23064
23065,23065,row23065
23066,23066,row23066
23067,23067,row23067
23068,23068,row23068
23069,23069,row23069
23070,23070,row23070
23071,23071,row23071
23072,23072,row23072
23073,23073,row23073
23074,23074,row23074
23075,23075,row23075
23076,23076,row23076
23077,23077,row23077
23078,23078,row23078
23079,23079,row23079
23080,23080,row23080
23081,23081,row23081
23082,23082,row23082
23083,23083,row23083
23084,23084,row23084
23085,23085,row23085
23086,23086,row23086
23087,23087,row23087
23088,23088,row23088
23089,23089,row23089
23090,23090,row23090
23091,23091,row23091
23092,23092,row23092
23093,23093,row23093
23094,23094,row23094
23095,23095,row23095
23096,23096,row23096
23097,23097,row23097
23098,23098,row23098
23099,23099,row23099
23100,23100,row23100
23101,23101,row23101
23102,23102,row23102
23103,23103,row23103
23104,23104,row23104
23105,23105,row23105
23106,23106,row23106
23107,23107,row23107
23108,23108,row23108
23109,23109,row23109
23110,23110,row23110
23111,23111,row23111
23112,23112,row23112
23113,23113,row23113
23114,23114,row23114
23115,23115,row23115
23116,23116,row23116
23117,23117,row23117
23118,23118,row23118
23119,23119,row23119
23120,23120,row23120
23121,23121,row23121
23122,23122,row23122
23123,23123,row23123
23124,23124,row23124
23125,23125,row23125
23126,23126,row23126
23127,23127,row23127
23128,23128,row23128
23129,23129,row23129
23130,23130,row23130
23131,23131,row23131
23132,23132,row23132
23133,23133,row23133
23134,23134,row23134
23135,23135,row23135
23136,23136,row23136
23137,23137,row23137
23138,23138,row23138
23139,23139,row23139
23140,23140,row23140
23141,23141,row23141
23142,23142,row23142
23143,23143,row23143
23144,23144,row23144
23145,23145,row23145
23146,23146,row23146
23147,23147,row23147
23148,23148,row23148
23149,23149,row23149
23150,23150,row23150
23151,23151,row23151
23152,23152,row23152
23153,23153,row23153
23154,23154,row23154
23155,23155,row23155
23156,23156,row23156
23157,23157,row23157
23158,23158,row23158
23159,23159,row23159
23160,23160,row23160
23161,23161,row23161
23162,23162,row23162
23163,23163,row23163
23164,23164,row23164
23165,23165,row23165
23166,23166,row23166
23167,23167,row23167
23168,23168,row23168
23169,23169,row23169
23170,23170,row23170
23171,23171,row23171
23172,23172,row23172
23173,23173,row23173
23174,23174,row23174
23175,23175,row23175
23176,23176,row23176
23177,23177,row23177
23178,23178,row23178
23179,23179,row23179
23180,23180,row23180
23181,23181,row23181
23182,23182,row23182
23183,23183,row23183
23184,23184,row23184
23185,23185,row23185
23186,23186,row23186
23187,23187,row23187
23188,23188,row23188
23189,23189,row23189
23190,23190,row23190
23191,23191,row23191
23192,23192,row23192
23193,23193,row23193
23194,23194,row23194
23195,23195,row23195
23196,23196,row23196
23197,23197,row23197
23198,23198,row23198
23199,23199,row23199
23200,23200,row23200
23201,23201,row23201
23202,23202,row23202
23203,23203,row23203
23204,23204,row23204
23205,23205,row23205
23206,23206,row23206
23207,23207,row23207
23208,23208,row23208
23209,23209,row23209
23210,23210,row23210
23211,23211,row23211
23212,23212,row23212
23213,23213,row23213
23214,23214,row23214
23215,23215,row23215
23216,23216,row23216
23217,23217,row23217
23218,23218,row23218
23219,23219,row23219
23220,23220,row23220
23221,23221,row23221
23222,23222,row23222
23223,23223,row23223
23224,23224,row23224
23225,23225,row23225
23226,23226,row23226
23227,23227,row23227
23228,23228,row23228
23229,23229,row23229
23230,23230,row23230
23231,23231,row23231
23232,23232,row23232
23233,23233,row23233
23234,23234,row23234
23235,23235,row23235
23236,23236,row23236
23237,23237,row23237
23238,23238,row23238
23239,23239,row23239
23240,23240,row23240
23241,23241,row23241
23242,23242,row23242
23243,23243,row23243
23244,23244,row23244
23245,23245,row23245
23246,23246,row23246
23247,23247,row23247
23248,23248,row23248
23249,23249,row23249
23250,23250,row23250
23251,23251,row23251
23252,23252,row23252
23253,23253,row23253
23254,23254,row23254
23255,23255,row23255
23256,23256,row23256
23257,23257,row23257
23258,23258,row23258
23259,23259,row23259
23260,23260,row23260
23261,23261,row23261
23262,23262,row23262
23263,23263,row23263
23264,23264,row23264
23265,23265,row23265
23266,23266,row23266
23267,23267,row23267
23268,23268,row23268
23269,23269,row23269
23270,23270,row23270
23271,23271,row23271
23272,23272,row23272
23273,23273,row23273
23274,23274,row23274
23275,23275,row23275
23276,23276,row23276
23277,23277,row23277
23278,23278,row23278
23279,23279,row23279
23280,23280,row23280
23281,23281,row23281
23282,23282,row23282
23283,23283,row23283
23284,23284,row23284
23285,23285,row23285
23286,23286,row23286
23287,23287,row23287
23288,23288,row23288
23289,23289,row23289
23290,23290,row23290
23291,23291,row23291
23292,23292,row23292
23293,23293,row23293
23294,23294,row23294
23295,23295,row23295
23296,23296,row23296
23297,23297,row23297
23298,23298,row23298
23299,23299,row23299
23300,23300,row23300
23301,23301,row23301
23302,23302,row23302
23303,23303,row23303
23304,23304,row23304
23305,23305,row23305
23306,23306,row23306
23307,23307,row23307
23308,23308,row23308
23309,23309,row23309
23310,23310,row23310
23311,23311,row23311
23312,23312,row23312
23313,23313,row23313
23314,23314,row23314
23315,23315,row23315
23316,23316,row23316
23317,23317,row23317
23318,23318,row23318
23319,23319,row23319
23320,23320,row23320
23321,23321,row23321
23322,23322,row23322
23323,23323,row23323
23324,23324,row23324
23325,23325,row23325
23326,23326,row23326
23327,23327,row23327
23328,23328,row23328
23329,23329,row23329
23330,23330,row23330
23331,23331,row23331
23332,23332,row23332
23333,23333,row23333
23334,23334,row23334
23335,23335,row23335
23336,23336,row23336
23337,23337,row23337
23338,23338,row23338
23339,23339,row23339
23340,23340,row23340
23341,23341,row23341
23342,23342,row23342
23343,23343,row23343
23344,23344,row23344
23345,23345,row23345
23346,23346,row23346
23347,23347,row23347
23348,23348,row23348
23349,23349,row23349
23350,23350,row23350
23351,23351,row23351
23352,23352,row23352
23353,23353,row23353
23354,23354,row23354
23355,23355,row23355
23356,23356,row23356
23357,23357,row23357
23358,23358,row23358
23359,23359,row23359
23360,23360,row23360
23361,23361,row23361
23362,23362,row23362
23363,23363,row23363
23364,23364,row23364
23365,23365,row23365
23366,23366,row23366
23367,23367,row23367
23368,23368,row23368
23369,23369,row23369
23370,23370,row23370
23371,23371,row23371
23372,23372,row23372
23373,23373,row23373
23374,23374,row23374
23375,23375,row23375
23376,23376,row23376
23377,23377,row23377
23378,23378,row23378
23379,23379,row23379
23380,23380,row23380
23381,23381,row23381
23382,23382,row23382
23383,23383,row23383
23384,23384,row23384
23385,23385,row23385
23386,23386,row23386
23387,23387,row23387
23388,23388,row23388
23389,23389,row23389
23390,23390,row23390
23391,23391,row23391
23392,23392,row23392
23393,23393,row23393
23394,23394,row23394
23395,23395,row23395
23396,23396,row23396
23397,23397,row23397
23398,23398,row23398
23399,23399,row23399
23400,23400,row23400
23401,23401,row23401
23402,23402,row23402
23403,23403,row23403
23404,23404,row23404
23405,23405,row23405
23406,23406,row23406
23407,23407,row23407
23408,23408,row23408
23409,23409,row23409
23410,23410,row23410
23411,23411,row23411
23412,23412,row23412
23413,23413,row23413
23414,23414,row23414
23415,23415,row23415
23416,23416,row23416
23417,23417,row23417
23418,23418,row23418
23419,23419,row23419
23420,23420,row23420
23421,23421,row23421
23422,23422,row23422
23423,23423,row23423
23424,23424,row23424
23425,23425,row23425
23426,23426,row23426
23427,23427,row23427
23428,23428,row23428
23429,23429,row23429
23430,23430,row23430
23431,23431,row23431
23432,23432,row23432
23433,23433,row23433
23434,23434,row23434
23435,23435,row23435
23436,23436,row23436
23437,23437,row23437
23438,23438,row23438
23439,23439,row23439
23440,23440,row23440
23441,23441,row23441
23442,23442,row23442
23443,23443,row23443
23444,23444,row23444
23445,23445,row23445
23446,23446,row23446
23447,23447,row23447
23448,23448,row23448
23449,23449,row23449
23450,23450,row23450
23451,23451,row23451
23452,23452,row23452
23453,23453,row23453
23454,23454,row23454
23455,23455,row23455
23456,23456,row23456
23457,23457,row23457
23458,23458,row23458
23459,23459,row23459
23460,23460,row23460
23461,23461,row23461
23462,23462,row23462
23463,23463,row23463
23464,23464,row23464
23465,23465,row23465
23466,23466,row23466
23467,23467,row23467
23468,23468,row23468
23469,23469,row23469
23470,23470,row23470
23471,23471,row23471
23472,23472,row23472
23473,23473,row23473
23474,23474,row23474
23475,23475,row23475
23476,23476,row23476
23477,23477,row23477
23478,23478,row23478
23479,23479,row23479
23480,23480,row23480
23481,23481,row23481
23482,23482,row23482
23483,23483,row23483
23484,23484,row23484
23485,23485,row23485
23486,23486,row23486
23487,23487,row23487
23488,23488,row23488
23489,23489,row23489
23490,23490,row23490
23491,23491,row23491
23492,23492,row23492
23493,23493,row23493
23494,23494,row23494
23495,23495,row23495
23496,23496,row23496
23497,23497,row23497
23498,23498,row23498
23499,23499,row23499
23500,23500,row23500
23501,23501,row23501
23502,23502,row23502
23503,23503,row23503
23504,23504,row23504
23505,23505,row23505
23506,23506,row23506
23507,23507,row23507
23508,23508,row23508
23509,23509,row23509
23510,23510,row23510
23511,23511,row23511
23512,23512,row23512
23513,23513,row23513
23514,23514,row23514
23515,23515,row23515
23516,23516,row23516
23517,23517,row23517
23518,23518,row23518
23519,23519,row23519
23520,23520,row23520
23521,23521,row23521
23522,23522,row23522
23523,23523,row23523
23524,23524,row23524
23525,23525,row23525
23526,23526,row23526
23527,23527,row23527
23528,23528,row23528
23529,23529,row23529
23530,23530,row23530
23531,23531,row23531
23532,23532,row23532
23533,23533,row23533
23534,23534,row23534
23535,23535,row23535
23536,23536,row23536
23537,23537,row23537
23538,23538,row23538
23539,23539,row23539
23540,23540,row23540
23541,23541,row23541
23542,23542,row23542
23543,23543,row23543
23544,23544,row23544
23545,23545,row23545
23546,23546,row23546
23547,23547,row23547
23548,23548,row23548
23549,23549,row23549
23550,23550,row23550
23551,23551,row23551
23552,23552,row23552
23553,23553,row23553
23554,23554,row23554
23555,23555,row23555
23556,23556,row23556
23557,23557,row23557
23558,23558,row23558
23559,23559,row23559
23560,23560,row23560
23561,23561,row23561
23562,23562,row23562
23563,23563,row23563
23564,23564,row23564
23565,23565,row23565
23566,23566,row23566
23567,23567,row23567
23568,23568,row23568
23569,23569,row23569
23570,23570,row23570
23571,23571,row23571
23572,23572,row23572
23573,23573,row23573
23574,23574,row23574
23575,23575,row23575
23576,23576,row23576
23577,23577,row23577
23578,23578,row23578
23579,23579,row23579
23580,23580,row23580
23581,23581,row23581
23582,23582,row23582
23583,23583,row23583
23584,23584,row23584
23585,23585,row23585
23586,23586,row23586
23587,23587,row23587
23588,23588,row23588
23589,23589,row23589
23590,23590,row23590
23591,23591,row23591
23592,23592,row23592
23593,23593,row23593
23594,23594,row23594
23595,23595,row23595
23596,23596,row23596
23597,23597,row23597
23598,23598,row23598
23599,23599,row23599
23600,23600,row23600
23601,23601,row23601
23602,23602,row23602
23603,23603,row23603
23604,23604,row23604
23605,23605,row23605
23606,23606,row23606
23607,23607,row23607
23608,23608,row23608
23609,23609,row23609
23610,23610,row23610
23611,23611,row23611
23612,23612,row23612
23613,23613,row23613
23614,23614,row23614
23615,23615,row23615
23616,23616,row23616
23617,23617,row23617
23618,23618,row23618
23619,23619,row23619
23620,23620,row23620
23621,23621,row23621
23622,23622,row23622
23623,23623,row23623
23624,23624,row23624
23625,23625,row23625
23626,23626,row23626
23627,23627,row23627
23628,23628,row23628
23629,23629,row23629
23630,23630,row23630
23631,23631,row23631
23632,23632,row23632
23633,23633,row23633
23634,23634,row23634
23635,23635,row23635
23636,23636,row23636
23637,23637,row23637
23638,23638,row23638
23639,23639,row23639
23640,23640,row23640
23641,23641,row23641
23642,23642,row23642
23643,23643,row23643
23644,23644,row23644
23645,23645,row23645
23646,23646,row23646
23647,23647,row23647
23648,23648,row23648
23649,23649,row23649
23650,23650,row23650
23651,23651,row23651
23652,23652,row23652
23653,23653,row23653
23654,23654,row23654
23655,23655,row23655
23656,23656,row23656
23657,23657,row23657
23658,23658,row23658
23659,23659,row23659
23660,23660,row23660
23661,23661,row23661
23662,23662,row23662
23663,23663,row23663
23664,23664,row23664
23665,23665,row23665
23666,23666,row23666
23667,23667,row23667
23668,23668,row23668
23669,23669,row23669
23670,23670,row23670
23671,23671,row23671
23672,23672,row23672
23673,23673,row23673
23674,23674,row23674
23675,23675,row23675
23676,23676,row23676
23677,23677,row23677
23678,23678,row23678
23679,23679,row23679
23680,23680,row23680
23681,23681,row23681
23682,23682,row23682
23683,23683,row23683
23684,23684,row23684
23685,23685,row23685
23686,23686,row23686
23687,23687,row23687
23688,23688,row23688
23689,23689,row23689
23690,23690,row23690
23691,23691,row23691
23692,23692,row23692
23693,23693,row23693
23694,23694,row23694
23695,23695,row23695
23696,23696,row23696
23697,23697,row23697
23698,23698,row23698
23699,23699,row23699
23700,23700,row23700
23701,23701,row23701
23702,23702,row23702
23703,23703,row23703
23704,23704,row23704
23705,23705,row23705
23706,23706,row23706
23707,23707,row23707
23708,23708,row23708
23709,23709,row23709
23710,23710,row23710
23711,23711,row23711
23712,23712,row23712
23713,23713,row23713
23714,23714,row23714
23715,23715,row23715
23716,23716,row23716
23717,23717,row23717
23718,23718,row23718
23719,23719,row23719
23720,23720,row23720
23721,23721,row23721
23722,23722,row23722
23723,23723,row23723
23724,23724,row23724
23725,23725,row23725
23726,23726,row23726
23727,23727,row23727
23728,23728,row23728
23729,23729,row23729
23730,23730,row23730
23731,23731,row23731
23732,23732,row23732
23733,23733,row23733
23734,23734,row23734
23735,23735,row23735
23736,23736,row23736
23737,23737,row23737
23738,23738,row23738
23739,23739,row23739
23740,23740,row23740
23741,23741,row23741
23742,23742,row23742
23743,23743,row23743
23744,23744,row23744
23745,23745,row23745
23746,23746,row23746
23747,23747,row23747
23748,23748,row23748
23749,23749,row23749
23750,23750,row23750
23751,23751,row23751
23752,23752,row23752
23753,23753,row23753
23754,23754,row23754
23755,23755,row23755
23756,23756,row23756
23757,23757,row23757
23758,23758,row23758
23759,23759,row23759
23760,23760,row23760
23761,23761,row23761
23762,23762,row23762
23763,23763,row23763
23764,23764,row23764
23765,23765,row23765
23766,23766,row23766
23767,23767,row23767
23768,23768,row23768
23769,23769,row23769
23770,23770,row23770
23771,23771,row23771
23772,23772,row23772
23773,23773,row23773
23774,23774,row23774
23775,23775,row23775
23776,23776,row23776
23777,23777,row23777
23778,23778,row23778
23779,23779,row23779
23780,23780,row23780
23781,23781,row23781
23782,23782,row23782
23783,23783,row23783
23784,23784,row23784
23785,23785,row23785
23786,23786,row23786
23787,23787,row23787
23788,23788,row23788
23789,23789,row23789
23790,23790,row23790
23791,23791,row23791
23792,23792,row23792
23793,23793,row23793
23794,23794,row23794
23795,23795,row23795
23796,23796,row23796
23797,23797,row23797
23798,23798,row23798
23799,23799,row23799
23800,23800,row23800
23801,23801,row23801
23802,23802,row23802
23803,23803,row23803
23804,23804,row23804
23805,23805,row23805
23806,23806,row23806
23807,23807,row23807
23808,23808,row23808
23809,23809,row23809
23810,23810,row23810
23811,23811,row23811
23812,23812,row23812
23813,23813,row23813
23814,23814,row23814
23815,23815,row23815
23816,23816,row23816
23817,23817,row23817
23818,23818,row23818
23819,23819,row23819
23820,23820,row23820
23821,23821,row23821
23822,23822,row23822
23823,23823,row23823
23824,23824,row23824
23825,23825,row23825
23826,23826,row23826
23827,23827,row23827
23828,23828,row23828
23829,23829,row23829
23830,23830,row23830
23831,23831,row23831
23832,23832,row23832
23833,23833,row23833
23834,23834,row23834
23835,23835,row23835
23836,23836,row23836
23837,23837,row23837
23838,23838,row23838
23839,23839,row23839
23840,23840,row23840
23841,23841,row23841
23842,23842,row23842
23843,23843,row23843
23844,23844,row23844
23845,23845,row23845
23846,23846,row23846
23847,23847,row23847
23848,23848,row23848
23849,23849,row23849
23850,23850,row23850
23851,23851,row23851
23852,23852,row23852
23853,23853,row23853
23854,23854,row23854
23855,23855,row23855
23856,23856,row23856
23857,23857,row23857
23858,23858,row23858
23859,23859,row23859
23860,23860,row23860
23861,23861,row23861
23862,23862,row23862
23863,23863,row23863
23864,23864,row23864
23865,23865,row23865
23866,23866,row23866
23867,23867,row23867
23868,23868,row23868
23869,23869,row23869
23870,23870,row23870
23871,23871,row23871
23872,23872,row23872
23873,23873,row23873
23874,23874,row23874
23875,23875,row23875
23876,23876,row23876
23877,23877,row23877
23878,23878,row23878
23879,23879,row23879
23880,23880,row23880
23881,23881,row23881
23882,23882,row23882
23883,23883,row23883
23884,23884,row23884
23885,23885,row23885
23886,23886,row23886
23887,23887,row23887
23888,23888,row23888
23889,23889,row23889
23890,23890,row23890
23891,23891,row23891
23892,23892,row23892
23893,23893,row23893
23894,23894,row23894
23895,23895,row23895
23896,23896,row23896
23897,23897,row23897
23898,23898,row23898
23899,23899,row23899
23900,23900,row23900
23901,23901,row23901
23902,23902,row23902
23903,23903,row23903
23904,23904,row23904
23905,23905,row23905
23906,23906,row23906
23907,23907,row23907
23908,23908,row23908
23909,23909,row23909
23910,23910,row23910
23911,23911,row23911
23912,23912,row23912
23913,23913,row23913
23914,23914,row23914
23915,23915,row23915
23916,23916,row23916
23917,23917,row23917
23918,23918,row23918
23919,23919,row23919
23920,23920,row23920
23921,23921,row23921
23922,23922,row23922
23923,23923,row23923
23924,23924,row23924
23925,23925,row23925
23926,23926,row23926
23927,23927,row23927
23928,23928,row23928
23929,23929,row23929
23930,23930,row23930
23931,23931,row23931
23932,23932,row23932
23933,23933,row23933
23934,23934,row23934
23935,23935,row23935
23936,23936,row23936
23937,23937,row23937
23938,23938,row23938
23939,23939,row23939
23940,23940,row23940
23941,23941,row23941
23942,23942,row23942
23943,23943,row23943
23944,23944,row23944
23945,23945,row23945
23946,23946,row23946
23947,23947,row23947
23948,23948,row23948
23949,23949,row23949
23950,23950,row23950
23951,23951,row23951
23952,23952,row23952
23953,23953,row23953
23954,23954,row23954
23955,23955,row23955
23956,23956,row23956
23957,23957,row23957
23958,23958,row23958
23959,23959,row23959
23960,23960,row23960
23961,23961,row23961
23962,23962,row23962
23963,23963,row23963
23964,23964,row23964
23965,23965,row23965
23966,23966,row23966
23967,23967,row23967
23968,23968,row23968
23969,23969,row23969
23970,23970,row23970
23971,23971,row23971
23972,23972,row23972
23973,23973,row23973
23974,23974,row23974
23975,23975,row23975
23976,23976,row23976
23977,23977,row23977
23978,23978,row23978
23979,23979,row23979
23980,23980,row23980
23981,23981,row23981
23982,23982,row23982
23983,23983,row23983
23984,23984,row23984
23985,23985,row23985
23986,23986,row23986
23987,23987,row23987
23988,23988,row23988
23989,23989,row23989
23990,23990,row23990
23991,23991,row23991
23992,23992,row23992
23993,23993,row23993
23994,23994,row23994
23995,23995,row23995
23996,23996,row23996
23997,23997,row23997
23998,23998,row23998
23999,23999,row23999
24000,24000,row24000
24001,24001,row24001
24002,24002,row24002
24003,24003,row24003
24004,24004,row24004
24005,24005,row24005
24006,24006,row24006
24007,24007,row24007
24008,24008,row24008
24009,24009,row24009
24010,24010,row24010
24011,24011,row24011
24012,24012,row24012
24013,24013,row24013
24014,24014,row24014
24015,24015,row24015
24016,24016,row24016
24017,24017,row24017
24018,24018,row24018
24019,24019,row24019
24020,24020,row24020
24021,24021,row24021
24022,24022,row24022
24023,24023,row24023
24024,24024,row24024
24025,24025,row24025
24026,24026,row24026
24027,24027,row24027
24028,24028,row24028
24029,24029,row24029
24030,24030,row24030
24031,24031,row24031
24032,24032,row24032
24033,24033,row24033
24034,24034,row24034
24035,24035,row24035
24036,24036,row24036
24037,24037,row24037
24038,24038,row24038
24039,24039,row24039
24040,24040,row24040
24041,24041,row24041
24042,24042,row24042
24043,24043,row24043
24044,24044,row24044
24045,24045,row24045
24046,24046,row24046
24047,24047,row24047
24048,24048,row24048
24049,24049,row24049
24050,24050,row24050
24051,24051,row24051
24052,24052,row24052
24053,24053,row24053
24054,24054,row24054
24055,24055,row24055
24056,24056,row24056
24057,24057,row24057
24058,24058,row24058
24059,24059,row24059
24060,24060,row24060
24061,24061,row24061
24062,24062,row24062
24063,24063,row24063
24064,24064,row24064
24065,24065,row24065
24066,24066,row24066
24067,24067,row24067
24068,24068,row24068
24069,24069,row24069
24070,24070,row24070
24071,24071,row24071
24072,24072,row24072
24073,24073,row24073
24074,24074,row24074
24075,24075,row24075
24076,24076,row24076
24077,24077,row24077
24078,24078,row24078
24079,24079,row24079
24080,24080,row24080
24081,24081,row24081
24082,24082,row24082
24083,24083,row24083
24084,24084,row24084
24085,24085,row24085
24086,24086,row24086
24087,24087,row24087
24088,24088,row24088
24089,24089,row24089
24090,24090,row24090
24091,24091,row24091
24092,24092,row24092
24093,24093,row24093
24094,24094,row24094
24095,24095,row24095
24096,24096,row24096
24097,24097,row24097
24098,24098,row24098
24099,24099,row24099
24100,24100,row24100
24101,24101,row24101
24102,24102,row24102
24103,24103,row24103
24104,24104,row24104
24105,24105,row24105
24106,24106,row24106
24107,24107,row24107
24108,24108,row24108
24109,24109,row24109
24110,24110,row24110
24111,24111,row24111
24112,24112,row24112
24113,24113,row24113
24114,24114,row24114
24115,24115,row24115
24116,24116,row24116
24117,24117,row24117
24118,24118,row24118
24119,24119,row24119
24120,24120,row24120
24121,24121,row24121
24122,24122,row24122
24123,24123,row24123
24124,24124,row24124
24125,24125,row24125
24126,24126,row24126
24127,24127,row24127
24128,24128,row24128
24129,24129,row24129
24130,24130,row24130
24131,24131,row24131
24132,24132,row24132
24133,24133,row24133
24134,24134,row24134
24135,24135,row24135
24136,24136,row24136
24137,24137,row24137
24138,24138,row24138
24139,24139,row24139
24140,24140,row24140
24141,24141,row24141
24142,24142,row24142
24143,24143,row24143
24144,24144,row24144
24145,24145,row24145
24146,24146,row24146
24147,24147,row24147
24148,24148,row24148
24149,24149,row24149
24150,24150,row24150
24151,24151,row24151
24152,24152,row24152
24153,24153,row24153
24154,24154,row24154
24155,24155,row24155
24156,24156,row24156
24157,24157,row24157
24158,24158,row24158
24159,24159,row24159
24160,24160,row24160
24161,24161,row24161
24162,24162,row24162
24163,24163,row24163
24164,24164,row24164
24165,24165,row24165
24166,24166,row24166
24167,24167,row24167
24168,24168,row24168
24169,24169,row24169
24170,24170,row24170
24171,24171,row24171
24172,24172,row24172
24173,24173,row24173
24174,24174,row24174
24175,24175,row24175
24176,24176,row24176
24177,24177,row24177
24178,24178,row24178
24179,24179,row24179
24180,24180,row24180
24181,24181,row24181
24182,24182,row24182
24183,24183,row24183
24184,24184,row24184
24185,24185,row24185
24186,24186,row24186
24187,24187,row24187
24188,24188,row24188
24189,24189,row24189
24190,24190,row24190
24191,24191,row24191
24192,24192,row24192
24193,24193,row24193
24194,24194,row24194
24195,24195,row24195
24196,24196,row24196
24197,24197,row24197
24198,24198,row24198
24199,24199,row24199
24200,24200,row24200
24201,24201,row24201
24202,24202,row24202
24203,24203,row24203
24204,24204,row24204
24205,24205,row24205
24206,24206,row24206
24207,24207,row24207
24208,24208,row24208
24209,24209,row24209
24210,24210,row24210
24211,24211,row24211
24212,24212,row24212
24213,24213,row24213
24214,24214,row24214
24215,24215,row24215
24216,24216,row24216
24217,24217,row24217
24218,24218,row24218
24219,24219,row24219
24220,24220,row24220
24221,24221,row24221
24222,24222,row24222
24223,24223,row24223
24224,24224,row24224
24225,24225,row24225
24226,24226,row24226
24227,24227,row24227
24228,24228,row24228
24229,24229,row24229
24230,24230,row24230
24231,24231,row24231
24232,24232,row24232
24233,24233,row24233
24234,24234,row24234
24235,24235,row24235
24236,24236,row24236
24237,24237,row24237
24238,24238,row24238
24239,24239,row24239
24240,24240,row24240
24241,24241,row24241
24242,24242,row24242
24243,24243,row24243
24244,24244,row24244
24245,24245,row24245
24246,24246,row24246
24247,24247,row24247
24248,24248,row24248
24249,24249,row24249
24250,24250,row24250
24251,24251,row24251
24252,24252,row24252
24253,24253,row24253
24254,24254,row24254
24255,24255,row24255
24256,24256,row24256
24257,24257,row24257
24258,24258,row24258
24259,24259,row24259
24260,24260,row24260
24261,24261,row24261
24262,24262,row24262
24263,24263,row24263
24264,24264,row24264
24265,24265,row24265
24266,24266,row24266
24267,24267,row24267
24268,24268,row24268
24269,24269,row24269
24270,24270,row24270
24271,24271,row24271
24272,24272,row24272
24273,24273,row24273
24274,24274,row24274
24275,24275,row24275
24276,24276,row24276
24277,24277,row24277
24278,24278,row24278
24279,24279,row24279
24280,24280,row24280
24281,24281,row24281
24282,24282,row24282
24283,24283,row24283
24284,24284,row24284
24285,24285,row24285
24286,24286,row24286
24287,24287,row24287
24288,24288,row24288
24289,24289,row24289
24290,24290,row24290
24291,24291,row24291
24292,24292,row24292
24293,24293,row24293
24294,24294,row24294
24295,24295,row24295
24296,24296,row24296
24297,24297,row24297
24298,24298,row24298
24299,24299,row24299
24300,24300,row24300
24301,24301,row24301
24302,24302,row24302
24303,24303,row24303
24304,24304,row24304
24305,24305,row24305
24306,24306,row24306
24307,24307,row24307
24308,24308,row24308
24309,24309,row24309
24310,24310,row24310
24311,24311,row24311
24312,24312,row24312
24313,24313,row24313
24314,24314,row24314
24315,24315,row24315
24316,24316,row24316
24317,24317,row24317
24318,24318,row24318
24319,24319,row24319
24320,24320,row24320
24321,24321,row24321
24322,24322,row24322
24323,24323,row24323
24324,24324,row24324
24325,24325,row24325
24326,24326,row24326
24327,24327,row24327
24328,24328,row24328
24329,24329,row24329
24330,24330,row24330
24331,24331,row24331
24332,24332,row24332
24333,24333,row24333
24334,24334,row24334
24335,24335,row24335
24336,24336,row24336
24337,24337,row24337
24338,24338,row24338
24339,24339,row24339
24340,24340,row24340
24341,24341,row24341
24342,24342,row24342
24343,24343,row24343
24344,24344,row24344
24345,24345,row24345
24346,24346,row24346
24347,24347,row24347
24348,24348,row24348
24349,24349,row24349
24350,24350,row24350
24351,24351,row24351
24352,24352,row24352
24353,24353,row24353
24354,24354,row24354
24355,24355,row24355
24356,24356,row24356
24357,24357,row24357
24358,24358,row24358
24359,24359,row24359
24360,24360,row24360
24361,24361,row24361
24362,24362,row24362
24363,24363,row24363
24364,24364,row24364
24365,24365,row24365
24366,24366,row24366
24367,24367,row24367
24368,24368,row24368
24369,24369,row24369
24370,24370,row24370
24371,24371,row24371
24372,24372,row24372
24373,24373,row24373
24374,24374,row24374
24375,24375,row24375
24376,24376,row24376
24377,24377,row24377
24378,24378,row24378
24379,24379,row24379
24380,24380,row24380
24381,24381,row24381
24382,24382,row24382
24383,24383,row24383
24384,24384,row24384
24385,24385,row24385
24386,24386,row24386
24387,24387,row24387
24388,24388,row24388
24389,24389,row24389
24390,24390,row24390
24391,24391,row24391
24392,24392,row24392
24393,24393,row24393
24394,24394,row24394
24395,24395,row24395
24396,24396,row24396
24397,24397,row24397
24398,24398,row24398
24399,24399,row24399
24400,24400,row24400
24401,24401,row24401
24402,24402,row24402
24403,24403,row24403
24404,24404,row24404
24405,24405,row24405
24406,24406,row24406
24407,24407,row24407
24408,24408,row24408
24409,24409,row24409
24410,24410,row24410
24411,24411,row24411
24412,24412,row24412
24413,24413,row24413
24414,24414,row24414
24415,24415,row24415
24416,24416,row24416
24417,24417,row24417
24418,24418,row24418
24419,24419,row24419
24420,24420,row24420
24421,24421,row24421
24422,24422,row24422
24423,24423,row24423
24424,24424,row24424
24425,24425,row24425
24426,24426,row24426
24427,24427,row24427
24428,24428,row24428
24429,24429,row24429
24430,24430,row24430
24431,24431,row24431
24432,24432,row24432
24433,24433,row24433
24434,24434,row24434
24435,24435,row24435
24436,24436,row24436
24437,24437,row24437
24438,24438,row24438
24439,24439,row24439
24440,24440,row24440
24441,24441,row24441
24442,24442,row24442
24443,24443,row24443
24444,24444,row24444
24445,24445,row24445
24446,24446,row24446
24447,24447,row24447
24448,24448,row24448
24449,24449,row24449
24450,24450,row24450
24451,24451,row24451
24452,24452,row24452
24453,24453,row24453
24454,24454,row24454
24455,24455,row24455
24456,24456,row24456
24457,24457,row24457
24458,24458,row24458
24459,24459,row24459
24460,24460,row24460
24461,24461,row24461
24462,24462,row24462
24463,24463,row24463
24464,24464,row24464
24465,24465,row24465
24466,24466,row24466
24467,24467,row24467
24468,24468,row24468
24469,24469,row24469
24470,24470,row24470
24471,24471,row24471
24472,24472,row24472
24473,24473,row24473
24474,24474,row24474
24475,24475,row24475
24476,24476,row24476
24477,24477,row24477
24478,24478,row24478
24479,24479,row24479
24480,24480,row24480
24481,24481,row24481
24482,24482,row24482
24483,24483,row24483
24484,24484,row24484
24485,24485,row24485
24486,24486,row24486
24487,24487,row24487
24488,24488,row24488
24489,24489,row24489
24490,24490,row24490
24491,24491,row24491
24492,24492,row24492
24493,24493,row24493
24494,24494,row24494
24495,24495,row24495
24496,24496,row24496
24497,24497,row24497
24498,24498,row24498
24499,24499,row24499
24500,unknown,row24500
24501,24501,row24501
24502,24502,row24502
24503,24503,row24503
24504,24504,row24504
24505,24505,row24505
24506,24506,row24506
24507,24507,row24507
24508,24508,row24508
24509,24509,row24509
24510,24510,row24510
24511,24511,row24511
24512,24512,row24512
24513,24513,row24513
24514,24514,row24514
24515,24515,row24515
24516,24516,row24516
24517,24517,row24517
24518,24518,row24518
24519,24519,row24519
24520,24520,row24520
24521,24521,row24521
24522,24522,row24522
24523,24523,row24523
24524,24524,row24524
24525,24525,row24525
24526,24526,row24526
24527,24527,row24527
24528,24528,row24528
24529,24529,row24529
24530,24530,row24530
24531,24531,row24531
24532,24532,row24532
24533,24533,row24533
24534,24534,row24534
24535,24535,row24535
24536,24536,row24536
24537,24537,row24537
24538,24538,row24538
24539,24539,row24539
24540,24540,row24540
24541,24541,row24541
24542,24542,row24542
24543,24543,row24543
24544,24544,row24544
24545,24545,row24545
24546,24546,row24546
24547,24547,row24547
24548,24548,row24548
24549,24549,row24549
24550,24550,row24550
24551,24551,row24551
24552,24552,row24552
24553,24553,row24553
24554,24554,row24554
24555,24555,row24555
24556,24556,row24556
24557,24557,row24557
24558,24558,row24558
24559,24559,row24559
24560,24560,row24560
24561,24561,row24561
24562,24562,row24562
24563,24563,row24563
24564,24564,row24564
24565,24565,row24565
24566,24566,row24566
24567,24567,row24567
24568,24568,row24568
24569,24569,row24569
24570,24570,row24570
24571,24571,row24571
24572,24572,row24572
24573,24573,row24573
24574,24574,row24574
24575,24575,row24575
24576,24576,row24576
24577,24577,row24577
24578,24578,row24578
24579,24579,row24579
24580,24580,row24580
24581,24581,row24581
24582,24582,row24582
24583,24583,row24583
24584,24584,row24584
24585,24585,row24585
24586,24586,row24586
24587,24587,row24587
24588,24588,row24588
24589,24589,row24589
24590,24590,row24590
24591,24591,row24591
24592,24592,row24592
24593,24593,row24593
24594,24594,row24594
24595,24595,row24595
24596,24596,row24596
24597,24597,row24597
24598,24598,row24598
24599,24599,row24599
24600,24600,row24600
24601,24601,row24601
24602,24602,row24602
24603,24603,row24603
24604,24604,row24604
24605,24605,row24605
24606,24606,row24606
24607,24607,row24607
24608,24608,row24608
24609,24609,row24609
24610,24610,row24610
24611,24611,row24611
24612,24612,row24612
24613,24613,row24613
24614,24614,row24614
24615,24615,row24615
24616,24616,row24616
24617,24617,row24617
24618,24618,row24618
24619,24619,row24619
24620,24620,row24620
24621,24621,row24621
24622,24622,row24622
24623,24623,row24623
24624,24624,row24624
24625,24625,row24625
24626,24626,row24626
24627,24627,row24627
24628,24628,row24628
24629,24629,row24629
24630,24630,row24630
24631,24631,row24631
24632,24632,row24632
24633,24633,row24633
24634,24634,row24634
24635,24635,row24635
24636,24636,row24636
24637,24637,row24637
24638,24638,row24638
24639,24639,row24639
24640,24640,row24640
24641,24641,row24641
24642,24642,row24642
24643,24643,row24643
24644,24644,row24644
24645,24645,row24645
24646,24646,row24646
24647,24647,row24647
24648,24648,row24648
24649,24649,row24649
24650,24650,row24650
24651,24651,row24651
24652,24652,row24652
24653,24653,row24653
24654,24654,row24654
24655,24655,row24655
24656,24656,row24656
24657,24657,row24657
24658,24658,row24658
24659,24659,row24659
24660,24660,row24660
24661,24661,row24661
24662,24662,row24662
24663,24663,row24663
24664,24664,row24664
24665,24665,row24665
24666,24666,row24666
24667,24667,row24667
24668,24668,row24668
24669,24669,row24669
24670,24670,row24670
24671,24671,row24671
24672,24672,row24672
24673,24673,row24673
24674,24674,row24674
24675,24675,row24675
24676,24676,row24676
24677,24677,row24677
24678,24678,row24678
24679,24679,row24679
24680,24680,row24680
24681,24681,row24681
24682,24682,row24682
24683,24683,row24683
24684,24684,row24684
24685,24685,row24685
24686,24686,row24686
24687,24687,row24687
24688,24688,row24688
24689,24689,row24689
24690,24690,row24690
24691,24691,row24691
24692,24692,row24692
24693,24693,row24693
24694,24694,row24694
24695,24695,row24695
24696,24696,row24696
24697,24697,row24697
24698,24698,row24698
24699,24699,row24699
24700,24700,row24700
24701,24701,row24701
24702,24702,row24702
24703,24703,row24703
24704,24704,row24704
24705,24705,row24705
24706,24706,row24706
24707,24707,row24707
24708,24708,row24708
24709,24709,row24709
24710,24710,row24710
24711,24711,row24711
24712,24712,row24712
24713,24713,row24713
24714,24714,row24714
24715,24715,row24715
24716,24716,row24716
24717,24717,row24717
24718,24718,row24718
24719,24719,row24719
24720,24720,row24720
24721,24721,row24721
24722,24722,row24722
24723,24723,row24723
24724,24724,row24724
24725,24725,row24725
24726,24726,row24726
24727,24727,row24727
24728,24728,row24728
24729,24729,row24729
24730,24730,row24730
24731,24731,row24731
24732,24732,row24732
24733,24733,row24733
24734,24734,row24734
24735,24735,row24735
24736,24736,row24736
24737,24737,row24737
24738,24738,row24738
24739,24739,row24739
24740,24740,row24740
24741,24741,row24741
24742,24742,row24742
24743,24743,row24743
24744,24744,row24744
24745,24745,row24745
24746,24746,row24746
24747,24747,row24747
24748,24748,row24748
24749,24749,row24749
24750,24750,row24750
24751,24751,row24751
24752,24752,row24752
24753,24753,row24753
24754,24754,row24754
24755,24755,row24755
24756,24756,row24756
24757,24757,row24757
24758,24758,row24758
24759,24759,row24759
24760,24760,row24760
24761,24761,row24761
24762,24762,row24762
24763,24763,row24763
24764,24764,row24764
24765,24765,row24765
24766,24766,row24766
24767,24767,row24767
24768,24768,row24768
24769,24769,row24769
24770,24770,row24770
24771,24771,row24771
24772,24772,row24772
24773,24773,row24773
24774,24774,row24774
24775,24775,row24775
24776,24776,row24776
24777,24777,row24777
24778,24778,row24778
24779,24779,row24779
24780,24780,row24780
24781,24781,row24781
24782,24782,row24782
24783,24783,row24783
24784,24784,row24784
24785,24785,row24785
24786,24786,row24786
24787,24787,row24787
24788,24788,row24788
24789,24789,row24789
24790,24790,row24790
24791,24791,row24791
24792,24792,row24792
24793,24793,row24793
24794,24794,row24794
24795,24795,row24795
24796,24796,row24796
24797,24797,row24797
24798,24798,row24798
24799,24799,row24799
24800,24800,row24800
24801,24801,row24801
24802,24802,row24802
24803,24803,row24803
24804,24804,row24804
24805,24805,row24805
24806,24806,row24806
24807,24807,row24807
24808,24808,row24808
24809,24809,row24809
24810,24810,row24810
24811,24811,row24811
24812,24812,row24812
24813,24813,row24813
24814,24814,row24814
24815,24815,row24815
24816,24816,row24816
24817,24817,row24817
24818,24818,row24818
24819,24819,row24819
24820,24820,row24820
24821,24821,row24821
24822,24822,row24822
24823,24823,row24823
24824,24824,row24824
24825,24825,row24825
24826,24826,row24826
24827,24827,row24827
24828,24828,row24828
24829,24829,row24829
24830,24830,row24830
24831,24831,row24831
24832,24832,row24832
24833,24833,row24833
24834,24834,row24834
24835,24835,row24835
24836,24836,row24836
24837,24837,row24837
24838,24838,row24838
24839,24839,row24839
24840,24840,row24840
24841,24841,row24841
24842,24842,row24842
24843,24843,row24843
24844,24844,row24844
24845,24845,row24845
24846,24846,row24846
24847,24847,row24847
24848,24848,row24848
24849,24849,row24849
24850,24850,row24850
24851,24851,row24851
24852,24852,row24852
24853,24853,row24853
24854,24854,row24854
24855,24855,row24855
24856,24856,row24856
24857,24857,row24857
24858,24858,row24858
24859,24859,row24859
24860,24860,row24860
24861,24861,row24861
24862,24862,row24862
24863,24863,row24863
24864,24864,row24864
24865,24865,row24865
24866,24866,row24866
24867,24867,row24867
24868,24868,row24868
24869,24869,row24869
24870,24870,row24870
24871,24871,row24871
24872,24872,row24872
24873,24873,row24873
24874,24874,row24874
24875,24875,row24875
24876,24876,row24876
24877,24877,row24877
24878,24878,row24878
24879,24879,row24879
24880,24880,row24880
24881,24881,row24881
24882,24882,row24882
24883,24883,row24883
24884,24884,row24884
24885,24885,row24885
24886,24886,row24886
24887,24887,row24887
24888,24888,row24888
24889,24889,row24889
24890,24890,row24890
24891,24891,row24891
24892,24892,row24892
24893,24893,row24893
24894,24894,row24894
24895,24895,row24895
24896,24896,row24896
24897,24897,row24897
24898,24898,row24898
24899,24899,row24899
24900,24900,row24900
24901,24901,row24901
24902,24902,row24902
24903,24903,row24903
24904,24904,row24904
24905,24905,row24905
24906,24906,row24906
24907,24907,row24907
24908,24908,row24908
24909,24909,row24909
24910,24910,row24910
24911,24911,row24911
24912,24912,row24912
24913,24913,row24913
24914,24914,row24914
24915,24915,row24915
24916,24916,row24916
24917,24917,row24917
24918,24918,row24918
24919,24919,row24919
24920,24920,row24920
24921,24921,row24921
24922,24922,row24922
24923,24923,row24923
24924,24924,row24924
24925,24925,row24925
24926,24926,row24926
24927,24927,row24927
24928,24928,row24928
24929,24929,row24929
24930,24930,row24930
24931,24931,row24931
24932,24932,row24932
24933,24933,row24933
24934,24934,row24934
24935,24935,row24935
24936,24936,row24936
24937,24937,row24937
24938,24938,row24938
24939,24939,row24939
24940,24940,row24940
24941,24941,row24941
24942,24942,row24942
24943,24943,row24943
24944,24944,row24944
24945,24945,row24945
24946,24946,row24946
24947,24947,row24947
24948,24948,row24948
24949,24949,row24949
24950,24950,row24950
24951,24951,row24951
24952,24952,row24952
24953,24953,row24953
24954,24954,row24954
24955,24955,row24955
24956,24956,row24956
24957,24957,row24957
24958,24958,row24958
24959,24959,row24959
24960,24960,row24960
24961,24961,row24961
24962,24962,row24962
24963,24963,row24963
24964,24964,row24964
24965,24965,row24965
24966,24966,row24966
24967,24967,row24967
24968,24968,row24968
24969,24969,row24969
24970,24970,row24970
24971,24971,row24971
24972,24972,row24972
24973,24973,row24973
24974,24974,row24974
24975,24975,row24975
24976,24976,row24976
24977,24977,row24977
24978,24978,row24978
24979,24979,row24979
24980,24980,row24980
24981,24981,row24981
24982,24982,row24982
24983,24983,row24983
24984,24984,row24984
24985,24985,row24985
24986,24986,row24986
24987,24987,row24987
24988,24988,row24988
24989,24989,row24989
24990,24990,row24990
24991,24991,row24991
24992,24992,row24992
24993,24993,row24993
24994,24994,row24994
24995,24995,row24995
24996,24996,row24996
24997,24997,row24997
24998,24998,row24998
24999,24999,row24999
25000,25000,row25000
